date,rain,batatinha,duda_mendonca
2024-03-01,False,True,True
2024-03-02,False,True,True
2024-03-03,False,True,True
2024-03-04,True,True,True
2024-03-05,True,True,True
2024-03-06,False,True,True
2024-03-07,True,True,True
2024-03-08,False,True,True
2024-03-09,True,True,True
2024-03-10,False,True,True
2024-03-11,False,True,True
2024-03-12,False,True,True
2024-03-13,True,True,True
2024-03-14,True,True,True
2024-03-15,True,True,True
2024-03-16,False,True,True
2024-03-17,False,True,True
2024-03-18,False,True,True
2024-03-19,False,True,True
2024-03-20,False,True,True
2024-03-21,False,True,True
2024-03-22,False,True,True
2024-03-23,False,True,True
2024-03-24,False,True,True
2024-03-25,True,True,True
2024-03-26,True,True,True
2024-03-27,False,True,True
2024-03-28,True,True,True
2024-03-29,False,True,True
2024-03-30,False,True,True
2024-03-31,False,True,True
2024-04-01,False,True,True
2024-04-02,True,True,True
2024-04-03,True,True,True
2024-04-04,True,True,True
2024-04-05,True,True,True
2024-04-06,True,True,True
2024-04-07,True,True,True
2024-04-08,True,True,True
2024-04-09,True,True,True
2024-04-10,True,True,True
2024-04-11,True,True,True
2024-04-12,True,True,True
2024-04-13,True,True,True
2024-04-14,True,True,True
2024-04-15,True,True,True
2024-04-16,True,True,True
2024-04-17,True,True,True
2024-04-18,False,True,True
2024-04-19,True,True,True
2024-04-20,True,True,True
2024-04-21,True,True,True
2024-04-22,True,True,True
2024-04-23,True,True,True
2024-04-24,True,True,True
2024-04-25,True,True,True
2024-04-26,True,True,True
2024-04-27,True,True,True
2024-04-28,False,True,True
2024-04-29,False,True,True
2024-04-30,False,True,True
2024-05-27,True,True,True
2024-05-28,True,True,True
2024-05-29,True,True,True
2024-06-01,True,True,True
2024-06-02,True,True,True
2024-06-03,True,True,True
2024-06-04,True,True,True
2024-06-05,True,True,True
2024-07-01,True,True,True
2024-07-02,False,True,True
2024-07-03,True,True,True
2024-07-04,False,True,True
2024-07-05,True,True,True
2024-07-06,True,True,True
2024-07-07,True,True,True
2024-07-08,False,True,True
2024-07-09,False,True,True
2024-07-10,True,True,True
2024-07-11,False,True,True
2024-07-12,True,True,True
2024-08-26,True,True,True
2024-08-27,False,True,True
2024-08-28,True,False,True
2024-08-29,True,False,True
2024-08-30,True,False,True
2024-09-01,True,False,True
2024-09-02,False,False,True
2024-09-03,False,False,True
2024-09-04,False,False,True
2024-09-05,False,False,True
2024-09-06,False,False,True
2024-09-07,False,False,True
2024-09-08,False,False,True
2024-09-10,False,False,True
2024-09-11,True,False,True
2024-09-12,True,False,True
2024-09-13,True,False,True
2024-09-14,True,False,True
2024-09-15,False,False,True
2024-09-16,False,False,True
2024-09-17,False,False,True
2024-09-18,False,False,True
2024-09-19,False,False,True
2024-09-20,False,False,True
2024-09-21,True,False,True
2024-10-01,False,False,True
2024-10-04,True,False,True
2024-10-05,False,False,True
2024-10-07,False,False,True
2024-10-08,False,False,True
2024-10-09,False,False,True
2024-10-10,False,False,True
2024-10-11,False,False,True
2024-11-01,False,False,True
2024-11-02,False,False,True
2024-11-03,True,False,True
2024-11-04,False,False,True
2024-11-05,True,False,True
2024-11-06,False,False,True
2024-11-07,True,False,True
2024-11-08,True,False,True
2024-11-11,True,False,True
2024-11-12,True,False,True
2024-11-14,False,False,True
2024-11-15,True,False,True
2024-11-17,False,False,True
2024-11-18,True,False,True
2024-11-19,False,False,True
2024-11-21,True,False,True
2024-11-22,False,False,True
2024-11-26,True,False,True
2024-11-30,False,False,True
2024-12-09,False,False,True
2024-12-10,False,False,True
2024-12-11,False,False,True
2024-12-12,False,False,True
2024-12-13,False,False,True
2024-12-14,False,False,True
2024-12-15,True,False,True
2024-12-16,False,False,True
2024-12-17,False,False,True
2024-12-18,False,False,True
2024-12-19,False,False,True
2025-01-01,False,False,True
2025-01-02,False,False,True
2025-01-03,False,False,True
2025-01-04,False,False,True
2025-01-05,False,False,True
2025-01-06,False,False,True
2025-01-07,False,False,True
2025-01-08,False,False,True
2025-01-09,False,False,True
2025-01-10,True,False,True
2025-01-11,True,False,True
2025-01-12,True,False,True
2025-01-13,False,False,True
2025-01-14,False,False,True
2025-01-15,False,False,True
2025-01-16,True,False,True
2025-01-17,False,False,True
2025-01-18,False,False,True
2025-01-19,False,False,True
2025-01-20,False,False,True
2025-01-21,False,False,True
2025-01-23,False,False,True
2025-01-24,False,False,True
2025-01-25,True,False,True
2025-01-26,False,False,True
2025-01-27,False,False,True
2025-01-28,False,False,True
2025-01-29,False,False,True
2025-01-30,False,False,True
2025-02-03,False,False,True
2025-02-04,False,False,True
2025-02-05,True,False,True
2025-02-06,True,False,True
2025-02-07,True,False,True
2025-03-10,False,False,True
2025-03-11,True,False,True
2025-03-12,False,False,True
2025-03-13,True,False,True
2025-03-14,False,False,True
