algo,variant,mean,std,count,metric,mean_std,scenario
happo,BASELINE,14.845691948612517,0.054246324455013824,5,Occupancy Percentage,14.846 ± 0.054,baseline
happo,BASELINE,0.8740933931942205,1.857454850940228e-05,5,efficiency,0.874 ± 0.0,baseline
happo,BASELINE,0.6073089238413103,0.0006306670587454475,5,occupancy,0.607 ± 0.001,baseline
happo,BASELINE,0.1808798173504069,0.00016166149603592832,5,sync,0.181 ± 0.0,baseline
happo,BASELINE,0.9909425155610494,3.0841262674457167e-06,5,uptime,0.991 ± 0.0,baseline
hatrpo,BASELINE,13.083402670508097,0.11300200476174793,5,Occupancy Percentage,13.083 ± 0.113,baseline
hatrpo,BASELINE,0.9407476060264954,0.0006765850436014574,5,efficiency,0.941 ± 0.001,baseline
hatrpo,BASELINE,0.4997527912360356,0.0057350825942392245,5,occupancy,0.5 ± 0.006,baseline
hatrpo,BASELINE,0.14435501464289197,0.002798265075029596,5,sync,0.144 ± 0.003,baseline
hatrpo,BASELINE,0.9648718188338353,0.009293585207894636,5,uptime,0.965 ± 0.009,baseline
ia2c,BASELINE,10.693167179191828,0.008959986411354082,5,Occupancy Percentage,10.693 ± 0.009,baseline
ia2c,BASELINE,0.9623378722144483,4.7601110750211065e-05,5,efficiency,0.962 ± 0.0,baseline
ia2c,BASELINE,0.4627501617784353,0.00020554858906347845,5,occupancy,0.463 ± 0.0,baseline
ia2c,BASELINE,0.32578115430377724,0.0002586254438522629,5,sync,0.326 ± 0.0,baseline
ia2c,BASELINE,0.7480619543032409,0.001131342509238967,5,uptime,0.748 ± 0.001,baseline
ippo,BASELINE,12.292091174523053,0.0,5,Occupancy Percentage,12.292 ± 0.0,baseline
ippo,BASELINE,0.9640955015381649,0.0,5,efficiency,0.964 ± 0.0,baseline
ippo,BASELINE,0.5067186187968775,0.0,5,occupancy,0.507 ± 0.0,baseline
ippo,BASELINE,0.23640452083720906,1.962615573354719e-17,5,sync,0.236 ± 0.0,baseline
ippo,BASELINE,0.7770616140174721,7.850462293418876e-17,5,uptime,0.777 ± 0.0,baseline
itrpo,BASELINE,12.570054568538131,0.0,5,Occupancy Percentage,12.57 ± 0.0,baseline
itrpo,BASELINE,0.957101531930886,0.0,5,efficiency,0.957 ± 0.0,baseline
itrpo,BASELINE,0.5032271796287378,5.551115123125783e-17,5,occupancy,0.503 ± 0.0,baseline
itrpo,BASELINE,0.18430633338769892,1.3877787807814457e-17,5,sync,0.184 ± 0.0,baseline
itrpo,BASELINE,0.8773456173364819,0.0,5,uptime,0.877 ± 0.0,baseline
maa2c,BASELINE,10.656359470848006,0.0012534039591620865,5,Occupancy Percentage,10.656 ± 0.001,baseline
maa2c,BASELINE,0.9619961293756271,1.9292297268570898e-05,5,efficiency,0.962 ± 0.0,baseline
maa2c,BASELINE,0.4639729355633587,9.623243670001267e-05,5,occupancy,0.464 ± 0.0,baseline
maa2c,BASELINE,0.32480049585524584,7.855429328276357e-05,5,sync,0.325 ± 0.0,baseline
maa2c,BASELINE,0.7580458077323436,0.0003893761441890483,5,uptime,0.758 ± 0.0,baseline
mappo,BASELINE,12.606372160271988,0.0,5,Occupancy Percentage,12.606 ± 0.0,baseline
mappo,BASELINE,0.9633457481121501,0.0,5,efficiency,0.963 ± 0.0,baseline
mappo,BASELINE,0.5088066265625036,0.0,5,occupancy,0.509 ± 0.0,baseline
mappo,BASELINE,0.23350675110254665,0.0,5,sync,0.234 ± 0.0,baseline
mappo,BASELINE,0.7864451777241358,5.551115123125783e-17,5,uptime,0.786 ± 0.0,baseline
matrpo,BASELINE,12.831820887526154,0.0,5,Occupancy Percentage,12.832 ± 0.0,baseline
matrpo,BASELINE,0.9572294620241937,5.551115123125783e-17,5,efficiency,0.957 ± 0.0,baseline
matrpo,BASELINE,0.5134811460920127,0.0,5,occupancy,0.513 ± 0.0,baseline
matrpo,BASELINE,0.1949366669947959,1.3877787807814457e-17,5,sync,0.195 ± 0.0,baseline
matrpo,BASELINE,0.8704585534589748,7.850462293418876e-17,5,uptime,0.87 ± 0.0,baseline
happo,TIMESFM,15.392823684550061,0.02543529275002326,5,Occupancy Percentage,15.393 ± 0.025,timesfm
happo,TIMESFM,0.8708054985046699,1.2519590493685073e-05,5,efficiency,0.871 ± 0.0,timesfm
happo,TIMESFM,-0.07520188369133937,0.00014696287206156597,5,occupancy,-0.075 ± 0.0,timesfm
happo,TIMESFM,0.1802108664713591,0.0005461793120736753,5,sync,0.18 ± 0.001,timesfm
happo,TIMESFM,0.9910796625701515,2.7482024837179523e-06,5,uptime,0.991 ± 0.0,timesfm
hatrpo,TIMESFM,3.9695561318061507,0.3743347546779173,5,Occupancy Percentage,3.97 ± 0.374,timesfm
hatrpo,TIMESFM,0.18385148670173793,0.01339084096220965,5,efficiency,0.184 ± 0.013,timesfm
hatrpo,TIMESFM,-0.01916671559714262,0.001525885023200959,5,occupancy,-0.019 ± 0.002,timesfm
hatrpo,TIMESFM,0.034978669325129275,0.0030047237595096452,5,sync,0.035 ± 0.003,timesfm
hatrpo,TIMESFM,0.25198057057983353,0.017916168492539537,5,uptime,0.252 ± 0.018,timesfm
ia2c,TIMESFM,7.685158533576685,0.022120797293792443,5,Occupancy Percentage,7.685 ± 0.022,timesfm
ia2c,TIMESFM,0.21977719754764324,0.0007059784005877805,5,efficiency,0.22 ± 0.001,timesfm
ia2c,TIMESFM,-0.048743454748306304,0.0001199059069127652,5,occupancy,-0.049 ± 0.0,timesfm
ia2c,TIMESFM,0.09274352762403516,0.0002068512767939154,5,sync,0.093 ± 0.0,timesfm
ia2c,TIMESFM,0.6143615779277007,0.0015415110465912703,5,uptime,0.614 ± 0.002,timesfm
ippo,TIMESFM,2.1713277676549794,0.0,5,Occupancy Percentage,2.171 ± 0.0,timesfm
ippo,TIMESFM,0.10045262476870956,0.0,5,efficiency,0.1 ± 0.0,timesfm
ippo,TIMESFM,-0.018139949786890635,1.734723475976807e-18,5,occupancy,-0.018 ± 0.0,timesfm
ippo,TIMESFM,0.022339512052691808,0.0,5,sync,0.022 ± 0.0,timesfm
ippo,TIMESFM,0.20252400159456352,1.962615573354719e-17,5,uptime,0.203 ± 0.0,timesfm
itrpo,TIMESFM,5.657116261538958,1.8501295489519307,5,Occupancy Percentage,5.657 ± 1.85,timesfm
itrpo,TIMESFM,0.25053233541637226,0.06600703601437817,5,efficiency,0.251 ± 0.066,timesfm
itrpo,TIMESFM,-0.028448646528021877,0.006363550731288008,5,occupancy,-0.028 ± 0.006,timesfm
itrpo,TIMESFM,0.04953197580431064,0.011085782430975574,5,sync,0.05 ± 0.011,timesfm
itrpo,TIMESFM,0.3725087640863417,0.09783424546917659,5,uptime,0.373 ± 0.098,timesfm
maa2c,TIMESFM,7.1226241530919365,0.009318720837736423,5,Occupancy Percentage,7.123 ± 0.009,timesfm
maa2c,TIMESFM,0.21089384011077522,0.00016232346372800372,5,efficiency,0.211 ± 0.0,timesfm
maa2c,TIMESFM,-0.04454957390756983,2.767636124069306e-05,5,occupancy,-0.045 ± 0.0,timesfm
maa2c,TIMESFM,0.08439290741816921,0.00018618731336531892,5,sync,0.084 ± 0.0,timesfm
maa2c,TIMESFM,0.5605396718927238,0.00024043688764382432,5,uptime,0.561 ± 0.0,timesfm
mappo,TIMESFM,2.2885439789632542,0.0,5,Occupancy Percentage,2.289 ± 0.0,timesfm
mappo,TIMESFM,0.09647036111753486,1.2018516789897274e-17,5,efficiency,0.096 ± 0.0,timesfm
mappo,TIMESFM,-0.01914003816215655,0.0,5,occupancy,-0.019 ± 0.0,timesfm
mappo,TIMESFM,0.031033436250470087,2.4532694666933987e-18,5,sync,0.031 ± 0.0,timesfm
mappo,TIMESFM,0.21714763490300362,0.0,5,uptime,0.217 ± 0.0,timesfm
matrpo,TIMESFM,4.246332446934048,6.280369834735101e-16,5,Occupancy Percentage,4.246 ± 0.0,timesfm
matrpo,TIMESFM,0.18106199762502384,0.0,5,efficiency,0.181 ± 0.0,timesfm
matrpo,TIMESFM,-0.020547632573435757,0.0,5,occupancy,-0.021 ± 0.0,timesfm
matrpo,TIMESFM,0.03809524610651481,4.9065389333867974e-18,5,sync,0.038 ± 0.0,timesfm
matrpo,TIMESFM,0.2718463979409626,3.925231146709438e-17,5,uptime,0.272 ± 0.0,timesfm
happo,,15.326815739377455,0.0064299506456925596,5,Occupancy Percentage,15.327 ± 0.006,tfm_Prev3
happo,,0.8718146587375799,3.943106146397151e-05,5,efficiency,0.872 ± 0.0,tfm_Prev3
happo,,-0.28579736300208924,1.8009580247576566e-05,5,occupancy,-0.286 ± 0.0,tfm_Prev3
happo,,0.18100707777363775,0.0002178991168253784,5,sync,0.181 ± 0.0,tfm_Prev3
happo,,0.9910691544779884,9.327659924561736e-07,5,uptime,0.991 ± 0.0,tfm_Prev3
hatrpo,,3.773822706487664,0.30941348250071216,5,Occupancy Percentage,3.774 ± 0.309,tfm_Prev3
hatrpo,,0.1793395165540137,0.01306451410881248,5,efficiency,0.179 ± 0.013,tfm_Prev3
hatrpo,,-0.07986890056682842,0.006059591662053767,5,occupancy,-0.08 ± 0.006,tfm_Prev3
hatrpo,,0.0416727635898141,0.0033594051655869697,5,sync,0.042 ± 0.003,tfm_Prev3
hatrpo,,0.2724016907572203,0.020994485739026434,5,uptime,0.272 ± 0.021,tfm_Prev3
ia2c,,3.8764636392351606,0.014495043828822905,5,Occupancy Percentage,3.876 ± 0.014,tfm_Prev3
ia2c,,0.13233192172142588,0.00045314083538116213,5,efficiency,0.132 ± 0.0,tfm_Prev3
ia2c,,-0.11803728516092331,0.0003100482590093524,5,occupancy,-0.118 ± 0.0,tfm_Prev3
ia2c,,0.06097626018854493,0.00019857015645615792,5,sync,0.061 ± 0.0,tfm_Prev3
ia2c,,0.3924975442409814,0.0010518119373462823,5,uptime,0.392 ± 0.001,tfm_Prev3
ippo,,3.1145970525015523,0.0,5,Occupancy Percentage,3.115 ± 0.0,tfm_Prev3
ippo,,0.1299505378087865,0.0,5,efficiency,0.13 ± 0.0,tfm_Prev3
ippo,,-0.09660040400580161,6.938893903907228e-18,5,occupancy,-0.097 ± 0.0,tfm_Prev3
ippo,,0.03953135181446039,6.009258394948637e-18,5,sync,0.04 ± 0.0,tfm_Prev3
ippo,,0.3190984141855779,3.925231146709438e-17,5,uptime,0.319 ± 0.0,tfm_Prev3
itrpo,,4.397749906935425,0.0,5,Occupancy Percentage,4.398 ± 0.0,tfm_Prev3
itrpo,,0.22277142742102324,0.0,5,efficiency,0.223 ± 0.0,tfm_Prev3
itrpo,,-0.10993380684335541,1.5515838457795457e-17,5,occupancy,-0.11 ± 0.0,tfm_Prev3
itrpo,,0.05652316440422199,6.009258394948637e-18,5,sync,0.057 ± 0.0,tfm_Prev3
itrpo,,0.3663336322394394,0.0,5,uptime,0.366 ± 0.0,tfm_Prev3
maa2c,,3.8657528183704235,0.010577071852125844,5,Occupancy Percentage,3.866 ± 0.011,tfm_Prev3
maa2c,,0.1340315851961535,0.0005144547132506866,5,efficiency,0.134 ± 0.001,tfm_Prev3
maa2c,,-0.10865924570485552,0.0004972055110469485,5,occupancy,-0.109 ± 0.0,tfm_Prev3
maa2c,,0.06080194675892954,0.00035545938980033277,5,sync,0.061 ± 0.0,tfm_Prev3
maa2c,,0.3637150129104706,0.0016105988325943183,5,uptime,0.364 ± 0.002,tfm_Prev3
mappo,,3.1450574108386937,0.0,5,Occupancy Percentage,3.145 ± 0.0,tfm_Prev3
mappo,,0.13465974596988464,0.0,5,efficiency,0.135 ± 0.0,tfm_Prev3
mappo,,-0.09780312575970095,1.2018516789897274e-17,5,occupancy,-0.098 ± 0.0,tfm_Prev3
mappo,,0.03680458215268336,6.938893903907228e-18,5,sync,0.037 ± 0.0,tfm_Prev3
mappo,,0.3217901413020982,0.0,5,uptime,0.322 ± 0.0,tfm_Prev3
matrpo,,4.086082303040564,0.0,5,Occupancy Percentage,4.086 ± 0.0,tfm_Prev3
matrpo,,0.18649875984890102,0.0,5,efficiency,0.186 ± 0.0,tfm_Prev3
matrpo,,-0.08986504289876816,0.0,5,occupancy,-0.09 ± 0.0,tfm_Prev3
matrpo,,0.044040809633079214,0.0,5,sync,0.044 ± 0.0,tfm_Prev3
matrpo,,0.30637373630209075,0.0,5,uptime,0.306 ± 0.0,tfm_Prev3
happo,,15.320276731472486,0.01907875964443972,5,Occupancy Percentage,15.32 ± 0.019,tfm_gamma85
happo,,0.8717977215615458,3.710119762317652e-05,5,efficiency,0.872 ± 0.0,tfm_gamma85
happo,,-0.28582409654840696,5.768141181672856e-05,5,occupancy,-0.286 ± 0.0,tfm_gamma85
happo,,0.18109227898481,0.0002447270388720037,5,sync,0.181 ± 0.0,tfm_gamma85
happo,,0.9910695461472837,5.42907217006635e-07,5,uptime,0.991 ± 0.0,tfm_gamma85
hatrpo,,3.8860889107114893,0.27450994634793935,5,Occupancy Percentage,3.886 ± 0.275,tfm_gamma85
hatrpo,,0.18279228949772683,0.008836962400639732,5,efficiency,0.183 ± 0.009,tfm_gamma85
hatrpo,,-0.08105646705746,0.0038974043149760276,5,occupancy,-0.081 ± 0.004,tfm_gamma85
hatrpo,,0.041592209917493954,0.0019183286622114154,5,sync,0.042 ± 0.002,tfm_gamma85
hatrpo,,0.2766276752487017,0.013397713852040031,5,uptime,0.277 ± 0.013,tfm_gamma85
ia2c,,3.869981258567543,0.0,5,Occupancy Percentage,3.87 ± 0.0,tfm_gamma85
ia2c,,0.1321292709791672,0.0,5,efficiency,0.132 ± 0.0,tfm_gamma85
ia2c,,-0.11789862736423325,0.0,5,occupancy,-0.118 ± 0.0,tfm_gamma85
ia2c,,0.06088745691491717,0.0,5,sync,0.061 ± 0.0,tfm_gamma85
ia2c,,0.39202715964269097,0.0,5,uptime,0.392 ± 0.0,tfm_gamma85
ippo,,3.1145970525015523,0.0,5,Occupancy Percentage,3.115 ± 0.0,tfm_gamma85
ippo,,0.1299505378087865,0.0,5,efficiency,0.13 ± 0.0,tfm_gamma85
ippo,,-0.09660040400580161,6.938893903907228e-18,5,occupancy,-0.097 ± 0.0,tfm_gamma85
ippo,,0.03953135181446039,3.469446951953614e-18,5,sync,0.04 ± 0.0,tfm_gamma85
ippo,,0.31909841418557794,2.7755575615628914e-17,5,uptime,0.319 ± 0.0,tfm_gamma85
itrpo,,4.397749906935425,0.0,5,Occupancy Percentage,4.398 ± 0.0,tfm_gamma85
itrpo,,0.22277142742102324,0.0,5,efficiency,0.223 ± 0.0,tfm_gamma85
itrpo,,-0.10993380684335541,1.5515838457795457e-17,5,occupancy,-0.11 ± 0.0,tfm_gamma85
itrpo,,0.05652316440422198,0.0,5,sync,0.057 ± 0.0,tfm_gamma85
itrpo,,0.3663336322394394,0.0,5,uptime,0.366 ± 0.0,tfm_gamma85
maa2c,,3.8657528183704235,0.010577071852125844,5,Occupancy Percentage,3.866 ± 0.011,tfm_gamma85
maa2c,,0.1340097085299469,0.00048304322768414086,5,efficiency,0.134 ± 0.0,tfm_gamma85
maa2c,,-0.10860284463940302,0.0004098758548783745,5,occupancy,-0.109 ± 0.0,tfm_gamma85
maa2c,,0.06072347369058029,0.0002198192357740818,5,sync,0.061 ± 0.0,tfm_gamma85
maa2c,,0.3635400022716382,0.0013409623421664879,5,uptime,0.364 ± 0.001,tfm_gamma85
mappo,,3.1450574108386937,0.0,5,Occupancy Percentage,3.145 ± 0.0,tfm_gamma85
mappo,,0.13465974596988467,1.3877787807814457e-17,5,efficiency,0.135 ± 0.0,tfm_gamma85
mappo,,-0.09780312575970095,0.0,5,occupancy,-0.098 ± 0.0,tfm_gamma85
mappo,,0.03680458215268336,3.469446951953614e-18,5,sync,0.037 ± 0.0,tfm_gamma85
mappo,,0.3217901413020982,0.0,5,uptime,0.322 ± 0.0,tfm_gamma85
matrpo,,4.086082303040564,0.0,5,Occupancy Percentage,4.086 ± 0.0,tfm_gamma85
matrpo,,0.18649875984890102,0.0,5,efficiency,0.186 ± 0.0,tfm_gamma85
matrpo,,-0.08986504289876816,0.0,5,occupancy,-0.09 ± 0.0,tfm_gamma85
matrpo,,0.044040809633079214,0.0,5,sync,0.044 ± 0.0,tfm_gamma85
matrpo,,0.30637373630209075,0.0,5,uptime,0.306 ± 0.0,tfm_gamma85
happo,,15.326612464190285,0.029994868839327504,5,Occupancy Percentage,15.327 ± 0.03,tfm_gamma95
happo,,0.871820585085036,3.472849214347944e-05,5,efficiency,0.872 ± 0.0,tfm_gamma95
happo,,-0.28579234345119814,0.00010256267566532744,5,occupancy,-0.286 ± 0.0,tfm_gamma95
happo,,0.1811770232601311,0.00033657063530692194,5,sync,0.181 ± 0.0,tfm_gamma95
happo,,0.9910689363482797,6.523962359901065e-07,5,uptime,0.991 ± 0.0,tfm_gamma95
hatrpo,,3.811052892336657,0.5509331988502406,5,Occupancy Percentage,3.811 ± 0.551,tfm_gamma95
hatrpo,,0.1769114635918164,0.022995666319874958,5,efficiency,0.177 ± 0.023,tfm_gamma95
hatrpo,,-0.0784618397768696,0.009635788392169374,5,occupancy,-0.078 ± 0.01,tfm_gamma95
hatrpo,,0.040375783435382236,0.004784101224397855,5,sync,0.04 ± 0.005,tfm_gamma95
hatrpo,,0.2682617747181037,0.03373399204469676,5,uptime,0.268 ± 0.034,tfm_gamma95
ia2c,,3.869981258567543,0.0,5,Occupancy Percentage,3.87 ± 0.0,tfm_gamma95
ia2c,,0.1321292709791672,0.0,5,efficiency,0.132 ± 0.0,tfm_gamma95
ia2c,,-0.11789862736423325,0.0,5,occupancy,-0.118 ± 0.0,tfm_gamma95
ia2c,,0.06088745691491717,0.0,5,sync,0.061 ± 0.0,tfm_gamma95
ia2c,,0.39202715964269097,0.0,5,uptime,0.392 ± 0.0,tfm_gamma95
ippo,,3.1145970525015523,0.0,5,Occupancy Percentage,3.115 ± 0.0,tfm_gamma95
ippo,,0.1299505378087865,2.7755575615628914e-17,5,efficiency,0.13 ± 0.0,tfm_gamma95
ippo,,-0.09660040400580162,9.813077866773595e-18,5,occupancy,-0.097 ± 0.0,tfm_gamma95
ippo,,0.03953135181446039,0.0,5,sync,0.04 ± 0.0,tfm_gamma95
ippo,,0.31909841418557794,0.0,5,uptime,0.319 ± 0.0,tfm_gamma95
itrpo,,4.397749906935425,0.0,5,Occupancy Percentage,4.398 ± 0.0,tfm_gamma95
itrpo,,0.22277142742102324,1.3877787807814457e-17,5,efficiency,0.223 ± 0.0,tfm_gamma95
itrpo,,-0.10993380684335541,0.0,5,occupancy,-0.11 ± 0.0,tfm_gamma95
itrpo,,0.05652316440422199,6.938893903907228e-18,5,sync,0.057 ± 0.0,tfm_gamma95
itrpo,,0.3663336322394394,0.0,5,uptime,0.366 ± 0.0,tfm_gamma95
maa2c,,3.861890617806582,0.008636143003487654,5,Occupancy Percentage,3.862 ± 0.009,tfm_gamma95
maa2c,,0.13383332608191176,0.00039440314384439916,5,efficiency,0.134 ± 0.0,tfm_gamma95
maa2c,,-0.10845317913840731,0.0003346622341130345,5,occupancy,-0.108 ± 0.0,tfm_gamma95
maa2c,,0.06064320705457561,0.00017948165443168278,5,sync,0.061 ± 0.0,tfm_gamma95
maa2c,,0.3630503520559251,0.001094891167531783,5,uptime,0.363 ± 0.001,tfm_gamma95
mappo,,3.1450574108386937,0.0,5,Occupancy Percentage,3.145 ± 0.0,tfm_gamma95
mappo,,0.13465974596988467,1.3877787807814457e-17,5,efficiency,0.135 ± 0.0,tfm_gamma95
mappo,,-0.09780312575970095,9.813077866773595e-18,5,occupancy,-0.098 ± 0.0,tfm_gamma95
mappo,,0.03680458215268336,0.0,5,sync,0.037 ± 0.0,tfm_gamma95
mappo,,0.3217901413020982,0.0,5,uptime,0.322 ± 0.0,tfm_gamma95
matrpo,,4.086082303040564,0.0,5,Occupancy Percentage,4.086 ± 0.0,tfm_gamma95
matrpo,,0.18649875984890102,0.0,5,efficiency,0.186 ± 0.0,tfm_gamma95
matrpo,,-0.08986504289876816,0.0,5,occupancy,-0.09 ± 0.0,tfm_gamma95
matrpo,,0.044040809633079214,0.0,5,sync,0.044 ± 0.0,tfm_gamma95
matrpo,,0.30637373630209075,0.0,5,uptime,0.306 ± 0.0,tfm_gamma95
happo,,15.336663559179405,0.008032211532911717,5,Occupancy Percentage,15.337 ± 0.008,tfm_gamma75
happo,,0.8718041435254333,1.6232424109180934e-05,5,efficiency,0.872 ± 0.0,tfm_gamma75
happo,,-0.28577672804631254,3.6950895018849646e-05,5,occupancy,-0.286 ± 0.0,tfm_gamma75
happo,,0.18108916603372743,0.0003058389464099286,5,sync,0.181 ± 0.0,tfm_gamma75
happo,,0.9910690729378923,8.310288780030934e-07,5,uptime,0.991 ± 0.0,tfm_gamma75
hatrpo,,3.8280924275020625,0.16249994036004248,5,Occupancy Percentage,3.828 ± 0.162,tfm_gamma75
hatrpo,,0.18235060143358411,0.005169384739160423,5,efficiency,0.182 ± 0.005,tfm_gamma75
hatrpo,,-0.08131800786273494,0.0029967630204556167,5,occupancy,-0.081 ± 0.003,tfm_gamma75
hatrpo,,0.04219839728776594,0.0012657713561360394,5,sync,0.042 ± 0.001,tfm_gamma75
hatrpo,,0.27665679562688567,0.00991523787719916,5,uptime,0.277 ± 0.01,tfm_gamma75
ia2c,,3.855144779753376,0.020315685301167126,5,Occupancy Percentage,3.855 ± 0.02,tfm_gamma75
ia2c,,0.13136767358607326,0.001044121987763883,5,efficiency,0.131 ± 0.001,tfm_gamma75
ia2c,,-0.11772513629123808,0.00023946944682429525,5,occupancy,-0.118 ± 0.0,tfm_gamma75
ia2c,,0.0609465388323253,0.00011456263233151497,5,sync,0.061 ± 0.0,tfm_gamma75
ia2c,,0.39138862047186984,0.0008791993893798248,5,uptime,0.391 ± 0.001,tfm_gamma75
ippo,,3.1145970525015523,0.0,5,Occupancy Percentage,3.115 ± 0.0,tfm_gamma75
ippo,,0.1299505378087865,1.3877787807814457e-17,5,efficiency,0.13 ± 0.0,tfm_gamma75
ippo,,-0.09660040400580161,6.938893903907228e-18,5,occupancy,-0.097 ± 0.0,tfm_gamma75
ippo,,0.03953135181446039,0.0,5,sync,0.04 ± 0.0,tfm_gamma75
ippo,,0.31909841418557794,0.0,5,uptime,0.319 ± 0.0,tfm_gamma75
itrpo,,4.397749906935425,0.0,5,Occupancy Percentage,4.398 ± 0.0,tfm_gamma75
itrpo,,0.22277142742102324,1.3877787807814457e-17,5,efficiency,0.223 ± 0.0,tfm_gamma75
itrpo,,-0.10993380684335541,1.5515838457795457e-17,5,occupancy,-0.11 ± 0.0,tfm_gamma75
itrpo,,0.05652316440422199,7.757919228897728e-18,5,sync,0.057 ± 0.0,tfm_gamma75
itrpo,,0.3663336322394394,0.0,5,uptime,0.366 ± 0.0,tfm_gamma75
maa2c,,3.8567334926217667,0.026320863563466117,5,Occupancy Percentage,3.857 ± 0.026,tfm_gamma75
maa2c,,0.1337516506156937,0.0008910020362542285,5,efficiency,0.134 ± 0.001,tfm_gamma75
maa2c,,-0.10843663248881827,0.0006561339309672735,5,occupancy,-0.108 ± 0.001,tfm_gamma75
maa2c,,0.060609577560527164,0.0003986131391314923,5,sync,0.061 ± 0.0,tfm_gamma75
maa2c,,0.36296273886266345,0.002208535936645094,5,uptime,0.363 ± 0.002,tfm_gamma75
mappo,,3.1450574108386937,0.0,5,Occupancy Percentage,3.145 ± 0.0,tfm_gamma75
mappo,,0.13465974596988464,0.0,5,efficiency,0.135 ± 0.0,tfm_gamma75
mappo,,-0.09780312575970095,9.813077866773595e-18,5,occupancy,-0.098 ± 0.0,tfm_gamma75
mappo,,0.03680458215268336,0.0,5,sync,0.037 ± 0.0,tfm_gamma75
mappo,,0.3217901413020982,0.0,5,uptime,0.322 ± 0.0,tfm_gamma75
matrpo,,4.086082303040564,0.0,5,Occupancy Percentage,4.086 ± 0.0,tfm_gamma75
matrpo,,0.18649875984890102,0.0,5,efficiency,0.186 ± 0.0,tfm_gamma75
matrpo,,-0.08986504289876816,0.0,5,occupancy,-0.09 ± 0.0,tfm_gamma75
matrpo,,0.044040809633079214,0.0,5,sync,0.044 ± 0.0,tfm_gamma75
matrpo,,0.30637373630209075,0.0,5,uptime,0.306 ± 0.0,tfm_gamma75
