algo,variant,group,seed,mean_reward,scenario
happo,BASELINE,happo-BASELINE,happo-BASELINE-1,1389.000161214447,baseline
happo,BASELINE,happo-BASELINE,happo-BASELINE-2,1389.0362856628783,baseline
happo,BASELINE,happo-BASELINE,happo-BASELINE-3,1389.8233129611265,baseline
happo,BASELINE,happo-BASELINE,happo-BASELINE-4,1388.723857993834,baseline
happo,BASELINE,happo-BASELINE,happo-BASELINE-5,1389.4818565139653,baseline
hatrpo,BASELINE,hatrpo-BASELINE,hatrpo-BASELINE-1,2421.0972933631765,baseline
hatrpo,BASELINE,hatrpo-BASELINE,hatrpo-BASELINE-2,2468.776682334273,baseline
hatrpo,BASELINE,hatrpo-BASELINE,hatrpo-BASELINE-3,2501.213827008856,baseline
hatrpo,BASELINE,hatrpo-BASELINE,hatrpo-BASELINE-4,2448.7107382373306,baseline
hatrpo,BASELINE,hatrpo-BASELINE,hatrpo-BASELINE-5,2446.8269438549346,baseline
ia2c,BASELINE,ia2c-BASELINE,ia2c-BASELINE-1,3503.427108540826,baseline
ia2c,BASELINE,ia2c-BASELINE,ia2c-BASELINE-2,3494.2304671825023,baseline
ia2c,BASELINE,ia2c-BASELINE,ia2c-BASELINE-3,3491.938954114971,baseline
ia2c,BASELINE,ia2c-BASELINE,ia2c-BASELINE-4,3495.518803295178,baseline
ia2c,BASELINE,ia2c-BASELINE,ia2c-BASELINE-5,3492.515062548902,baseline
ippo,BASELINE,ippo-BASELINE,ippo-BASELINE-1,4032.626705436737,baseline
ippo,BASELINE,ippo-BASELINE,ippo-BASELINE-2,4032.626705436737,baseline
ippo,BASELINE,ippo-BASELINE,ippo-BASELINE-3,4032.626705436737,baseline
ippo,BASELINE,ippo-BASELINE,ippo-BASELINE-4,4032.626705436737,baseline
ippo,BASELINE,ippo-BASELINE,ippo-BASELINE-5,4032.626705436737,baseline
itrpo,BASELINE,itrpo-BASELINE,itrpo-BASELINE-1,3333.8342929276423,baseline
itrpo,BASELINE,itrpo-BASELINE,itrpo-BASELINE-2,3333.8342929276423,baseline
itrpo,BASELINE,itrpo-BASELINE,itrpo-BASELINE-3,3333.8342929276423,baseline
itrpo,BASELINE,itrpo-BASELINE,itrpo-BASELINE-4,3333.8342929276423,baseline
itrpo,BASELINE,itrpo-BASELINE,itrpo-BASELINE-5,3333.8342929276423,baseline
maa2c,BASELINE,maa2c-BASELINE,maa2c-BASELINE-1,3465.121659781711,baseline
maa2c,BASELINE,maa2c-BASELINE,maa2c-BASELINE-2,3484.7592333716625,baseline
maa2c,BASELINE,maa2c-BASELINE,maa2c-BASELINE-3,3469.184349046163,baseline
maa2c,BASELINE,maa2c-BASELINE,maa2c-BASELINE-4,3475.828614490652,baseline
maa2c,BASELINE,maa2c-BASELINE,maa2c-BASELINE-5,3465.42298362166,baseline
mappo,BASELINE,mappo-BASELINE,mappo-BASELINE-1,3990.9946689700587,baseline
mappo,BASELINE,mappo-BASELINE,mappo-BASELINE-2,3990.9946689700587,baseline
mappo,BASELINE,mappo-BASELINE,mappo-BASELINE-3,3990.9946689700587,baseline
mappo,BASELINE,mappo-BASELINE,mappo-BASELINE-4,3990.9946689700587,baseline
mappo,BASELINE,mappo-BASELINE,mappo-BASELINE-5,3990.9946689700587,baseline
matrpo,BASELINE,matrpo-BASELINE,matrpo-BASELINE-1,3457.2743829757687,baseline
matrpo,BASELINE,matrpo-BASELINE,matrpo-BASELINE-2,3457.2743829757687,baseline
matrpo,BASELINE,matrpo-BASELINE,matrpo-BASELINE-3,3457.2743829757687,baseline
matrpo,BASELINE,matrpo-BASELINE,matrpo-BASELINE-4,3457.2743829757687,baseline
matrpo,BASELINE,matrpo-BASELINE,matrpo-BASELINE-5,3457.2743829757687,baseline
happo,TIMESFM,happo-TIMESFM,happo-TIMESFM-1,-175.81716365499574,timesfm
happo,TIMESFM,happo-TIMESFM,happo-TIMESFM-2,-175.7462722933658,timesfm
happo,TIMESFM,happo-TIMESFM,happo-TIMESFM-3,-176.0109832858137,timesfm
happo,TIMESFM,happo-TIMESFM,happo-TIMESFM-4,-175.59798280351572,timesfm
happo,TIMESFM,happo-TIMESFM,happo-TIMESFM-5,-175.64450239369717,timesfm
hatrpo,TIMESFM,hatrpo-TIMESFM,hatrpo-TIMESFM-1,-30.51482267436014,timesfm
hatrpo,TIMESFM,hatrpo-TIMESFM,hatrpo-TIMESFM-2,-38.9962555397523,timesfm
hatrpo,TIMESFM,hatrpo-TIMESFM,hatrpo-TIMESFM-3,-31.72781479018258,timesfm
hatrpo,TIMESFM,hatrpo-TIMESFM,hatrpo-TIMESFM-4,-41.773264654287544,timesfm
hatrpo,TIMESFM,hatrpo-TIMESFM,hatrpo-TIMESFM-5,-33.51206801394607,timesfm
ia2c,TIMESFM,ia2c-TIMESFM,ia2c-TIMESFM-1,-32.43531276522596,timesfm
ia2c,TIMESFM,ia2c-TIMESFM,ia2c-TIMESFM-2,-32.07975766938382,timesfm
ia2c,TIMESFM,ia2c-TIMESFM,ia2c-TIMESFM-3,-32.07975766938382,timesfm
ia2c,TIMESFM,ia2c-TIMESFM,ia2c-TIMESFM-4,-32.43531276522596,timesfm
ia2c,TIMESFM,ia2c-TIMESFM,ia2c-TIMESFM-5,-32.07975766938382,timesfm
ippo,TIMESFM,ippo-TIMESFM,ippo-TIMESFM-1,-37.17884409972864,timesfm
ippo,TIMESFM,ippo-TIMESFM,ippo-TIMESFM-2,-37.17884409972864,timesfm
ippo,TIMESFM,ippo-TIMESFM,ippo-TIMESFM-3,-37.17884409972864,timesfm
ippo,TIMESFM,ippo-TIMESFM,ippo-TIMESFM-4,-37.17884409972864,timesfm
ippo,TIMESFM,ippo-TIMESFM,ippo-TIMESFM-5,-37.17884409972864,timesfm
itrpo,TIMESFM,itrpo-TIMESFM,itrpo-TIMESFM-1,-29.341780872230167,timesfm
itrpo,TIMESFM,itrpo-TIMESFM,itrpo-TIMESFM-2,-35.83490840847006,timesfm
itrpo,TIMESFM,itrpo-TIMESFM,itrpo-TIMESFM-3,-35.83490840847006,timesfm
itrpo,TIMESFM,itrpo-TIMESFM,itrpo-TIMESFM-4,-35.83490840847006,timesfm
itrpo,TIMESFM,itrpo-TIMESFM,itrpo-TIMESFM-5,-29.341780872230167,timesfm
maa2c,TIMESFM,maa2c-TIMESFM,maa2c-TIMESFM-1,-34.63570287460056,timesfm
maa2c,TIMESFM,maa2c-TIMESFM,maa2c-TIMESFM-2,-34.529588290975106,timesfm
maa2c,TIMESFM,maa2c-TIMESFM,maa2c-TIMESFM-3,-34.631559181972364,timesfm
maa2c,TIMESFM,maa2c-TIMESFM,maa2c-TIMESFM-4,-34.63570287460056,timesfm
maa2c,TIMESFM,maa2c-TIMESFM,maa2c-TIMESFM-5,-34.52548915418162,timesfm
mappo,TIMESFM,mappo-TIMESFM,mappo-TIMESFM-1,-30.77611227729238,timesfm
mappo,TIMESFM,mappo-TIMESFM,mappo-TIMESFM-2,-30.77611227729238,timesfm
mappo,TIMESFM,mappo-TIMESFM,mappo-TIMESFM-3,-30.77611227729238,timesfm
mappo,TIMESFM,mappo-TIMESFM,mappo-TIMESFM-4,-30.77611227729238,timesfm
mappo,TIMESFM,mappo-TIMESFM,mappo-TIMESFM-5,-30.77611227729238,timesfm
matrpo,TIMESFM,matrpo-TIMESFM,matrpo-TIMESFM-1,-28.1593231473976,timesfm
matrpo,TIMESFM,matrpo-TIMESFM,matrpo-TIMESFM-2,-28.1593231473976,timesfm
matrpo,TIMESFM,matrpo-TIMESFM,matrpo-TIMESFM-3,-28.1593231473976,timesfm
matrpo,TIMESFM,matrpo-TIMESFM,matrpo-TIMESFM-4,-28.1593231473976,timesfm
matrpo,TIMESFM,matrpo-TIMESFM,matrpo-TIMESFM-5,-28.1593231473976,timesfm
happo,TFM-PREV3,happo-TFM-PREV3,happo-TFM-PREV3-1,-658.8467866464348,tfm_Prev3
happo,TFM-PREV3,happo-TFM-PREV3,happo-TFM-PREV3-2,-658.7762748882946,tfm_Prev3
happo,TFM-PREV3,happo-TFM-PREV3,happo-TFM-PREV3-3,-658.8146000861976,tfm_Prev3
happo,TFM-PREV3,happo-TFM-PREV3,happo-TFM-PREV3-4,-658.720487419678,tfm_Prev3
happo,TFM-PREV3,happo-TFM-PREV3,happo-TFM-PREV3-5,-658.7473503774523,tfm_Prev3
hatrpo,TFM-PREV3,hatrpo-TFM-PREV3,hatrpo-TFM-PREV3-1,-107.08762878549021,tfm_Prev3
hatrpo,TFM-PREV3,hatrpo-TFM-PREV3,hatrpo-TFM-PREV3-2,-105.65464523643517,tfm_Prev3
hatrpo,TFM-PREV3,hatrpo-TFM-PREV3,hatrpo-TFM-PREV3-3,-110.2245257729374,tfm_Prev3
hatrpo,TFM-PREV3,hatrpo-TFM-PREV3,hatrpo-TFM-PREV3-4,-107.08973519134459,tfm_Prev3
hatrpo,TFM-PREV3,hatrpo-TFM-PREV3,hatrpo-TFM-PREV3-5,-108.30559024459716,tfm_Prev3
ia2c,TFM-PREV3,ia2c-TFM-PREV3,ia2c-TFM-PREV3-1,-110.06046409960466,tfm_Prev3
ia2c,TFM-PREV3,ia2c-TFM-PREV3,ia2c-TFM-PREV3-2,-100.91377957655315,tfm_Prev3
ia2c,TFM-PREV3,ia2c-TFM-PREV3,ia2c-TFM-PREV3-3,-100.91377957655315,tfm_Prev3
ia2c,TFM-PREV3,ia2c-TFM-PREV3,ia2c-TFM-PREV3-4,-100.91377957655315,tfm_Prev3
ia2c,TFM-PREV3,ia2c-TFM-PREV3,ia2c-TFM-PREV3-5,-100.91377957655315,tfm_Prev3
ippo,TFM-PREV3,ippo-TFM-PREV3,ippo-TFM-PREV3-1,-111.18696603294133,tfm_Prev3
ippo,TFM-PREV3,ippo-TFM-PREV3,ippo-TFM-PREV3-2,-111.18696603294133,tfm_Prev3
ippo,TFM-PREV3,ippo-TFM-PREV3,ippo-TFM-PREV3-3,-111.18696603294133,tfm_Prev3
ippo,TFM-PREV3,ippo-TFM-PREV3,ippo-TFM-PREV3-4,-111.18696603294133,tfm_Prev3
ippo,TFM-PREV3,ippo-TFM-PREV3,ippo-TFM-PREV3-5,-111.18696603294133,tfm_Prev3
itrpo,TFM-PREV3,itrpo-TFM-PREV3,itrpo-TFM-PREV3-1,-107.35428513938712,tfm_Prev3
itrpo,TFM-PREV3,itrpo-TFM-PREV3,itrpo-TFM-PREV3-2,-107.35428513938712,tfm_Prev3
itrpo,TFM-PREV3,itrpo-TFM-PREV3,itrpo-TFM-PREV3-3,-107.35428513938712,tfm_Prev3
itrpo,TFM-PREV3,itrpo-TFM-PREV3,itrpo-TFM-PREV3-4,-107.35428513938712,tfm_Prev3
itrpo,TFM-PREV3,itrpo-TFM-PREV3,itrpo-TFM-PREV3-5,-107.35428513938712,tfm_Prev3
maa2c,TFM-PREV3,maa2c-TFM-PREV3,maa2c-TFM-PREV3-1,-102.39962919616156,tfm_Prev3
maa2c,TFM-PREV3,maa2c-TFM-PREV3,maa2c-TFM-PREV3-2,-102.39962919616156,tfm_Prev3
maa2c,TFM-PREV3,maa2c-TFM-PREV3,maa2c-TFM-PREV3-3,-105.92947488129866,tfm_Prev3
maa2c,TFM-PREV3,maa2c-TFM-PREV3,maa2c-TFM-PREV3-4,-100.11209813350914,tfm_Prev3
maa2c,TFM-PREV3,maa2c-TFM-PREV3,maa2c-TFM-PREV3-5,-102.39962919616156,tfm_Prev3
mappo,TFM-PREV3,mappo-TFM-PREV3,mappo-TFM-PREV3-1,-112.24665590166234,tfm_Prev3
mappo,TFM-PREV3,mappo-TFM-PREV3,mappo-TFM-PREV3-2,-112.24665590166234,tfm_Prev3
mappo,TFM-PREV3,mappo-TFM-PREV3,mappo-TFM-PREV3-3,-112.24665590166234,tfm_Prev3
mappo,TFM-PREV3,mappo-TFM-PREV3,mappo-TFM-PREV3-4,-112.24665590166234,tfm_Prev3
mappo,TFM-PREV3,mappo-TFM-PREV3,mappo-TFM-PREV3-5,-112.24665590166234,tfm_Prev3
matrpo_TFM,TFM-PREV3,matrpo_TFM-TFM-PREV3,matrpo_TFM-PREV3-1,-106.70417522991283,tfm_Prev3
matrpo_TFM,TFM-PREV3,matrpo_TFM-TFM-PREV3,matrpo_TFM-PREV3-2,-106.70417522991283,tfm_Prev3
matrpo_TFM,TFM-PREV3,matrpo_TFM-TFM-PREV3,matrpo_TFM-PREV3-3,-106.70417522991283,tfm_Prev3
matrpo_TFM,TFM-PREV3,matrpo_TFM-TFM-PREV3,matrpo_TFM-PREV3-4,-106.70417522991283,tfm_Prev3
matrpo_TFM,TFM-PREV3,matrpo_TFM-TFM-PREV3,matrpo_TFM-PREV3-5,-106.70417522991283,tfm_Prev3
happo,TFM-GAMMA85,happo-TFM-GAMMA85,happo-TFM-GAMMA85-1,-658.9835336660163,tfm_gamma85
happo,TFM-GAMMA85,happo-TFM-GAMMA85,happo-TFM-GAMMA85-2,-658.7065619001296,tfm_gamma85
happo,TFM-GAMMA85,happo-TFM-GAMMA85,happo-TFM-GAMMA85-3,-658.7766540057372,tfm_gamma85
happo,TFM-GAMMA85,happo-TFM-GAMMA85,happo-TFM-GAMMA85-4,-658.7375919038925,tfm_gamma85
happo,TFM-GAMMA85,happo-TFM-GAMMA85,happo-TFM-GAMMA85-5,-659.027980704349,tfm_gamma85
hatrpo,TFM-GAMMA85,hatrpo-TFM-GAMMA85,hatrpo-TFM-GAMMA85-1,-103.42945858904456,tfm_gamma85
hatrpo,TFM-GAMMA85,hatrpo-TFM-GAMMA85,hatrpo-TFM-GAMMA85-2,-113.2928158717827,tfm_gamma85
hatrpo,TFM-GAMMA85,hatrpo-TFM-GAMMA85,hatrpo-TFM-GAMMA85-3,-103.42945858904456,tfm_gamma85
hatrpo,TFM-GAMMA85,hatrpo-TFM-GAMMA85,hatrpo-TFM-GAMMA85-4,-107.08973519134459,tfm_gamma85
hatrpo,TFM-GAMMA85,hatrpo-TFM-GAMMA85,hatrpo-TFM-GAMMA85-5,-105.9376439029055,tfm_gamma85
ia2c,TFM-GAMMA85,ia2c-TFM-GAMMA85,ia2c-TFM-GAMMA85-1,-100.91377957655315,tfm_gamma85
ia2c,TFM-GAMMA85,ia2c-TFM-GAMMA85,ia2c-TFM-GAMMA85-2,-100.91377957655315,tfm_gamma85
ia2c,TFM-GAMMA85,ia2c-TFM-GAMMA85,ia2c-TFM-GAMMA85-3,-100.91377957655315,tfm_gamma85
ia2c,TFM-GAMMA85,ia2c-TFM-GAMMA85,ia2c-TFM-GAMMA85-4,-100.91377957655315,tfm_gamma85
ia2c,TFM-GAMMA85,ia2c-TFM-GAMMA85,ia2c-TFM-GAMMA85-5,-100.91377957655315,tfm_gamma85
ippo,TFM-GAMMA85,ippo-TFM-GAMMA85,ippo-TFM-GAMMA85-1,-111.18696603294133,tfm_gamma85
ippo,TFM-GAMMA85,ippo-TFM-GAMMA85,ippo-TFM-GAMMA85-2,-111.18696603294133,tfm_gamma85
ippo,TFM-GAMMA85,ippo-TFM-GAMMA85,ippo-TFM-GAMMA85-3,-111.18696603294133,tfm_gamma85
ippo,TFM-GAMMA85,ippo-TFM-GAMMA85,ippo-TFM-GAMMA85-4,-111.18696603294133,tfm_gamma85
ippo,TFM-GAMMA85,ippo-TFM-GAMMA85,ippo-TFM-GAMMA85-5,-111.18696603294133,tfm_gamma85
itrpo,TFM-GAMMA85,itrpo-TFM-GAMMA85,itrpo-TFM-GAMMA85-1,-107.35428513938712,tfm_gamma85
itrpo,TFM-GAMMA85,itrpo-TFM-GAMMA85,itrpo-TFM-GAMMA85-2,-107.35428513938712,tfm_gamma85
itrpo,TFM-GAMMA85,itrpo-TFM-GAMMA85,itrpo-TFM-GAMMA85-3,-107.35428513938712,tfm_gamma85
itrpo,TFM-GAMMA85,itrpo-TFM-GAMMA85,itrpo-TFM-GAMMA85-4,-107.35428513938712,tfm_gamma85
itrpo,TFM-GAMMA85,itrpo-TFM-GAMMA85,itrpo-TFM-GAMMA85-5,-107.35428513938712,tfm_gamma85
maa2c,TFM-GAMMA85,maa2c-TFM-GAMMA85,maa2c-TFM-GAMMA85-1,-100.11209813350914,tfm_gamma85
maa2c,TFM-GAMMA85,maa2c-TFM-GAMMA85,maa2c-TFM-GAMMA85-2,-102.39962919616156,tfm_gamma85
maa2c,TFM-GAMMA85,maa2c-TFM-GAMMA85,maa2c-TFM-GAMMA85-3,-100.11209813350914,tfm_gamma85
maa2c,TFM-GAMMA85,maa2c-TFM-GAMMA85,maa2c-TFM-GAMMA85-4,-102.39962919616156,tfm_gamma85
maa2c,TFM-GAMMA85,maa2c-TFM-GAMMA85,maa2c-TFM-GAMMA85-5,-102.39962919616156,tfm_gamma85
mappo,TFM-GAMMA85,mappo-TFM-GAMMA85,mappo-TFM-GAMMA85-1,-112.24665590166234,tfm_gamma85
mappo,TFM-GAMMA85,mappo-TFM-GAMMA85,mappo-TFM-GAMMA85-2,-112.24665590166234,tfm_gamma85
mappo,TFM-GAMMA85,mappo-TFM-GAMMA85,mappo-TFM-GAMMA85-3,-112.24665590166234,tfm_gamma85
mappo,TFM-GAMMA85,mappo-TFM-GAMMA85,mappo-TFM-GAMMA85-4,-112.24665590166234,tfm_gamma85
mappo,TFM-GAMMA85,mappo-TFM-GAMMA85,mappo-TFM-GAMMA85-5,-112.24665590166234,tfm_gamma85
matrpo,TFM-GAMMA85,matrpo-TFM-GAMMA85,matrpo-TFM-GAMMA85-1,-106.70417522991283,tfm_gamma85
matrpo,TFM-GAMMA85,matrpo-TFM-GAMMA85,matrpo-TFM-GAMMA85-2,-106.70417522991283,tfm_gamma85
matrpo,TFM-GAMMA85,matrpo-TFM-GAMMA85,matrpo-TFM-GAMMA85-3,-106.70417522991283,tfm_gamma85
matrpo,TFM-GAMMA85,matrpo-TFM-GAMMA85,matrpo-TFM-GAMMA85-4,-106.70417522991283,tfm_gamma85
matrpo,TFM-GAMMA85,matrpo-TFM-GAMMA85,matrpo-TFM-GAMMA85-5,-106.70417522991283,tfm_gamma85
happo,TFM-GAMMA95,happo-TFM-GAMMA95,happo-TFM-GAMMA95-1,-658.5219611848277,tfm_gamma95
happo,TFM-GAMMA95,happo-TFM-GAMMA95,happo-TFM-GAMMA95-2,-658.7762748882946,tfm_gamma95
happo,TFM-GAMMA95,happo-TFM-GAMMA95,happo-TFM-GAMMA95-3,-658.720487419678,tfm_gamma95
happo,TFM-GAMMA95,happo-TFM-GAMMA95,happo-TFM-GAMMA95-4,-658.8452058367242,tfm_gamma95
happo,TFM-GAMMA95,happo-TFM-GAMMA95,happo-TFM-GAMMA95-5,-659.027980704349,tfm_gamma95
hatrpo,TFM-GAMMA95,hatrpo-TFM-GAMMA95,hatrpo-TFM-GAMMA95-1,-103.13563485347964,tfm_gamma95
hatrpo,TFM-GAMMA95,hatrpo-TFM-GAMMA95,hatrpo-TFM-GAMMA95-2,-105.9376439029055,tfm_gamma95
hatrpo,TFM-GAMMA95,hatrpo-TFM-GAMMA95,hatrpo-TFM-GAMMA95-3,-113.2928158717827,tfm_gamma95
hatrpo,TFM-GAMMA95,hatrpo-TFM-GAMMA95,hatrpo-TFM-GAMMA95-4,-108.30559024459716,tfm_gamma95
hatrpo,TFM-GAMMA95,hatrpo-TFM-GAMMA95,hatrpo-TFM-GAMMA95-5,-106.20007702995528,tfm_gamma95
ia2c,TFM-GAMMA95,ia2c-TFM-GAMMA95,ia2c-TFM-GAMMA95-1,-100.91377957655315,tfm_gamma95
ia2c,TFM-GAMMA95,ia2c-TFM-GAMMA95,ia2c-TFM-GAMMA95-2,-100.91377957655315,tfm_gamma95
ia2c,TFM-GAMMA95,ia2c-TFM-GAMMA95,ia2c-TFM-GAMMA95-3,-100.91377957655315,tfm_gamma95
ia2c,TFM-GAMMA95,ia2c-TFM-GAMMA95,ia2c-TFM-GAMMA95-4,-100.91377957655315,tfm_gamma95
ia2c,TFM-GAMMA95,ia2c-TFM-GAMMA95,ia2c-TFM-GAMMA95-5,-100.91377957655315,tfm_gamma95
ippo,TFM-GAMMA95,ippo-TFM-GAMMA95,ippo-TFM-GAMMA95-1,-111.18696603294133,tfm_gamma95
ippo,TFM-GAMMA95,ippo-TFM-GAMMA95,ippo-TFM-GAMMA95-2,-111.18696603294133,tfm_gamma95
ippo,TFM-GAMMA95,ippo-TFM-GAMMA95,ippo-TFM-GAMMA95-3,-111.18696603294133,tfm_gamma95
ippo,TFM-GAMMA95,ippo-TFM-GAMMA95,ippo-TFM-GAMMA95-4,-111.18696603294133,tfm_gamma95
ippo,TFM-GAMMA95,ippo-TFM-GAMMA95,ippo-TFM-GAMMA95-5,-111.18696603294133,tfm_gamma95
itrpo,TFM-GAMMA95,itrpo-TFM-GAMMA95,itrpo-TFM-GAMMA95-1,-107.35428513938712,tfm_gamma95
itrpo,TFM-GAMMA95,itrpo-TFM-GAMMA95,itrpo-TFM-GAMMA95-2,-107.35428513938712,tfm_gamma95
itrpo,TFM-GAMMA95,itrpo-TFM-GAMMA95,itrpo-TFM-GAMMA95-3,-107.35428513938712,tfm_gamma95
itrpo,TFM-GAMMA95,itrpo-TFM-GAMMA95,itrpo-TFM-GAMMA95-4,-107.35428513938712,tfm_gamma95
itrpo,TFM-GAMMA95,itrpo-TFM-GAMMA95,itrpo-TFM-GAMMA95-5,-107.35428513938712,tfm_gamma95
maa2c,TFM-GAMMA95,maa2c-TFM-GAMMA95,maa2c-TFM-GAMMA95-1,-100.11209813350914,tfm_gamma95
maa2c,TFM-GAMMA95,maa2c-TFM-GAMMA95,maa2c-TFM-GAMMA95-2,-102.39962919616156,tfm_gamma95
maa2c,TFM-GAMMA95,maa2c-TFM-GAMMA95,maa2c-TFM-GAMMA95-3,-102.39962919616156,tfm_gamma95
maa2c,TFM-GAMMA95,maa2c-TFM-GAMMA95,maa2c-TFM-GAMMA95-4,-102.39962919616156,tfm_gamma95
maa2c,TFM-GAMMA95,maa2c-TFM-GAMMA95,maa2c-TFM-GAMMA95-5,-102.39962919616156,tfm_gamma95
mappo,TFM-GAMMA95,mappo-TFM-GAMMA95,mappo-TFM-GAMMA95-1,-112.24665590166234,tfm_gamma95
mappo,TFM-GAMMA95,mappo-TFM-GAMMA95,mappo-TFM-GAMMA95-2,-112.24665590166234,tfm_gamma95
mappo,TFM-GAMMA95,mappo-TFM-GAMMA95,mappo-TFM-GAMMA95-3,-112.24665590166234,tfm_gamma95
mappo,TFM-GAMMA95,mappo-TFM-GAMMA95,mappo-TFM-GAMMA95-4,-112.24665590166234,tfm_gamma95
mappo,TFM-GAMMA95,mappo-TFM-GAMMA95,mappo-TFM-GAMMA95-5,-112.24665590166234,tfm_gamma95
matrpo,TFM-GAMMA95,matrpo-TFM-GAMMA95,matrpo-TFM-GAMMA95-1,-106.70417522991283,tfm_gamma95
matrpo,TFM-GAMMA95,matrpo-TFM-GAMMA95,matrpo-TFM-GAMMA95-2,-106.70417522991283,tfm_gamma95
matrpo,TFM-GAMMA95,matrpo-TFM-GAMMA95,matrpo-TFM-GAMMA95-3,-106.70417522991283,tfm_gamma95
matrpo,TFM-GAMMA95,matrpo-TFM-GAMMA95,matrpo-TFM-GAMMA95-4,-106.70417522991283,tfm_gamma95
matrpo,TFM-GAMMA95,matrpo-TFM-GAMMA95,matrpo-TFM-GAMMA95-5,-106.70417522991283,tfm_gamma95
