trip_id,service_day,pt_sequence,y_true,y_pred_QRU,y_pred_LSTM
20002_1367_5,2024-03-01,1,6.663254737854004,6.663254737854004,6.663254737854004
20002_1367_5,2024-03-01,2,8.884340286254883,8.884340286254883,8.884340286254883
20002_1367_5,2024-03-01,3,11.105424880981445,7.568442181834648,12.48091752980184
20002_1367_5,2024-03-01,4,13.326509475708008,7.219666948545438,12.799530634764324
20002_1367_5,2024-03-01,5,19.989765167236328,7.402452828040488,13.47107290350068
20002_1367_5,2024-03-01,6,26.097747802734375,10.493419861706531,14.694640139249763
20002_1367_5,2024-03-01,7,25.248510360717773,12.424822706733522,16.495519623080135
20002_1367_5,2024-03-01,8,25.248510360717773,17.77576954649671,19.04927876060284
20002_1367_5,2024-03-01,9,25.248510360717773,23.43286441264566,21.254293703827816
20002_1367_5,2024-03-01,10,21.903432846069336,26.74319987319039,21.071014089384803
20002_1367_5,2024-03-01,11,20.443204879760742,26.24344845472016,19.86701284285247
20002_1367_5,2024-03-01,12,20.093517303466797,21.31024105610578,18.238304558785003
20002_1367_5,2024-03-01,13,20.093517303466797,20.401192738232986,17.98588345677034
20002_1367_5,2024-03-01,14,16.567094802856445,19.726727344351414,16.970218315970797
20002_1367_5,2024-03-01,15,19.89872169494629,20.213106565918196,16.392806036186506
20002_1367_5,2024-03-01,16,19.89872169494629,14.519081939280065,15.880240148826157
20002_1367_5,2024-03-01,17,19.89872169494629,16.033224439785293,16.607805453253263
20002_1367_5,2024-03-01,18,19.89872169494629,19.764116770244662,17.52573525553737
20002_1367_5,2024-03-01,19,19.89872169494629,19.80122340700659,17.551001650922046
20002_1367_5,2024-03-01,20,15.634710311889648,20.744283562910162,16.924709366486148
20002_1367_5,2024-03-01,21,15.634710311889648,20.32422478999336,16.084385483517288
20002_1367_5,2024-03-01,22,15.323915481567383,15.892335720673287,14.831660257335876
20002_1367_5,2024-03-01,23,18.655542373657227,15.531497463603966,14.719329745061462
20002_1367_5,2024-03-01,24,19.766084671020508,13.485594184461316,14.934613472144601
20002_1367_5,2024-03-01,25,20.87662696838379,14.664271351980254,16.115304601093236
20002_1367_5,2024-03-01,26,18.093076705932617,18.614288497953446,17.223936644119412
20002_1367_5,2024-03-01,27,18.093076705932617,19.543948212831058,17.036602764077998
20002_1367_5,2024-03-01,28,16.70130157470703,17.761455964717406,15.971900579034397
20002_1367_5,2024-03-01,29,16.70130157470703,17.458296755834922,15.402105964935432
20002_1367_5,2024-03-01,30,16.70130157470703,15.794664927136127,14.766512666890174
20002_1367_5,2024-03-01,31,17.811843872070312,15.71830200979067,14.578222301913677
20002_1367_5,2024-03-01,32,17.811843872070312,15.472838409287553,14.581005570133962
20002_1367_5,2024-03-01,33,6.850709438323975,17.836243221559474,13.870167680639753
20002_1367_5,2024-03-01,34,,18.021651236649273,12.98980456806271
20002_1367_5,2024-03-06,1,7.803855895996094,7.803855895996094,7.803855895996094
20002_1367_5,2024-03-06,2,8.918692588806152,8.918692588806152,8.918692588806152
20002_1367_5,2024-03-06,3,11.944677352905273,9.297760705392065,10.513770897935494
20002_1367_5,2024-03-06,4,14.17435073852539,8.579215038985364,10.844903990635448
20002_1367_5,2024-03-06,5,17.51885986328125,7.922490879324787,11.582912143936536
20002_1367_5,2024-03-06,6,17.51885986328125,12.485337492071707,13.147291336165345
20002_1367_5,2024-03-06,7,17.28609275817871,15.416592606064741,14.037036328601648
20002_1367_5,2024-03-06,8,17.28609275817871,18.695871441183343,14.839961087202358
20002_1367_5,2024-03-06,9,17.28609275817871,17.363598688771596,14.88383898662808
20002_1367_5,2024-03-06,10,15.956392288208008,18.77312383225398,14.935911240679962
20002_1367_5,2024-03-06,11,15.956392288208008,18.533779725268623,14.654356378308544
20002_1367_5,2024-03-06,12,15.956392288208008,16.97857113520535,14.27181506790689
20002_1367_5,2024-03-06,13,15.956392288208008,16.86800117758898,14.151971852980411
20002_1367_5,2024-03-06,14,14.626692771911621,17.042112998313293,13.803429311241796
20002_1367_5,2024-03-06,15,13.29699420928955,17.11306447663959,13.261308407713766
20002_1367_5,2024-03-06,16,13.29699420928955,15.543594283977306,12.667187264639232
20002_1367_5,2024-03-06,17,13.29699420928955,14.171740055183987,12.328152371861044
20002_1367_5,2024-03-06,18,13.29699420928955,14.188751944788926,12.288891225277577
20002_1367_5,2024-03-06,19,13.29699420928955,14.227591430110207,12.288192528952724
20002_1367_5,2024-03-06,20,14.196967124938965,14.527094507899182,12.20295710694992
20002_1367_5,2024-03-06,21,14.196967124938965,14.04134824243252,12.247283501176092
20002_1367_5,2024-03-06,22,16.4266414642334,12.965529876708416,12.346870211355224
20002_1367_5,2024-03-06,23,16.4266414642334,14.785057641131031,13.323522789546416
20002_1367_5,2024-03-06,24,17.54147720336914,14.956247983606936,13.876683178427912
20002_1367_5,2024-03-06,25,17.54147720336914,16.992763460319438,14.90915904583297
20002_1367_5,2024-03-06,26,16.1921329498291,17.24007004798754,14.88514762194387
20002_1367_5,2024-03-06,27,16.1921329498291,18.15861870982521,14.797979319905899
20002_1367_5,2024-03-06,28,16.1921329498291,16.51960335377425,14.030229087239698
20002_1367_5,2024-03-06,29,16.1921329498291,16.362112399654755,13.756370277482233
20002_1367_5,2024-03-06,30,16.1921329498291,16.238222388713552,13.48504405797662
20002_1367_5,2024-03-06,31,16.1921329498291,16.161102375463535,13.25394290738501
20002_1367_5,2024-03-06,32,17.306968688964844,16.135300760431385,13.09245891983132
20002_1367_5,2024-03-06,33,6.656526565551758,18.069547867456667,12.096251501110498
20002_1367_5,2024-03-06,34,,17.173964995299855,11.025774126827304
20002_1367_5,2024-03-07,1,10.0,10.0,10.0
20002_1367_5,2024-03-07,2,11.11111068725586,11.11111068725586,11.11111068725586
20002_1367_5,2024-03-07,3,13.05555534362793,10.495466169639421,11.541343135765988
20002_1367_5,2024-03-07,4,15.277777671813965,10.134025509988223,11.872760045846086
20002_1367_5,2024-03-07,5,16.11111068725586,10.265842178653479,12.435222914755144
20002_1367_5,2024-03-07,6,13.425926208496094,13.849334973816669,13.10493355295306
20002_1367_5,2024-03-07,7,14.074073791503906,15.312809911933533,13.091296541099442
20002_1367_5,2024-03-07,8,14.074073791503906,14.044652640218471,13.1597245542244
20002_1367_5,2024-03-07,9,15.185185432434082,11.738959239855056,13.288657582864936
20002_1367_5,2024-03-07,10,13.919753074645996,15.001549869502409,13.760920722970635
20002_1367_5,2024-03-07,11,13.919753074645996,14.88375123097437,13.721948501056588
20002_1367_5,2024-03-07,12,13.919753074645996,14.604745933163944,13.629119460775836
20002_1367_5,2024-03-07,13,13.919753074645996,14.493273520921734,13.52292384517764
20002_1367_5,2024-03-07,14,12.65432071685791,14.645737042575863,13.283801412474805
20002_1367_5,2024-03-07,15,12.65432071685791,14.468237262723232,13.005358611298487
20002_1367_5,2024-03-07,16,12.65432071685791,13.155388172227717,12.698669375077468
20002_1367_5,2024-03-07,17,12.65432071685791,13.149669494351418,12.620788178641224
20002_1367_5,2024-03-07,18,12.65432071685791,13.16668717536318,12.584374687244747
20002_1367_5,2024-03-07,19,12.65432071685791,13.20554031108933,12.593807633009316
20002_1367_5,2024-03-07,20,11.38888931274414,13.490606941320799,12.560988939048528
20002_1367_5,2024-03-07,21,12.34567928314209,13.65707090832943,12.383319641045155
20002_1367_5,2024-03-07,22,9.602194786071777,12.413518668637721,12.001058591260353
20002_1367_5,2024-03-07,23,9.602194786071777,11.1517043481498,11.73302503964107
20002_1367_5,2024-03-07,24,9.341564178466797,10.853195609292392,11.589827601426585
20002_1367_5,2024-03-07,25,11.563785552978516,10.451759692955953,11.452207738645512
20002_1367_5,2024-03-07,26,12.674897193908691,8.796844429648015,11.403842210334034
20002_1367_5,2024-03-07,27,12.674897193908691,9.63480805645803,11.950570696645581
20002_1367_5,2024-03-07,28,12.674897193908691,11.658337940486298,12.523890388253108
20002_1367_5,2024-03-07,29,12.674897193908691,12.596947907814709,12.618208366177605
20002_1367_5,2024-03-07,30,12.674897193908691,12.471263851303231,12.420545391686957
20002_1367_5,2024-03-07,31,12.674897193908691,12.39303852426847,12.2489921228251
20002_1367_5,2024-03-07,32,11.26657485961914,12.62639432617246,12.029323419630682
20002_1367_5,2024-03-07,33,5.63328742980957,13.575932874749917,11.57178014521632
20002_1367_5,2024-03-07,34,,11.715287976439246,10.951760587022818
20002_1367_5,2024-03-08,1,7.828042507171631,7.828042507171631,7.828042507171631
20002_1367_5,2024-03-08,2,8.946333885192871,8.946333885192871,8.946333885192871
20002_1367_5,2024-03-08,3,11.182917594909668,8.125892810439272,12.630199692628775
20002_1367_5,2024-03-08,4,9.785053253173828,8.26527064127048,12.992915089603432
20002_1367_5,2024-03-08,5,13.139927864074707,9.418667276865389,13.406471621969974
20002_1367_5,2024-03-08,6,14.258219718933105,9.83608047487973,13.873515227902512
20002_1367_5,2024-03-08,7,16.316892623901367,10.313897935801503,14.387831591675932
20002_1367_5,2024-03-08,8,16.316892623901367,13.020019847014876,15.154667043884892
20002_1367_5,2024-03-08,9,16.316892623901367,13.168104345374427,15.667453388992255
20002_1367_5,2024-03-08,10,19.671768188476562,16.595124417242204,16.196355089413245
20002_1367_5,2024-03-08,11,18.33108901977539,16.3188118884676,16.33245613088204
20002_1367_5,2024-03-08,12,17.021726608276367,16.329268546528294,16.39313613778903
20002_1367_5,2024-03-08,13,18.140018463134766,17.174727791059233,16.413897439513896
20002_1367_5,2024-03-08,14,18.140018463134766,16.660268350792773,16.382339091183475
20002_1367_5,2024-03-08,15,19.08088493347168,16.97990006325849,16.234340151545897
20002_1367_5,2024-03-08,16,19.08088493347168,17.60260072911412,16.400559360526877
20002_1367_5,2024-03-08,17,19.08088493347168,16.408450331665648,16.386937120467955
20002_1367_5,2024-03-08,18,19.08088493347168,18.909574512802934,16.930603237731557
20002_1367_5,2024-03-08,19,19.08088493347168,18.94689113648885,16.937044044137746
20002_1367_5,2024-03-08,20,20.04541015625,19.259474864292955,16.794967911000725
20002_1367_5,2024-03-08,21,20.04541015625,18.713125401711537,16.964633054711193
20002_1367_5,2024-03-08,22,20.04541015625,17.56470779132773,17.199360098697692
20002_1367_5,2024-03-08,23,19.910863876342773,20.34708531195178,17.948876126548633
20002_1367_5,2024-03-08,24,21.029155731201172,19.932589674780957,17.908682074451793
20002_1367_5,2024-03-08,25,21.029155731201172,18.31437742191641,17.955209763121367
20002_1367_5,2024-03-08,26,22.14744758605957,19.578893465935185,18.69172199855474
20002_1367_5,2024-03-08,27,20.917034149169922,20.745030660850617,18.98098877335184
20002_1367_5,2024-03-08,28,19.686620712280273,20.82951554525256,18.383673201679823
20002_1367_5,2024-03-08,29,19.686620712280273,20.40744630843703,17.617547462026003
20002_1367_5,2024-03-08,30,17.225791931152344,19.371815381691494,16.371667026443024
20002_1367_5,2024-03-08,31,17.225791931152344,19.025445802317947,15.538747690674166
20002_1367_5,2024-03-08,32,17.113670349121094,16.46633680083233,14.585816620221726
20002_1367_5,2024-03-08,33,4.889620304107666,18.651773631041173,13.666815967158037
20002_1367_5,2024-03-08,34,,16.194385773078686,12.637062848706098
20002_1367_5,2024-03-10,1,2.6098580360412598,2.6098580360412598,2.6098580360412598
20002_1367_5,2024-03-10,2,2.6098580360412598,2.6098580360412598,2.6098580360412598
20002_1367_5,2024-03-10,3,3.9147870540618896,5.673103395320567,13.361010257717489
20002_1367_5,2024-03-10,4,3.9147870540618896,5.298092254509928,13.588235916653378
20002_1367_5,2024-03-10,5,3.9147870540618896,4.372118478052084,14.047392095929466
20002_1367_5,2024-03-10,6,3.9147870540618896,6.595568471994813,14.488356519806668
20002_1367_5,2024-03-10,7,5.2197160720825195,6.713808149754328,14.77347876632293
20002_1367_5,2024-03-10,8,5.2197160720825195,6.634660757864491,15.018013067457874
20002_1367_5,2024-03-10,9,7.829574108123779,6.711274455896735,15.22833231637754
20002_1367_5,2024-03-10,10,7.829574108123779,7.1597125063247695,15.42878470135333
20002_1367_5,2024-03-10,11,7.829574108123779,7.227710731334309,15.571370857821304
20002_1367_5,2024-03-10,12,10.439432144165039,8.829729040063352,15.624216619413216
20002_1367_5,2024-03-10,13,10.439432144165039,8.403129538418558,15.625228671218794
20002_1367_5,2024-03-10,14,10.439432144165039,8.498409678814994,15.636847264303208
20002_1367_5,2024-03-10,15,10.439432144165039,10.755137658375897,15.631708395732993
20002_1367_5,2024-03-10,16,11.74436092376709,10.72624757388348,15.410635629131685
20002_1367_5,2024-03-10,17,14.354218482971191,10.493499438594064,15.251586579363726
20002_1367_5,2024-03-10,18,15.659148216247559,10.17641698577032,15.305937886301361
20002_1367_5,2024-03-10,19,15.659148216247559,11.466570566984846,15.608106353223643
20002_1367_5,2024-03-10,20,9.786967277526855,15.383136626221138,15.4074505687747
20002_1367_5,2024-03-10,21,9.786967277526855,16.243469445739557,14.692246414237939
20002_1367_5,2024-03-10,22,9.786967277526855,10.356566536760408,13.719147226805152
20002_1367_5,2024-03-10,23,9.786967277526855,10.354964692362039,13.428141653593972
20002_1367_5,2024-03-10,24,9.786967277526855,10.309183935111427,13.141901569095982
20002_1367_5,2024-03-10,25,7.829574108123779,10.555510396530376,12.844051106289129
20002_1367_5,2024-03-10,26,11.74436092376709,10.251034973968842,12.480528289512954
20002_1367_5,2024-03-10,27,7.643155574798584,8.757149379376685,12.172167077125792
20002_1367_5,2024-03-10,28,7.643155574798584,8.13227943602353,11.890496659934637
20002_1367_5,2024-03-10,29,7.643155574798584,6.38177969612099,11.826365909094989
20002_1367_5,2024-03-10,30,7.643155574798584,7.953696828128123,12.033657515090855
20002_1367_5,2024-03-10,31,7.643155574798584,7.895031725912013,12.157461704362845
20002_1367_5,2024-03-10,32,7.643155574798584,7.8754069730532485,12.356999121410364
20002_1367_5,2024-03-10,33,8.948084831237793,7.895629694060368,12.625799229285693
20002_1367_5,2024-03-10,34,5.3688507080078125,8.23883126474912,12.948634145329198
20002_1367_5,2024-03-11,1,7.731005668640137,7.731005668640137,7.731005668640137
20002_1367_5,2024-03-11,2,9.939864158630371,9.939864158630371,9.939864158630371
20002_1367_5,2024-03-11,3,17.670869827270508,8.549208333734224,12.673453060292864
20002_1367_5,2024-03-11,4,25.401874542236328,7.945197052996793,13.95115281804914
20002_1367_5,2024-03-11,5,30.334993362426758,9.519092814396938,16.57901124040866
20002_1367_5,2024-03-11,6,32.54384994506836,16.712256784086716,21.70475810140681
20002_1367_5,2024-03-11,7,32.52376937866211,24.773879320531705,25.796333489720286
20002_1367_5,2024-03-11,8,32.52376937866211,31.19125584989799,30.20954034493113
20002_1367_5,2024-03-11,9,32.52376937866211,29.13540206162838,31.937960974962017
20002_1367_5,2024-03-11,10,33.62820053100586,34.22795508064213,34.88948321910866
20002_1367_5,2024-03-11,11,34.73263168334961,33.91644412025897,35.986366956940564
20002_1367_5,2024-03-11,12,34.73263168334961,33.7209649573333,37.496591172299674
20002_1367_5,2024-03-11,13,34.73263168334961,35.07347755717027,39.0408415553559
20002_1367_5,2024-03-11,14,28.943859100341797,37.55155146609002,37.49327005850211
20002_1367_5,2024-03-11,15,28.943859100341797,36.82646791927912,34.23599023405515
20002_1367_5,2024-03-11,16,30.048288345336914,29.966218262636318,30.259062365461848
20002_1367_5,2024-03-11,17,30.048288345336914,29.7336521210468,30.20076558425543
20002_1367_5,2024-03-11,18,30.048288345336914,29.873524193824153,30.211007223757758
20002_1367_5,2024-03-11,19,30.048288345336914,31.189423890526474,30.389925812741115
20002_1367_5,2024-03-11,20,28.29097557067871,31.828491740931845,28.861792818077745
20002_1367_5,2024-03-11,21,30.499834060668945,31.310720935906303,27.53235753913082
20002_1367_5,2024-03-11,22,30.499834060668945,27.712604076753962,26.75990847150993
20002_1367_5,2024-03-11,23,30.499834060668945,29.22144038357811,28.22513729222872
20002_1367_5,2024-03-11,24,31.604263305664062,31.74842398072515,29.461378087862176
20002_1367_5,2024-03-11,25,31.604263305664062,31.44589784563982,29.612606984770785
20002_1367_5,2024-03-11,26,30.167705535888672,31.767711306160148,29.323621509315384
20002_1367_5,2024-03-11,27,31.27213478088379,32.7740630174715,28.969885926820506
20002_1367_5,2024-03-11,28,31.27213478088379,30.713843173486346,27.899670748431898
20002_1367_5,2024-03-11,29,31.27213478088379,30.71368182415308,28.016059836737885
20002_1367_5,2024-03-11,30,31.27213478088379,31.915543672676492,28.356604885446984
20002_1367_5,2024-03-11,31,31.27213478088379,31.853416788127674,27.949412037560727
20002_1367_5,2024-03-11,32,29.85067367553711,32.13242013263419,27.05840103684586
20002_1367_5,2024-03-11,33,14.214607238769531,35.334960997825135,20.661463399310588
20002_1367_5,2024-03-11,34,,31.922602039630256,15.838319503944362
20002_1367_5,2024-03-12,1,8.682170867919922,8.682170867919922,8.682170867919922
20002_1367_5,2024-03-12,2,9.767441749572754,9.767441749572754,9.767441749572754
20002_1367_5,2024-03-12,3,21.395349502563477,10.003900067741021,11.366413288700034
20002_1367_5,2024-03-12,4,27.9069766998291,8.287331858982245,12.949528247224116
20002_1367_5,2024-03-12,5,31.162790298461914,8.326079504105923,16.68104230331155
20002_1367_5,2024-03-12,6,30.16913414001465,22.322090569455384,22.49362977590536
20002_1367_5,2024-03-12,7,27.295883178710938,29.543457128137707,25.88415415134518
20002_1367_5,2024-03-12,8,27.295883178710938,28.52573875291053,26.204308351356225
20002_1367_5,2024-03-12,9,25.859256744384766,29.258060534895286,26.43541082651716
20002_1367_5,2024-03-12,10,31.668176651000977,29.63822787493385,25.067644174389756
20002_1367_5,2024-03-12,11,32.753448486328125,25.876299326490717,27.000788961417772
20002_1367_5,2024-03-12,12,33.83871841430664,23.367072631792098,30.73034923396837
20002_1367_5,2024-03-12,13,32.42877197265625,33.27053513432976,37.712517310017745
20002_1367_5,2024-03-12,14,26.788986206054688,35.63310180132184,36.03633712695226
20002_1367_5,2024-03-12,15,25.379039764404297,34.84829775626195,31.43890407595036
20002_1367_5,2024-03-12,16,26.464311599731445,28.102258142250378,26.006605462737284
20002_1367_5,2024-03-12,17,26.464311599731445,26.291440325049713,25.129983178490317
20002_1367_5,2024-03-12,18,26.464311599731445,26.4240786950719,25.364323220381344
20002_1367_5,2024-03-12,19,26.464311599731445,27.675770987795037,25.850201859405388
20002_1367_5,2024-03-12,20,23.6785945892334,28.28508636058324,24.61759604289398
20002_1367_5,2024-03-12,21,28.01968002319336,28.021200880086973,23.15896585900006
20002_1367_5,2024-03-12,22,28.01968002319336,24.09799935293413,22.715700177584715
20002_1367_5,2024-03-12,23,28.71550178527832,24.845777729258764,24.136098670248995
20002_1367_5,2024-03-12,24,29.80077362060547,29.07069346340508,27.17532869057419
20002_1367_5,2024-03-12,25,29.80077362060547,27.34418399175583,27.41964221553142
20002_1367_5,2024-03-12,26,28.232311248779297,30.154945104603676,28.818178125141102
20002_1367_5,2024-03-12,27,26.663848876953125,31.4325321328158,27.830508278407766
20002_1367_5,2024-03-12,28,25.095388412475586,29.61641757896409,24.673703116003402
20002_1367_5,2024-03-12,29,25.095388412475586,27.508099826699507,22.230201894459277
20002_1367_5,2024-03-12,30,23.526926040649414,25.946727231215746,20.224477377006767
20002_1367_5,2024-03-12,31,24.612197875976562,25.709922038048685,19.218583861752542
20002_1367_5,2024-03-12,32,24.612197875976562,23.731166996420438,18.546988875246566
20002_1367_5,2024-03-12,33,14.767318725585938,25.840102473197696,16.359041779832246
20002_1367_5,2024-03-12,34,,26.077607738024525,14.451288995859253
20002_1367_5,2024-03-14,1,9.825407981872559,9.825407981872559,9.825407981872559
20002_1367_5,2024-03-14,2,9.825407981872559,9.825407981872559,9.825407981872559
20002_1367_5,2024-03-14,3,9.513489723205566,10.540982962262618,11.463120616801802
20002_1367_5,2024-03-14,4,13.880337715148926,10.463784593308532,11.569477512736203
20002_1367_5,2024-03-14,5,16.06376075744629,8.79848656010758,11.950632788223125
20002_1367_5,2024-03-14,6,19.338897705078125,9.997812624589375,12.902258404982156
20002_1367_5,2024-03-14,7,20.43060874938965,13.960249565746626,14.458559221515827
20002_1367_5,2024-03-14,8,20.43060874938965,16.416461570680546,15.863992068964558
20002_1367_5,2024-03-14,9,22.614032745361328,20.124268199608554,17.118114169115415
20002_1367_5,2024-03-14,10,21.20065689086914,21.154017215825668,17.772236839759433
20002_1367_5,2024-03-14,11,21.20065689086914,21.14035958140849,18.087208940896865
20002_1367_5,2024-03-14,12,21.20065689086914,21.91687701941136,18.42901487443821
20002_1367_5,2024-03-14,13,21.20065689086914,21.81036364800709,18.44258197261211
20002_1367_5,2024-03-14,14,21.20065689086914,21.728772648567265,18.42572129032491
20002_1367_5,2024-03-14,15,22.292367935180664,21.67616360776501,18.404487966510224
20002_1367_5,2024-03-14,16,20.89909553527832,21.712455568953224,18.32996238846358
20002_1367_5,2024-03-14,17,20.89909553527832,21.6730797569859,18.287113387966322
20002_1367_5,2024-03-14,18,20.89909553527832,21.337698017927146,18.276073605888094
20002_1367_5,2024-03-14,19,20.89909553527832,21.374697138511063,18.497760842953856
20002_1367_5,2024-03-14,20,20.89909553527832,21.42528174568519,18.794241584234097
20002_1367_5,2024-03-14,21,20.89909553527832,21.474951480350672,19.140446666170675
20002_1367_5,2024-03-14,22,20.89909553527832,21.506347231419106,19.4993998210144
20002_1367_5,2024-03-14,23,20.89909553527832,21.504837725316264,19.82712309484755
20002_1367_5,2024-03-14,24,19.505823135375977,21.754501303231528,19.7313278815707
20002_1367_5,2024-03-14,25,19.204261779785156,21.806070540110397,19.045759095579058
20002_1367_5,2024-03-14,26,17.832529067993164,19.973006796534357,17.812630772266857
20002_1367_5,2024-03-14,27,17.832529067993164,18.213295719111354,16.925137660781743
20002_1367_5,2024-03-14,28,16.46079444885254,18.01081757820442,16.273015763902762
20002_1367_5,2024-03-14,29,16.46079444885254,17.710136639308097,15.556568740623364
20002_1367_5,2024-03-14,30,17.552507400512695,16.079407264894932,14.692171582983953
20002_1367_5,2024-03-14,31,17.552507400512695,15.78799183229982,14.528907003836295
20002_1367_5,2024-03-14,32,17.552507400512695,15.874789498174758,14.48449183257492
20002_1367_5,2024-03-14,33,11.701671600341797,18.286265883455485,13.81531623932385
20002_1367_5,2024-03-14,34,,17.749249629898014,12.773862555167252
20002_1367_5,2024-03-15,1,16.46205711364746,16.46205711364746,16.46205711364746
20002_1367_5,2024-03-15,2,17.559528350830078,17.559528350830078,17.559528350830078
20002_1367_5,2024-03-15,3,20.851940155029297,15.674654075263355,14.821673648681388
20002_1367_5,2024-03-15,4,23.0468807220459,15.372397241738675,15.655196031522884
20002_1367_5,2024-03-15,5,24.144350051879883,16.70339883919243,17.07591399247947
20002_1367_5,2024-03-15,6,25.2418212890625,20.62290088582117,18.836442743301436
20002_1367_5,2024-03-15,7,25.2418212890625,23.242650459366658,20.317266665629383
20002_1367_5,2024-03-15,8,25.2418212890625,24.653338564729857,21.313759493572682
20002_1367_5,2024-03-15,9,25.2418212890625,25.88245379801842,22.02954225283912
20002_1367_5,2024-03-15,10,26.47647476196289,26.47184073584603,21.420899918801744
20002_1367_5,2024-03-15,11,27.573945999145508,25.157465321922672,21.892458598917365
20002_1367_5,2024-03-15,12,28.14689064025879,22.04452076342853,22.161270776351166
20002_1367_5,2024-03-15,13,28.14689064025879,26.44120679401115,24.902450003375822
20002_1367_5,2024-03-15,14,21.11016845703125,27.454939312164562,23.276763398237353
20002_1367_5,2024-03-15,15,22.207637786865234,29.161835549673413,21.622528420059105
20002_1367_5,2024-03-15,16,22.207637786865234,20.808961667947166,18.853188178542325
20002_1367_5,2024-03-15,17,23.30510902404785,20.92734133576642,19.11043647658277
20002_1367_5,2024-03-15,18,24.402578353881836,22.002728007291513,19.839857495821676
20002_1367_5,2024-03-15,19,24.402578353881836,21.931806582949957,20.581216212077074
20002_1367_5,2024-03-15,20,25.951950073242188,23.768348341455752,21.2121077113989
20002_1367_5,2024-03-15,21,23.341999053955078,24.92535679032079,21.230239732958804
20002_1367_5,2024-03-15,22,24.439468383789062,22.702325137943447,20.683673707928712
20002_1367_5,2024-03-15,23,24.439468383789062,22.10043554571243,21.350989630127387
20002_1367_5,2024-03-15,24,23.656980514526367,23.86493464657797,21.979246450477753
20002_1367_5,2024-03-15,25,23.656980514526367,24.584382642473003,22.212199174425955
20002_1367_5,2024-03-15,26,21.11491584777832,23.21000380296428,20.599953768074226
20002_1367_5,2024-03-15,27,21.11491584777832,23.704071073642343,19.955942700722602
20002_1367_5,2024-03-15,28,19.195377349853516,19.77351068110538,17.911777335375753
20002_1367_5,2024-03-15,29,20.292848587036133,20.689251008437964,17.46633959583931
20002_1367_5,2024-03-15,30,18.448043823242188,18.496967450192585,16.283360934333295
20002_1367_5,2024-03-15,31,18.448043823242188,18.34007762611393,15.827754970427865
20002_1367_5,2024-03-15,32,18.448043823242188,17.46613947297618,15.413029731387498
20002_1367_5,2024-03-15,33,7.379217624664307,19.80544505623145,14.27906948173202
20002_1367_5,2024-03-15,34,,18.692285966682764,13.119871340371631
20002_1367_5,2024-03-18,1,11.042806625366211,11.042806625366211,11.042806625366211
20002_1367_5,2024-03-18,2,12.147087097167969,12.147087097167969,12.147087097167969
20002_1367_5,2024-03-18,3,18.77277183532715,11.42198829262081,13.2675249680772
20002_1367_5,2024-03-18,4,20.981332778930664,10.612007226900701,14.580791705490126
20002_1367_5,2024-03-18,5,22.085613250732422,12.116929566306286,16.46436587577174
20002_1367_5,2024-03-18,6,22.085613250732422,19.230754059316894,18.77874647751356
20002_1367_5,2024-03-18,7,21.69586753845215,22.553409000201444,19.363291806617255
20002_1367_5,2024-03-18,8,22.800148010253906,23.166132855606445,20.06735535617523
20002_1367_5,2024-03-18,9,22.800148010253906,20.203905769003782,20.750336811738876
20002_1367_5,2024-03-18,10,20.10440444946289,23.593733811859828,20.835390565770933
20002_1367_5,2024-03-18,11,19.952159881591797,24.33621717034592,20.207039030649
20002_1367_5,2024-03-18,12,22.160720825195312,19.65219278939516,19.501119691234642
20002_1367_5,2024-03-18,13,22.160720825195312,19.04637387832814,20.332374914320518
20002_1367_5,2024-03-18,14,19.553577423095703,20.986050165202244,20.414962358702645
20002_1367_5,2024-03-18,15,18.2500057220459,23.497737167374584,19.783723339030654
20002_1367_5,2024-03-18,16,19.354286193847656,20.289540802895075,18.377833113857086
20002_1367_5,2024-03-18,17,19.354286193847656,18.592765709927328,17.97977906392436
20002_1367_5,2024-03-18,18,19.354286193847656,18.726780005726674,17.955643671092552
20002_1367_5,2024-03-18,19,19.354286193847656,20.004178906754724,17.99118108584333
20002_1367_5,2024-03-18,20,19.354286193847656,20.055416576273156,17.700568291089525
20002_1367_5,2024-03-18,21,21.562847137451172,20.105729149276257,17.405668891160147
20002_1367_5,2024-03-18,22,21.562847137451172,19.68721927322903,17.53113917082178
20002_1367_5,2024-03-18,23,22.66712760925293,19.925511771514557,17.765531453247288
20002_1367_5,2024-03-18,24,22.438047409057617,22.471077302678708,18.171040477417147
20002_1367_5,2024-03-18,25,22.438047409057617,22.1256207133341,17.98482097560985
20002_1367_5,2024-03-18,26,23.542327880859375,21.856413267123337,17.827326911786415
20002_1367_5,2024-03-18,27,23.542327880859375,22.76751450654762,18.13401964962049
20002_1367_5,2024-03-18,28,23.542327880859375,22.73122459566936,18.085422865391138
20002_1367_5,2024-03-18,29,23.542327880859375,23.86815384607868,18.191195584319495
20002_1367_5,2024-03-18,30,22.157485961914062,24.03603233941695,17.57520127999453
20002_1367_5,2024-03-18,31,22.157485961914062,23.821634872314853,17.04276491601475
20002_1367_5,2024-03-18,32,22.157485961914062,22.165149314538287,16.619238318206683
20002_1367_5,2024-03-18,33,12.46358585357666,24.22956795460722,15.031288681772331
20002_1367_5,2024-03-18,34,,23.26958305542506,13.833234359014602
20002_1367_5,2024-03-20,1,8.7619047164917,8.7619047164917,8.7619047164917
20002_1367_5,2024-03-20,2,8.7619047164917,8.7619047164917,8.7619047164917
20002_1367_5,2024-03-20,3,9.492063522338867,10.089936955353203,10.691280167259446
20002_1367_5,2024-03-20,4,10.587301254272461,9.835103459695098,10.876280518574582
20002_1367_5,2024-03-20,5,14.968254089355469,8.789823664505374,11.193401876100086
20002_1367_5,2024-03-20,6,16.063491821289062,10.319490722463211,12.074736677118828
20002_1367_5,2024-03-20,7,20.44444465637207,11.679191624200243,13.053630518369904
20002_1367_5,2024-03-20,8,20.44444465637207,15.377943655536642,14.901061804763366
20002_1367_5,2024-03-20,9,20.44444465637207,16.963777394335946,16.26962050348195
20002_1367_5,2024-03-20,10,20.176719665527344,22.02869493133613,17.38341321059292
20002_1367_5,2024-03-20,11,22.36719512939453,21.551492005713456,17.351926581033204
20002_1367_5,2024-03-20,12,22.36719512939453,19.563343018294642,17.822848310366552
20002_1367_5,2024-03-20,13,22.36719512939453,20.930961873172123,19.03957126551773
20002_1367_5,2024-03-20,14,17.104326248168945,24.433784195681003,18.431782011878596
20002_1367_5,2024-03-20,15,16.883846282958984,24.099274590943686,16.248334666813243
20002_1367_5,2024-03-20,16,16.883846282958984,17.739261924649696,14.219713420996255
20002_1367_5,2024-03-20,17,17.979084014892578,16.4305383466652,14.014745754770017
20002_1367_5,2024-03-20,18,19.074323654174805,17.408346117100017,14.546934853726487
20002_1367_5,2024-03-20,19,19.074323654174805,17.345079080648294,15.096357206275583
20002_1367_5,2024-03-20,20,18.70230484008789,19.001836997094458,15.691120029129683
20002_1367_5,2024-03-20,21,17.2636661529541,20.192543795616523,15.864063667002572
20002_1367_5,2024-03-20,22,17.2636661529541,18.551691156504702,15.327756119515485
20002_1367_5,2024-03-20,23,16.920265197753906,18.459793587113737,15.078529205914316
20002_1367_5,2024-03-20,24,16.920265197753906,18.0481124123686,14.973572890701316
20002_1367_5,2024-03-20,25,16.920265197753906,16.521080853766442,14.688453131348828
20002_1367_5,2024-03-20,26,16.920265197753906,17.567865773403163,15.047881846081363
20002_1367_5,2024-03-20,27,16.477298736572266,17.713723639673155,14.603759176473876
20002_1367_5,2024-03-20,28,16.477298736572266,17.16792645662818,14.148007563101144
20002_1367_5,2024-03-20,29,16.477298736572266,15.471849054881195,13.590132183235045
20002_1367_5,2024-03-20,30,13.181838035583496,17.17221183793921,13.233313281200768
20002_1367_5,2024-03-20,31,13.181838035583496,16.756307682770412,12.406861604636845
20002_1367_5,2024-03-20,32,13.181838035583496,13.263786686441115,11.57400645948183
20002_1367_5,2024-03-20,33,4.94318962097168,14.84823149148296,11.121293639547893
20002_1367_5,2024-03-20,34,,14.142153267252006,10.461405823136431
20002_1367_5,2024-03-21,1,12.051763534545898,12.051763534545898,12.051763534545898
20002_1367_5,2024-03-21,2,13.147378921508789,13.147378921508789,13.147378921508789
20002_1367_5,2024-03-21,3,13.804747581481934,12.526962809157919,12.01117953007526
20002_1367_5,2024-03-21,4,18.18720817565918,12.024131660102292,12.244529064906608
20002_1367_5,2024-03-21,5,23.245296478271484,10.59846708197167,12.874044813878015
20002_1367_5,2024-03-21,6,25.079309463500977,13.343602661500409,14.749521974949735
20002_1367_5,2024-03-21,7,25.079309463500977,16.342717987141064,17.427284048640182
20002_1367_5,2024-03-21,8,25.079309463500977,22.49298230205699,20.426759742169914
20002_1367_5,2024-03-21,9,23.60405731201172,26.464401420531434,21.71292671107748
20002_1367_5,2024-03-21,10,29.798107147216797,26.552938597881393,20.946972052664734
20002_1367_5,2024-03-21,11,32.6906623840332,23.460954845064776,21.971992565178162
20002_1367_5,2024-03-21,12,31.269329071044922,21.707510521858456,25.36819018538973
20002_1367_5,2024-03-21,13,31.269329071044922,28.94209405262353,31.95441774327134
20002_1367_5,2024-03-21,14,25.583995819091797,33.52524491887726,32.33839054788466
20002_1367_5,2024-03-21,15,22.741329193115234,33.42782272975867,27.78455394068025
20002_1367_5,2024-03-21,16,22.741329193115234,26.482220156783754,22.054764880905402
20002_1367_5,2024-03-21,17,22.741329193115234,23.31076565199716,20.36656556884825
20002_1367_5,2024-03-21,18,22.741329193115234,23.326748234649536,20.520493880352085
20002_1367_5,2024-03-21,19,22.741329193115234,23.3632338607157,20.753238130748123
20002_1367_5,2024-03-21,20,19.898662567138672,23.976660297900295,20.25639643332169
20002_1367_5,2024-03-21,21,20.994277954101562,23.722338110903415,19.531798090208973
20002_1367_5,2024-03-21,22,20.994277954101562,20.224178217941315,18.6448469908771
20002_1367_5,2024-03-21,23,20.994277954101562,20.343027678020388,19.348333066176284
20002_1367_5,2024-03-21,24,20.994277954101562,21.563062513698178,20.190102073677508
20002_1367_5,2024-03-21,25,22.089893341064453,21.47615889474548,20.325385702807537
20002_1367_5,2024-03-21,26,23.904077529907227,21.429122086595058,20.21832796089081
20002_1367_5,2024-03-21,27,22.31047248840332,20.87686457691123,20.35020742111677
20002_1367_5,2024-03-21,28,20.716867446899414,20.797487748604368,20.02985824425209
20002_1367_5,2024-03-21,29,20.716867446899414,22.46084302585689,19.910702425588617
20002_1367_5,2024-03-21,30,20.716867446899414,20.461996894421503,18.545108348046924
20002_1367_5,2024-03-21,31,20.716867446899414,20.387215011477387,18.01448986513467
20002_1367_5,2024-03-21,32,20.716867446899414,20.362193412795783,17.528298426896534
20002_1367_5,2024-03-21,33,7.968026161193848,23.133530385208537,14.957069270494838
20002_1367_5,2024-03-21,34,,21.788073394124275,12.640030750157191
20002_1367_5,2024-03-25,1,11.090846061706543,11.090846061706543,11.090846061706543
20002_1367_5,2024-03-25,2,11.090846061706543,11.090846061706543,11.090846061706543
20002_1367_5,2024-03-25,3,14.418100357055664,11.658693144635922,13.194576627759897
20002_1367_5,2024-03-25,4,16.63627052307129,11.308978185256677,13.939344798928119
20002_1367_5,2024-03-25,5,17.468082427978516,11.702177903977528,14.82030781167966
20002_1367_5,2024-03-25,6,16.1243839263916,15.13045711171981,15.819736256380214
20002_1367_5,2024-03-25,7,22.778892517089844,16.235673545849092,16.43498419190845
20002_1367_5,2024-03-25,8,22.778892517089844,15.972620993136585,18.359491572184794
20002_1367_5,2024-03-25,9,21.260299682617188,16.943542411602223,19.778983741995795
20002_1367_5,2024-03-25,10,22.369384765625,24.163102153414464,21.392500469670207
20002_1367_5,2024-03-25,11,19.004592895507812,23.058386132831792,20.14213592880128
20002_1367_5,2024-03-25,12,19.004592895507812,22.33141831097184,19.590945222187095
20002_1367_5,2024-03-25,13,22.331846237182617,18.52144349301904,18.924892497119963
20002_1367_5,2024-03-25,14,17.546449661254883,19.97349163896017,18.69706730318412
20002_1367_5,2024-03-25,15,19.764619827270508,19.762693625517464,18.13458802029067
20002_1367_5,2024-03-25,16,19.764619827270508,17.668239483410417,17.994747932766803
20002_1367_5,2024-03-25,17,19.764619827270508,17.895211565965987,18.241120841292148
20002_1367_5,2024-03-25,18,20.87370491027832,20.393907202211082,18.604438494131436
20002_1367_5,2024-03-25,19,23.091873168945312,20.203100679933208,18.547407433012623
20002_1367_5,2024-03-25,20,24.76970863342285,20.25901294260339,18.655189820068934
20002_1367_5,2024-03-25,21,24.76970863342285,20.95465430475137,19.678603417869866
20002_1367_5,2024-03-25,22,24.76970863342285,22.017041703652048,20.622901698902147
20002_1367_5,2024-03-25,23,25.336563110351562,26.089509167011503,21.37284772643592
20002_1367_5,2024-03-25,24,23.647459030151367,25.76715585735467,20.60202692340446
20002_1367_5,2024-03-25,25,23.647459030151367,23.92776084254225,19.6493859970505
20002_1367_5,2024-03-25,26,23.647459030151367,24.394024528452356,19.490188873369117
20002_1367_5,2024-03-25,27,24.75654411315918,24.256537117148866,19.070131421841687
20002_1367_5,2024-03-25,28,24.75654411315918,23.89110228579207,18.954707742009393
20002_1367_5,2024-03-25,29,24.75654411315918,23.873883190843177,18.958468251598966
20002_1367_5,2024-03-25,30,21.455671310424805,25.663502074891696,18.26318515858179
20002_1367_5,2024-03-25,31,21.455671310424805,25.23923484691981,17.114691305910036
20002_1367_5,2024-03-25,32,19.805234909057617,21.755815797158007,15.7653266039491
20002_1367_5,2024-03-25,33,6.601745128631592,24.389047872372124,13.90510242172259
20002_1367_5,2024-03-25,34,,21.112177574403585,12.599808146009973
20002_1367_5,2024-03-26,1,5.502967834472656,5.502967834472656,5.502967834472656
20002_1367_5,2024-03-26,2,6.6035614013671875,6.6035614013671875,6.6035614013671875
20002_1367_5,2024-03-26,3,4.952671051025391,7.843834228653797,10.856631332490839
20002_1367_5,2024-03-26,4,7.153858184814453,7.987774129352683,11.133041863569385
20002_1367_5,2024-03-26,5,8.254451751708984,7.58076082783187,11.461498883752757
20002_1367_5,2024-03-26,6,9.355045318603516,7.740271362310988,11.912509563390206
20002_1367_5,2024-03-26,7,14.858013153076172,9.309627871607809,12.411015452022266
20002_1367_5,2024-03-26,8,14.858013153076172,9.562789953324334,13.299997796007116
20002_1367_5,2024-03-26,9,14.858013153076172,11.005690532049773,14.157365048956091
20002_1367_5,2024-03-26,10,12.735440254211426,16.719061743456603,14.612990883768758
20002_1367_5,2024-03-26,11,12.735440254211426,16.407354063793804,14.265244723447724
20002_1367_5,2024-03-26,12,12.735440254211426,14.117353776064164,13.853192529974661
20002_1367_5,2024-03-26,13,12.735440254211426,14.004809013099381,13.701888717522461
20002_1367_5,2024-03-26,14,10.612866401672363,14.308103494096448,13.28581280494377
20002_1367_5,2024-03-26,15,11.713459968566895,14.053502983102478,12.860377608690005
20002_1367_5,2024-03-26,16,11.713459968566895,11.758861161191454,12.492326320966452
20002_1367_5,2024-03-26,17,11.713459968566895,11.850475970632033,12.448704757183883
20002_1367_5,2024-03-26,18,13.914647102355957,12.92673943788824,12.461088635892391
20002_1367_5,2024-03-26,19,13.914647102355957,12.57502036459477,12.50080001734958
20002_1367_5,2024-03-26,20,11.926840782165527,13.182942175714668,12.478930539884406
20002_1367_5,2024-03-26,21,13.027434349060059,15.257557912286217,12.487847809465723
20002_1367_5,2024-03-26,22,14.12802791595459,13.098385676391466,12.039522071966907
20002_1367_5,2024-03-26,23,12.362024307250977,13.316647731711697,11.974880331178667
20002_1367_5,2024-03-26,24,14.563211441040039,14.302127241635874,11.934606186474639
20002_1367_5,2024-03-26,25,14.563211441040039,13.150163426897475,11.8059804795706
20002_1367_5,2024-03-26,26,15.66380500793457,13.220574338902765,11.95109419803337
20002_1367_5,2024-03-26,27,15.66380500793457,15.0798432119938,12.382942414063873
20002_1367_5,2024-03-26,28,14.097424507141113,15.312783347450647,12.220064012420025
20002_1367_5,2024-03-26,29,14.097424507141113,16.160396625253014,12.07683630647491
20002_1367_5,2024-03-26,30,13.631637573242188,14.687362389023617,11.552786403883584
20002_1367_5,2024-03-26,31,14.732231140136719,14.249078824510995,11.452961803611544
20002_1367_5,2024-03-26,32,15.83282470703125,12.541166926941205,11.528141420800388
20002_1367_5,2024-03-26,33,3.16656494140625,15.991289367112952,11.358657162466972
20002_1367_5,2024-03-26,34,,16.115097265625426,10.79562883924817
20002_1367_5,2024-03-27,1,5.496235370635986,5.496235370635986,5.496235370635986
20002_1367_5,2024-03-27,2,6.595482349395752,6.595482349395752,6.595482349395752
20002_1367_5,2024-03-27,3,8.793976783752441,7.517842706047741,10.189219517681128
20002_1367_5,2024-03-27,4,12.091717720031738,7.505432474531453,10.532484611674775
20002_1367_5,2024-03-27,5,11.603163719177246,8.427433110967016,11.016261873638026
20002_1367_5,2024-03-27,6,10.313922882080078,10.359337384884341,11.500903919401217
20002_1367_5,2024-03-27,7,11.033184051513672,11.58994057765078,11.62912259693816
20002_1367_5,2024-03-27,8,9.654035568237305,11.972289369914563,11.718538760815072
20002_1367_5,2024-03-27,9,10.75328254699707,9.799599172822791,11.701832730695724
20002_1367_5,2024-03-27,10,11.852529525756836,11.285424480720167,11.953142361685217
20002_1367_5,2024-03-27,11,14.767951965332031,11.339628712601336,11.971037913024453
20002_1367_5,2024-03-27,12,15.867198944091797,11.45676653827806,12.355199213410899
20002_1367_5,2024-03-27,13,15.867198944091797,11.186200332558176,12.842866304318786
20002_1367_5,2024-03-27,14,14.424726486206055,15.8128999238289,13.486595795606839
20002_1367_5,2024-03-27,15,14.081501007080078,17.058490018512934,13.168556555388943
20002_1367_5,2024-03-27,16,15.180747985839844,15.154319567439266,12.662200422701869
20002_1367_5,2024-03-27,17,15.180747985839844,13.584593873372846,12.573010343171891
20002_1367_5,2024-03-27,18,17.379241943359375,14.819224542576487,12.969541613089628
20002_1367_5,2024-03-27,19,15.799310684204102,15.881603598452847,13.366195197091322
20002_1367_5,2024-03-27,20,15.937190055847168,16.603623446426305,13.180075365253359
20002_1367_5,2024-03-27,21,14.488354682922363,16.637717332537576,13.067529974649219
20002_1367_5,2024-03-27,22,14.488354682922363,13.602026466204226,12.606690607608613
20002_1367_5,2024-03-27,23,15.587601661682129,15.476026172244374,13.217713524414844
20002_1367_5,2024-03-27,24,17.786096572875977,15.223912648334606,13.413014486807423
20002_1367_5,2024-03-27,25,17.786096572875977,14.8291192130638,13.993137084307369
20002_1367_5,2024-03-27,26,15.049773216247559,16.58661688189558,14.429358779947373
20002_1367_5,2024-03-27,27,16.14902114868164,18.539695601500746,14.414744371094443
20002_1367_5,2024-03-27,28,16.14902114868164,15.201062256273422,13.36489486264378
20002_1367_5,2024-03-27,29,16.14902114868164,15.151778072233853,13.360600815542533
20002_1367_5,2024-03-27,30,16.14902114868164,16.195857839252632,13.455717796087182
20002_1367_5,2024-03-27,31,14.803268432617188,16.382772138022226,13.047710909897287
20002_1367_5,2024-03-27,32,14.803268432617188,16.219510983280742,12.650487612983955
20002_1367_5,2024-03-27,33,1.3457517623901367,17.468342372979098,11.454129567825742
20002_1367_5,2024-03-27,34,,16.20939826855913,10.362040297922398
20002_1367_5,2024-03-28,1,5.543028831481934,5.543028831481934,5.543028831481934
20002_1367_5,2024-03-28,2,8.86884593963623,8.86884593963623,8.86884593963623
20002_1367_5,2024-03-28,3,7.390705108642578,7.123614118486056,10.767143044492368
20002_1367_5,2024-03-28,4,10.716522216796875,7.403604671240696,11.087149869237393
20002_1367_5,2024-03-28,5,10.716522216796875,8.364201422115919,11.521000167087028
20002_1367_5,2024-03-28,6,9.185590744018555,8.962306673546198,11.909600945856354
20002_1367_5,2024-03-28,7,14.728619575500488,12.039351836248514,12.239907583939136
20002_1367_5,2024-03-28,8,14.728619575500488,9.768991454291356,12.577544475858499
20002_1367_5,2024-03-28,9,14.728619575500488,10.246309629715977,13.240950835381252
20002_1367_5,2024-03-28,10,11.782896041870117,16.15343344686341,13.719486968766695
20002_1367_5,2024-03-28,11,14.000107765197754,15.760911759283202,13.342451122696662
20002_1367_5,2024-03-28,12,14.000107765197754,12.258065446531766,13.0696798816655
20002_1367_5,2024-03-28,13,14.000107765197754,12.347971295681798,13.213757372792557
20002_1367_5,2024-03-28,14,12.444540023803711,14.776232226846012,13.289540973938884
20002_1367_5,2024-03-28,15,13.553145408630371,14.570362425645962,12.976894825723587
20002_1367_5,2024-03-28,16,14.661751747131348,12.763656910859353,12.702170090935908
20002_1367_5,2024-03-28,17,14.661751747131348,12.661020067320084,12.846919565781114
20002_1367_5,2024-03-28,18,16.878963470458984,13.894155148392086,13.203314797093622
20002_1367_5,2024-03-28,19,16.878963470458984,14.655639160935758,13.763429568584257
20002_1367_5,2024-03-28,20,13.810060501098633,15.50902001724588,13.955192546520799
20002_1367_5,2024-03-28,21,17.13587760925293,17.627654372943127,14.183089998729237
20002_1367_5,2024-03-28,22,19.03370475769043,14.056272444702389,13.675660523416663
20002_1367_5,2024-03-28,23,20.99997329711914,13.874733168247374,14.51836877866722
20002_1367_5,2024-03-28,24,17.967191696166992,16.36149553768662,15.544777262196984
20002_1367_5,2024-03-28,25,20.184402465820312,17.76833927724373,16.316213136208127
20002_1367_5,2024-03-28,26,18.838775634765625,15.619913832523501,16.278587748139465
20002_1367_5,2024-03-28,27,19.9473819732666,17.95583764559098,17.372818745062737
20002_1367_5,2024-03-28,28,19.9473819732666,18.538249838565704,17.738333223294383
20002_1367_5,2024-03-28,29,18.617555618286133,18.775142300340068,17.400573163942703
20002_1367_5,2024-03-28,30,20.834768295288086,19.77632067723875,17.03390543082135
20002_1367_5,2024-03-28,31,21.94337272644043,17.733424962172194,16.47297657844981
20002_1367_5,2024-03-28,32,21.94337272644043,17.723011833063424,16.946395167072943
20002_1367_5,2024-03-28,33,9.600225448608398,23.056753769505047,15.492170983357394
20002_1367_5,2024-03-28,34,,23.076083812001443,13.241994377141701
