trip_id,service_day,pt_sequence,y_true,y_pred_naive,y_pred_timesfm,y_pred_timesfm_ft
20001_0310_1,2024-05-01,1,,23.61233711242676,24.49602508544922,24.525915145874023
20001_0310_1,2024-05-01,2,,22.80608367919922,23.87186050415039,23.574363708496094
20001_0310_1,2024-05-01,3,,24.93204116821289,24.22235107421875,24.025203704833984
20001_0310_1,2024-05-01,4,,23.73702812194824,25.26422500610352,24.24667739868164
20001_0310_1,2024-05-01,5,,25.326345443725582,26.06123161315918,25.078039169311523
20001_0310_1,2024-05-01,6,,27.57407760620117,27.088699340820312,26.77834892272949
20001_0310_1,2024-05-01,7,,28.62259292602539,27.952924728393555,27.94441032409668
20001_0310_1,2024-05-01,8,,29.427753448486328,29.815813064575195,30.080930709838867
20001_0310_1,2024-05-01,9,,29.853185653686523,31.25618934631348,31.883468627929688
20001_0310_1,2024-05-01,10,,30.016345977783203,31.678695678710938,31.989177703857425
20001_0310_1,2024-05-01,11,,30.23153305053711,31.73631477355957,32.24657440185547
20001_0310_1,2024-05-01,12,,31.993764877319336,31.44823455810547,32.738739013671875
20001_0310_1,2024-05-01,13,,34.46302032470703,30.44957733154297,32.24278259277344
20001_0310_1,2024-05-01,14,,30.83837890625,29.48932647705078,29.996768951416016
20001_0310_1,2024-05-01,15,,27.7529239654541,27.71286392211914,26.83092498779297
20001_0310_1,2024-05-01,16,,26.266002655029297,25.92679786682129,24.443565368652344
20001_0310_1,2024-05-01,17,,21.11097526550293,24.46721839904785,21.754419326782227
20001_0310_1,2024-05-02,1,,23.61233711242676,19.77574348449707,20.87628936767578
20001_0310_1,2024-05-02,2,,22.80608367919922,19.25321578979492,20.356943130493164
20001_0310_1,2024-05-02,3,,24.93204116821289,20.47486686706543,21.954191207885746
20001_0310_1,2024-05-02,4,,23.73702812194824,22.028539657592773,22.396900177001957
20001_0310_1,2024-05-02,5,,25.326345443725582,23.757598876953125,23.93470001220703
20001_0310_1,2024-05-02,6,,27.57407760620117,25.121978759765625,25.85309410095215
20001_0310_1,2024-05-02,7,,28.62259292602539,26.321857452392575,27.2557430267334
20001_0310_1,2024-05-02,8,,29.427753448486328,28.54743766784668,29.173742294311523
20001_0310_1,2024-05-02,9,,29.853185653686523,29.80537796020508,30.46975326538086
20001_0310_1,2024-05-02,10,,30.016345977783203,30.540786743164062,30.958465576171875
20001_0310_1,2024-05-02,11,,30.23153305053711,30.115020751953125,30.459651947021484
20001_0310_1,2024-05-02,12,,31.993764877319336,30.07631492614746,31.198171615600582
20001_0310_1,2024-05-02,13,,34.46302032470703,30.09566879272461,31.887489318847656
20001_0310_1,2024-05-02,14,,30.83837890625,29.82472801208496,30.022491455078125
20001_0310_1,2024-05-02,15,,27.7529239654541,29.5344352722168,28.566242218017575
20001_0310_1,2024-05-02,16,,26.266002655029297,27.42497062683105,26.197772979736328
20001_0310_1,2024-05-02,17,,21.11097526550293,25.28647804260254,23.28411865234375
20001_0310_1,2024-05-03,1,,23.61233711242676,19.828487396240234,19.826736450195312
20001_0310_1,2024-05-03,2,,22.80608367919922,19.78931427001953,20.336170196533203
20001_0310_1,2024-05-03,3,,24.93204116821289,20.59484100341797,21.975345611572266
20001_0310_1,2024-05-03,4,,23.73702812194824,21.610933303833008,22.637643814086918
20001_0310_1,2024-05-03,5,,25.326345443725582,22.60009384155273,22.915048599243164
20001_0310_1,2024-05-03,6,,27.57407760620117,23.52559471130371,23.52335548400879
20001_0310_1,2024-05-03,7,,28.62259292602539,24.358057022094727,23.758459091186523
20001_0310_1,2024-05-03,8,,29.427753448486328,25.587158203125,24.062049865722656
20001_0310_1,2024-05-03,9,,29.853185653686523,26.517555236816406,24.53726577758789
20001_0310_1,2024-05-03,10,,30.016345977783203,27.50671768188477,25.58666610717773
20001_0310_1,2024-05-03,11,,30.23153305053711,27.722177505493164,26.556922912597656
20001_0310_1,2024-05-03,12,,31.993764877319336,27.751558303833008,27.33011245727539
20001_0310_1,2024-05-03,13,,34.46302032470703,27.379396438598636,28.774715423583984
20001_0310_1,2024-05-03,14,,30.83837890625,26.35106468200684,27.57859230041504
20001_0310_1,2024-05-03,15,,27.7529239654541,24.14259529113769,24.71515274047852
20001_0310_1,2024-05-03,16,,26.266002655029297,20.707468032836918,21.51979255676269
20001_0310_1,2024-05-03,17,,21.11097526550293,16.919769287109375,16.51951789855957
20001_0310_1,2024-05-04,1,,0.0,16.54606819152832,9.401369094848633
20001_0310_1,2024-05-04,2,,0.0,12.375605583190918,2.700242757797241
20001_0310_1,2024-05-04,3,,0.0,10.793370246887209,0.9727357625961304
20001_0310_1,2024-05-04,4,,1.095813870429993,10.871505737304688,1.5776968002319336
20001_0310_1,2024-05-04,5,,1.095813870429993,12.746747016906738,3.770232677459717
20001_0310_1,2024-05-04,6,,1.095813870429993,14.368050575256348,5.327368259429932
20001_0310_1,2024-05-04,7,,1.095813870429993,14.914997100830078,5.899717330932617
20001_0310_1,2024-05-04,8,,1.095813870429993,14.661057472229004,5.440619468688965
20001_0310_1,2024-05-04,9,,1.095813870429993,14.035977363586426,4.949978351593018
20001_0310_1,2024-05-04,10,,1.095813870429993,12.707679748535156,4.366374969482422
20001_0310_1,2024-05-04,11,,1.095813870429993,11.379383087158203,4.813136577606201
20001_0310_1,2024-05-04,12,,1.6437207460403442,10.36362648010254,5.762539863586426
20001_0310_1,2024-05-04,13,,10.958138465881348,9.894816398620604,9.8361177444458
20001_0310_1,2024-05-04,14,,8.92765998840332,9.035330772399902,10.27981948852539
20001_0310_1,2024-05-04,15,,6.376899719238281,7.199155330657959,8.85963249206543
20001_0310_1,2024-05-04,16,,6.376899719238281,3.9565489292144775,6.221084117889404
20001_0310_1,2024-05-04,17,,4.46382999420166,1.0655505657196045,2.6233487129211426
20001_0310_1,2024-05-05,1,15.0,21.46575927734375,3.870288133621216,3.2979440689086914
20001_0310_1,2024-05-05,2,8.590909,20.73280143737793,3.4099552631378174,2.6976442337036133
20001_0310_1,2024-05-05,3,8.590909,22.66549301147461,3.3262581825256348,2.893756866455078
20001_0310_1,2024-05-05,4,8.590909,21.678735733032227,3.7447428703308105,2.796715259552002
20001_0310_1,2024-05-05,5,8.590909,23.12356948852539,4.916500091552734,3.757786750793457
20001_0310_1,2024-05-05,6,9.090909,25.166963577270508,6.339349269866943,5.491409778594971
20001_0310_1,2024-05-05,7,9.090909,26.120155334472656,8.055136680603027,7.228518486022949
20001_0310_1,2024-05-05,8,8.181818,26.85212516784668,9.310590744018556,8.243648529052734
20001_0310_1,2024-05-05,9,8.181818,27.23887825012207,9.833697319030762,8.898548126220703
20001_0310_1,2024-05-05,10,8.181818,27.38720703125,10.231258392333984,9.035639762878418
20001_0310_1,2024-05-05,11,8.181818,27.58283233642578,11.17284870147705,10.32615852355957
20001_0310_1,2024-05-05,12,8.181818,29.23467254638672,11.570408821105955,11.115671157836914
20001_0310_1,2024-05-05,13,11.181818,32.32621383666992,12.239985466003418,12.661406517028809
20001_0310_1,2024-05-05,14,9.848485,28.84649658203125,12.51200008392334,12.53818130493164
20001_0310_1,2024-05-05,15,9.848485,25.809648513793945,12.74216651916504,12.248283386230469
20001_0310_1,2024-05-05,16,9.181818,24.457902908325195,12.260910034179688,11.740859985351562
20001_0310_1,2024-05-05,17,9.181818,19.597597122192383,11.507636070251465,10.263317108154297
20001_0310_1,2024-05-06,1,22.103449,23.61233711242676,9.79191780090332,16.485034942626953
20001_0310_1,2024-05-06,2,21.511393,22.80608367919922,11.285175323486328,18.79326629638672
20001_0310_1,2024-05-06,3,22.9175,24.93204116821289,12.287500381469728,19.697200775146484
20001_0310_1,2024-05-06,4,23.603697,23.73702812194824,13.709163665771484,19.255592346191406
20001_0310_1,2024-05-06,5,24.621561,25.326345443725582,15.816088676452637,20.101036071777344
20001_0310_1,2024-05-06,6,25.514702,27.57407760620117,18.030406951904297,22.419567108154297
20001_0310_1,2024-05-06,7,26.903074,28.62259292602539,20.11176300048828,24.20394897460937
20001_0310_1,2024-05-06,8,28.088827,29.427753448486328,21.89139938354492,25.652633666992188
20001_0310_1,2024-05-06,9,27.864254,29.853185653686523,22.492280960083008,26.2470645904541
20001_0310_1,2024-05-06,10,27.969526,30.016345977783203,23.55852699279785,26.801464080810547
20001_0310_1,2024-05-06,11,27.940868,30.23153305053711,25.225658416748047,28.36593437194824
20001_0310_1,2024-05-06,12,28.896255,31.993764877319336,26.493906021118164,29.4935302734375
20001_0310_1,2024-05-06,13,32.222553,34.46302032470703,27.5473690032959,30.007816314697266
20001_0310_1,2024-05-06,14,29.104752,30.83837890625,27.76215171813965,29.128416061401367
20001_0310_1,2024-05-06,15,26.107752,27.7529239654541,27.14848518371582,27.46560859680176
20001_0310_1,2024-05-06,16,24.850687,26.266002655029297,26.146160125732425,26.505884170532227
20001_0310_1,2024-05-06,17,19.764372,21.11097526550293,25.747278213500977,25.14137458801269
20001_0310_1,2024-05-07,1,20.258621,23.61233711242676,19.898008346557617,22.15456962585449
20001_0310_1,2024-05-07,2,20.107594,22.80608367919922,20.090238571166992,22.117172241210938
20001_0310_1,2024-05-07,3,21.719461,24.93204116821289,21.079923629760746,22.914779663085938
20001_0310_1,2024-05-07,4,22.457891,23.73702812194824,22.43184280395508,23.215124130249023
20001_0310_1,2024-05-07,5,23.926672,25.326345443725582,23.94926071166992,24.507598876953125
20001_0310_1,2024-05-07,6,24.88993,27.57407760620117,25.712968826293945,26.77974510192871
20001_0310_1,2024-05-07,7,25.888613,28.62259292602539,26.674121856689453,27.940753936767575
20001_0310_1,2024-05-07,8,26.993,29.427753448486328,27.76022148132324,29.185550689697266
20001_0310_1,2024-05-07,9,27.165787,29.853185653686523,28.606037139892575,29.98244285583496
20001_0310_1,2024-05-07,10,27.110876,30.016345977783203,28.52914428710937,29.75645637512207
20001_0310_1,2024-05-07,11,27.162653,30.23153305053711,29.1058349609375,30.720504760742188
20001_0310_1,2024-05-07,12,28.197891,31.993764877319336,29.624855041503903,31.99884033203125
20001_0310_1,2024-05-07,13,31.635637,34.46302032470703,29.50951766967773,32.19254302978516
20001_0310_1,2024-05-07,14,28.952766,30.83837890625,28.68292617797852,29.91062355041504
20001_0310_1,2024-05-07,15,25.402422,27.7529239654541,27.5295467376709,27.104127883911133
20001_0310_1,2024-05-07,16,23.976976,26.266002655029297,26.126264572143555,24.940319061279297
20001_0310_1,2024-05-07,17,19.732443,21.11097526550293,24.886381149291992,22.17860412597656
20001_0310_1,2024-05-08,1,19.649122,23.61233711242676,19.21884536743164,22.147762298583984
20001_0310_1,2024-05-08,2,19.203669,22.80608367919922,19.586240768432617,22.54739570617676
20001_0310_1,2024-05-08,3,20.812618,24.93204116821289,20.96457290649414,24.41346549987793
20001_0310_1,2024-05-08,4,21.275635,23.73702812194824,22.31964492797852,24.84376716613769
20001_0310_1,2024-05-08,5,22.783848,25.326345443725582,23.847082138061523,26.301660537719727
20001_0310_1,2024-05-08,6,24.854374,27.57407760620117,25.330982208251957,28.235754013061523
20001_0310_1,2024-05-08,7,25.659542,28.62259292602539,26.26616859436035,29.50286293029785
20001_0310_1,2024-05-08,8,27.039837,29.427753448486328,27.411300659179688,30.322519302368164
20001_0310_1,2024-05-08,9,27.331955,29.853185653686523,28.48008918762207,31.092426300048828
20001_0310_1,2024-05-08,10,27.456615,30.016345977783203,29.33893585205078,31.176921844482425
20001_0310_1,2024-05-08,11,27.466105,30.23153305053711,29.24350929260254,31.05083465576172
20001_0310_1,2024-05-08,12,28.497807,31.993764877319336,29.300765991210938,31.466384887695312
20001_0310_1,2024-05-08,13,31.017542,34.46302032470703,29.300765991210938,31.423311233520508
20001_0310_1,2024-05-08,14,28.714159,30.83837890625,28.70911407470703,29.42445945739746
20001_0310_1,2024-05-08,15,26.043612,27.7529239654541,27.850265502929688,27.240875244140625
20001_0310_1,2024-05-08,16,24.265715,26.266002655029297,26.552452087402344,24.787982940673828
20001_0310_1,2024-05-08,17,19.895235,21.11097526550293,24.806129455566406,21.629365921020508
20001_0310_1,2024-05-09,1,20.824562,23.61233711242676,18.69898223876953,20.57240295410156
20001_0310_1,2024-05-09,2,20.09272,22.80608367919922,18.746204376220703,20.67778778076172
20001_0310_1,2024-05-09,3,22.048113,24.93204116821289,19.936264038085938,22.058185577392575
20001_0310_1,2024-05-09,4,22.896482,23.73702812194824,20.87839126586914,22.181293487548828
20001_0310_1,2024-05-09,5,24.720896,25.326345443725582,22.212482452392575,22.922840118408203
20001_0310_1,2024-05-09,6,26.57767,27.57407760620117,23.36948013305664,24.142871856689453
20001_0310_1,2024-05-09,7,27.420216,28.62259292602539,24.677600860595703,25.55384826660156
20001_0310_1,2024-05-09,8,28.496214,29.427753448486328,26.75547790527344,27.49917984008789
20001_0310_1,2024-05-09,9,28.950993,29.853185653686523,28.257213592529297,29.140655517578125
20001_0310_1,2024-05-09,10,29.228209,30.016345977783203,29.163928985595703,30.11205673217773
20001_0310_1,2024-05-09,11,28.97607,30.23153305053711,29.22059631347656,30.243667602539062
20001_0310_1,2024-05-09,12,30.866074,31.993764877319336,29.44727325439453,30.68682098388672
20001_0310_1,2024-05-09,13,33.7658,34.46302032470703,30.372875213623047,32.0771484375
20001_0310_1,2024-05-09,14,30.818367,30.83837890625,30.58066177368164,30.65903091430664
20001_0310_1,2024-05-09,15,26.974045,27.7529239654541,30.316207885742188,29.37635803222656
20001_0310_1,2024-05-09,16,25.411741,26.266002655029297,28.370555877685547,27.160320281982425
20001_0310_1,2024-05-09,17,21.55026,21.11097526550293,25.952659606933597,23.92145156860352
20001_0310_1,2024-05-10,1,19.732143,23.61233711242676,19.86227035522461,21.105690002441406
20001_0310_1,2024-05-10,2,19.347828,22.80608367919922,20.3319034576416,22.464519500732425
20001_0310_1,2024-05-10,3,21.02548,24.93204116821289,21.277009963989254,23.941518783569336
20001_0310_1,2024-05-10,4,21.949953,23.73702812194824,22.191740036010746,24.563350677490234
20001_0310_1,2024-05-10,5,23.135725,25.326345443725582,23.26184844970703,24.79599380493164
20001_0310_1,2024-05-10,6,24.15913,27.57407760620117,24.19643783569336,24.706438064575195
20001_0310_1,2024-05-10,7,24.893164,28.62259292602539,24.84130859375,24.680570602416992
20001_0310_1,2024-05-10,8,25.598047,29.427753448486328,25.74786376953125,24.41313362121582
20001_0310_1,2024-05-10,9,26.036592,29.853185653686523,26.15908432006836,24.091724395751957
20001_0310_1,2024-05-10,10,26.01595,30.016345977783203,26.62637710571289,23.97429084777832
20001_0310_1,2024-05-10,11,26.680395,30.23153305053711,26.542266845703125,24.13446044921875
20001_0310_1,2024-05-10,12,28.376425,31.993764877319336,27.000215530395508,25.33855628967285
20001_0310_1,2024-05-10,13,31.09028,34.46302032470703,27.20582771301269,27.326866149902344
20001_0310_1,2024-05-10,14,28.740799,30.83837890625,27.093677520751957,26.798173904418945
20001_0310_1,2024-05-10,15,26.159672,27.7529239654541,25.55159950256348,24.2684268951416
20001_0310_1,2024-05-10,16,24.22168,26.266002655029297,23.059743881225582,21.480262756347656
20001_0310_1,2024-05-10,17,19.899399,21.11097526550293,19.813203811645508,17.374841690063477
20001_0310_1,2024-05-11,1,0.0,0.0,16.190771102905273,10.360450744628906
20001_0310_1,2024-05-11,2,0.0,0.0,12.927282333374023,5.195748805999756
20001_0310_1,2024-05-11,3,0.0,0.0,11.458247184753418,3.0337605476379395
20001_0310_1,2024-05-11,4,0.0,1.095813870429993,11.142126083374023,2.2842397689819336
20001_0310_1,2024-05-11,5,0.0,1.095813870429993,11.830154418945312,2.9629783630371094
20001_0310_1,2024-05-11,6,0.0,1.095813870429993,12.406611442565918,3.427760601043701
20001_0310_1,2024-05-11,7,0.0,1.095813870429993,12.573970794677734,3.9921717643737793
20001_0310_1,2024-05-11,8,0.0,1.095813870429993,12.518183708190918,3.9532155990600586
20001_0310_1,2024-05-11,9,0.0,1.095813870429993,12.071894645690918,3.9134888648986816
20001_0310_1,2024-05-11,10,0.0,1.095813870429993,11.216507911682127,3.641926288604736
20001_0310_1,2024-05-11,11,0.0,1.095813870429993,10.063594818115234,3.4245104789733887
20001_0310_1,2024-05-11,12,0.0,1.6437207460403442,9.859045028686523,4.425137996673584
20001_0310_1,2024-05-11,13,0.0,10.958138465881348,10.30533504486084,8.157362937927246
20001_0310_1,2024-05-11,14,0.0,8.92765998840332,10.342525482177734,9.003395080566406
20001_0310_1,2024-05-11,15,0.0,6.376899719238281,9.673091888427734,8.224169731140137
20001_0310_1,2024-05-11,16,0.0,6.376899719238281,7.850745677947998,6.656172275543213
20001_0310_1,2024-05-11,17,0.0,4.46382999420166,5.693682670593262,4.214038848876953
20001_0310_1,2024-05-12,1,,21.46575927734375,0.0,0.046685516834259
20001_0310_1,2024-05-12,2,,20.73280143737793,0.0,0.0787955522537231
20001_0310_1,2024-05-12,3,,22.66549301147461,0.0,0.1750814467668533
20001_0310_1,2024-05-12,4,,21.678735733032227,0.0,0.1705570667982101
20001_0310_1,2024-05-12,5,,23.12356948852539,0.0152530372142791,0.9329969882965088
20001_0310_1,2024-05-12,6,,25.166963577270508,0.1849386394023895,1.681061863899231
20001_0310_1,2024-05-12,7,,26.120155334472656,0.863679051399231,2.929829835891724
20001_0310_1,2024-05-12,8,,26.85212516784668,0.9485214948654176,3.400562524795532
20001_0310_1,2024-05-12,9,,27.23887825012207,1.0333640575408936,4.143857002258301
20001_0310_1,2024-05-12,10,,27.38720703125,1.4151561260223389,5.098322868347168
20001_0310_1,2024-05-12,11,,27.58283233642578,2.051475524902344,6.387544631958008
20001_0310_1,2024-05-12,12,,29.23467254638672,2.602952718734741,7.433633804321289
20001_0310_1,2024-05-12,13,,32.32621383666992,3.196850538253784,8.530308723449707
20001_0310_1,2024-05-12,14,,28.84649658203125,4.214961528778076,9.443769454956056
20001_0310_1,2024-05-12,15,,25.809648513793945,4.5543317794799805,9.305569648742676
20001_0310_1,2024-05-12,16,,24.457902908325195,4.681595802307129,9.403227806091309
20001_0310_1,2024-05-12,17,,19.597597122192383,4.511910438537598,8.896773338317871
20001_0310_1,2024-05-13,1,21.915255,23.61233711242676,8.79057788848877,17.87310791015625
20001_0310_1,2024-05-13,2,20.945965,22.80608367919922,10.979838371276855,19.39302444458008
20001_0310_1,2024-05-13,3,22.62246,24.93204116821289,12.115388870239258,19.3809757232666
20001_0310_1,2024-05-13,4,22.928648,23.73702812194824,13.66014575958252,18.730438232421875
20001_0310_1,2024-05-13,5,24.028551,25.326345443725582,15.018202781677246,18.85047912597656
20001_0310_1,2024-05-13,6,25.730532,27.57407760620117,16.872425079345703,20.60185813903809
20001_0310_1,2024-05-13,7,26.641436,28.62259292602539,18.846851348876957,22.53531837463379
20001_0310_1,2024-05-13,8,26.862007,29.427753448486328,20.330228805541992,23.817703247070312
20001_0310_1,2024-05-13,9,27.283724,29.853185653686523,21.11539649963379,24.42474937438965
20001_0310_1,2024-05-13,10,27.329948,30.016345977783203,21.939245223999023,24.96371459960937
20001_0310_1,2024-05-13,11,27.027506,30.23153305053711,23.35068893432617,26.05765724182129
20001_0310_1,2024-05-13,12,29.32393,31.993764877319336,24.29953956604004,27.07180976867676
20001_0310_1,2024-05-13,13,31.640669,34.46302032470703,25.08726692199707,27.528369903564453
20001_0310_1,2024-05-13,14,29.29069,30.83837890625,25.21002769470215,26.375324249267575
20001_0310_1,2024-05-13,15,25.95263,27.7529239654541,24.48368453979492,24.40041732788086
20001_0310_1,2024-05-13,16,24.768503,26.266002655029297,23.68572807312012,23.213211059570312
20001_0310_1,2024-05-13,17,20.133062,21.11097526550293,23.046342849731445,21.53475379943848
20001_0310_1,2024-05-14,1,19.661016,23.61233711242676,19.059255599975582,19.90770721435547
20001_0310_1,2024-05-14,2,19.425222,22.80608367919922,18.839488983154297,19.40875625610352
20001_0310_1,2024-05-14,3,21.331339,24.93204116821289,19.29383850097656,19.921615600585938
20001_0310_1,2024-05-14,4,21.408173,23.73702812194824,20.335880279541016,20.30226325988769
20001_0310_1,2024-05-14,5,22.851784,25.326345443725582,21.447059631347656,21.20290184020996
20001_0310_1,2024-05-14,6,24.647688,27.57407760620117,23.165685653686523,23.26108169555664
20001_0310_1,2024-05-14,7,25.409067,28.62259292602539,24.08426284790039,24.307636260986328
20001_0310_1,2024-05-14,8,25.957542,29.427753448486328,24.963329315185547,25.298973083496094
20001_0310_1,2024-05-14,9,26.733568,29.853185653686523,25.56583404541016,26.066164016723636
20001_0310_1,2024-05-14,10,26.734093,30.016345977783203,25.27939987182617,25.644794464111328
20001_0310_1,2024-05-14,11,26.75146,30.23153305053711,25.78313446044922,26.50643348693848
20001_0310_1,2024-05-14,12,27.322533,31.993764877319336,26.237483978271484,27.69451713562012
20001_0310_1,2024-05-14,13,30.094414,34.46302032470703,26.237483978271484,28.397443771362305
20001_0310_1,2024-05-14,14,27.041876,30.83837890625,25.605344772338867,26.610754013061523
20001_0310_1,2024-05-14,15,24.647243,27.7529239654541,24.76578712463379,24.59818458557129
20001_0310_1,2024-05-14,16,23.147358,26.266002655029297,23.659543991088867,22.946674346923828
20001_0310_1,2024-05-14,17,19.300245,21.11097526550293,22.42490005493164,20.23053550720215
20001_0310_1,2024-05-15,1,22.271187,23.61233711242676,18.22486114501953,20.29780960083008
20001_0310_1,2024-05-15,2,21.39958,22.80608367919922,18.53589630126953,20.32085227966309
20001_0310_1,2024-05-15,3,23.104803,24.93204116821289,19.972579956054688,21.94034576416016
20001_0310_1,2024-05-15,4,23.51823,23.73702812194824,21.358657836914062,22.21105194091797
20001_0310_1,2024-05-15,5,24.870516,25.326345443725582,22.534912109375,23.093793869018555
20001_0310_1,2024-05-15,6,26.514566,27.57407760620117,23.734617233276367,24.67158508300781
20001_0310_1,2024-05-15,7,27.467531,28.62259292602539,24.208574295043945,25.403573989868164
20001_0310_1,2024-05-15,8,27.999216,29.427753448486328,25.581077575683597,26.754514694213867
20001_0310_1,2024-05-15,9,28.181778,29.853185653686523,26.60798454284668,27.997039794921875
20001_0310_1,2024-05-15,10,28.231133,30.016345977783203,27.51640510559082,28.64048194885254
20001_0310_1,2024-05-15,11,28.039268,30.23153305053711,27.55589866638184,28.71982192993164
20001_0310_1,2024-05-15,12,29.863997,31.993764877319336,27.516403198242188,29.129535675048828
20001_0310_1,2024-05-15,13,33.238144,34.46302032470703,27.41766166687012,29.13199806213379
20001_0310_1,2024-05-15,14,30.760532,30.83837890625,26.64747810363769,27.15626335144043
20001_0310_1,2024-05-15,15,27.143293,27.7529239654541,25.87730026245117,25.12554168701172
20001_0310_1,2024-05-15,16,25.805317,26.266002655029297,24.840517044067383,23.38462257385254
20001_0310_1,2024-05-15,17,20.420092,21.11097526550293,23.16192054748535,20.77716445922852
20001_0310_1,2024-05-16,1,19.16949,23.61233711242676,18.88754272460937,19.9265193939209
20001_0310_1,2024-05-16,2,18.833895,22.80608367919922,18.60339736938477,19.747194290161133
20001_0310_1,2024-05-16,3,20.978703,24.93204116821289,20.080114364624023,21.77695846557617
20001_0310_1,2024-05-16,4,21.36507,23.73702812194824,21.7025146484375,22.506628036499023
20001_0310_1,2024-05-16,5,22.73907,25.326345443725582,23.08230781555176,23.44036865234375
20001_0310_1,2024-05-16,6,23.797398,27.57407760620117,23.81916046142578,24.246490478515625
20001_0310_1,2024-05-16,7,24.986084,28.62259292602539,25.042436599731445,25.68269920349121
20001_0310_1,2024-05-16,8,25.78106,29.427753448486328,26.85326385498047,27.09772682189941
20001_0310_1,2024-05-16,9,25.952236,29.853185653686523,28.009109497070312,28.199106216430664
20001_0310_1,2024-05-16,10,25.971983,30.016345977783203,28.914525985717773,29.26261329650879
20001_0310_1,2024-05-16,11,26.045424,30.23153305053711,28.66409111022949,28.65814971923828
20001_0310_1,2024-05-16,12,28.170137,31.993764877319336,28.606300354003903,28.98291778564453
20001_0310_1,2024-05-16,13,31.050875,34.46302032470703,29.280542373657227,30.46879005432129
20001_0310_1,2024-05-16,14,28.538935,30.83837890625,29.49245262145996,29.59496307373047
20001_0310_1,2024-05-16,15,25.145205,27.7529239654541,29.10717010498047,28.164981842041016
20001_0310_1,2024-05-16,16,23.475935,26.266002655029297,27.27707290649414,26.098079681396484
20001_0310_1,2024-05-16,17,19.28448,21.11097526550293,25.28323745727539,23.58538246154785
20001_0310_1,2024-05-17,1,17.68421,23.61233711242676,16.994352340698242,17.590923309326172
20001_0310_1,2024-05-17,2,17.794752,22.80608367919922,17.379680633544922,18.739152908325195
20001_0310_1,2024-05-17,3,19.999306,24.93204116821289,19.48115539550781,21.63947105407715
20001_0310_1,2024-05-17,4,21.060658,23.73702812194824,21.70393943786621,23.90754508972168
20001_0310_1,2024-05-17,5,22.45214,25.326345443725582,23.54020118713379,25.4219913482666
20001_0310_1,2024-05-17,6,24.445522,27.57407760620117,24.149118423461918,25.38758659362793
20001_0310_1,2024-05-17,7,25.253586,28.62259292602539,23.996889114379883,24.611597061157227
20001_0310_1,2024-05-17,8,26.017223,29.427753448486328,24.225231170654297,23.876384735107425
20001_0310_1,2024-05-17,9,26.45683,29.853185653686523,24.272804260253903,23.0333251953125
20001_0310_1,2024-05-17,10,26.76684,30.016345977783203,24.3964900970459,22.564437866210938
20001_0310_1,2024-05-17,11,27.028545,30.23153305053711,24.191932678222656,23.043182373046875
20001_0310_1,2024-05-17,12,28.606323,31.993764877319336,24.26329040527344,24.002124786376957
20001_0310_1,2024-05-17,13,30.183651,34.46302032470703,24.149118423461918,25.998188018798828
20001_0310_1,2024-05-17,14,28.489136,30.83837890625,23.516416549682617,25.20298194885254
20001_0310_1,2024-05-17,15,25.791159,27.7529239654541,22.02296638488769,22.920297622680664
20001_0310_1,2024-05-17,16,24.271795,26.266002655029297,18.949542999267575,19.02376937866211
20001_0310_1,2024-05-17,17,19.6157,21.11097526550293,15.143815994262695,14.319217681884766
20001_0310_1,2024-05-18,1,9.0,0.0,14.9890775680542,5.977421760559082
20001_0310_1,2024-05-18,2,9.0,0.0,11.13257122039795,0.0
20001_0310_1,2024-05-18,3,11.0,0.0,9.383036613464355,0.0
20001_0310_1,2024-05-18,4,11.0,1.095813870429993,9.006792068481445,0.0
20001_0310_1,2024-05-18,5,11.0,1.095813870429993,9.77809238433838,0.0
20001_0310_1,2024-05-18,6,12.0,1.095813870429993,10.361271858215332,0.6676850914955139
20001_0310_1,2024-05-18,7,12.0,1.095813870429993,10.304835319519045,1.1116374731063845
20001_0310_1,2024-05-18,8,12.0,1.095813870429993,9.815716743469238,1.0905282497406006
20001_0310_1,2024-05-18,9,12.0,1.095813870429993,8.837482452392578,0.5798594951629639
20001_0310_1,2024-05-18,10,12.0,1.095813870429993,7.708748817443848,0.5736299753189087
20001_0310_1,2024-05-18,11,12.0,1.095813870429993,6.279020309448242,0.6135920286178589
20001_0310_1,2024-05-18,12,20.0,1.6437207460403442,5.45128345489502,1.5130075216293335
20001_0310_1,2024-05-18,13,26.714285,10.958138465881348,5.488907814025879,4.994175910949707
20001_0310_1,2024-05-18,14,23.571428,8.92765998840332,5.03741455078125,5.636981010437012
20001_0310_1,2024-05-18,15,16.714285,6.376899719238281,4.021554946899414,5.138400077819824
20001_0310_1,2024-05-18,16,17.194805,6.376899719238281,1.989835858345032,3.737834215164185
20001_0310_1,2024-05-18,17,17.194805,4.46382999420166,0.2214879989624023,1.6096378564834597
20001_0310_1,2024-05-19,1,,21.46575927734375,16.433765411376953,14.13377571105957
20001_0310_1,2024-05-19,2,,20.73280143737793,16.232938766479492,12.446560859680176
20001_0310_1,2024-05-19,3,,22.66549301147461,15.895183563232422,10.78376293182373
20001_0310_1,2024-05-19,4,,21.678735733032227,16.287708282470703,9.71423625946045
20001_0310_1,2024-05-19,5,,23.12356948852539,16.684799194335938,8.452780723571777
20001_0310_1,2024-05-19,6,,25.166963577270508,17.440181732177734,8.1412935256958
20001_0310_1,2024-05-19,7,,26.120155334472656,17.911441802978516,8.449363708496094
20001_0310_1,2024-05-19,8,,26.85212516784668,18.40780258178711,8.46640682220459
20001_0310_1,2024-05-19,9,,27.23887825012207,18.520767211914062,8.709634780883789
20001_0310_1,2024-05-19,10,,27.38720703125,19.006860733032227,9.708057403564451
20001_0310_1,2024-05-19,11,,27.58283233642578,19.326358795166016,11.154215812683104
20001_0310_1,2024-05-19,12,,29.23467254638672,19.88034439086914,12.953339576721191
20001_0310_1,2024-05-19,13,,32.32621383666992,20.788057327270508,16.185253143310547
20001_0310_1,2024-05-19,14,,28.84649658203125,21.080171585083008,16.8893985748291
20001_0310_1,2024-05-19,15,,25.809648513793945,20.683082580566406,16.2882022857666
20001_0310_1,2024-05-19,16,,24.457902908325195,19.97334098815918,16.079177856445312
20001_0310_1,2024-05-19,17,,19.597597122192383,18.72958374023437,14.975448608398438
20001_0310_1,2024-05-20,1,19.51724,23.61233711242676,6.23317289352417,12.748912811279297
20001_0310_1,2024-05-20,2,18.930725,22.80608367919922,6.875113487243652,16.261322021484375
20001_0310_1,2024-05-20,3,20.616766,24.93204116821289,7.481390476226807,18.365598678588867
20001_0310_1,2024-05-20,4,21.678577,23.73702812194824,9.014914512634276,18.597576141357425
20001_0310_1,2024-05-20,5,23.162155,25.326345443725582,11.172548294067385,19.794336318969727
20001_0310_1,2024-05-20,6,24.2044,27.57407760620117,14.19501781463623,21.519311904907227
20001_0310_1,2024-05-20,7,25.255562,28.62259292602539,16.757204055786133,23.638931274414062
20001_0310_1,2024-05-20,8,26.111172,29.427753448486328,18.71534538269043,24.707189559936523
20001_0310_1,2024-05-20,9,26.783209,29.853185653686523,19.41077995300293,24.970705032348636
20001_0310_1,2024-05-20,10,27.156101,30.016345977783203,20.19760513305664,24.85347366333008
20001_0310_1,2024-05-20,11,27.723333,30.23153305053711,21.648656845092773,26.134685516357425
20001_0310_1,2024-05-20,12,28.173643,31.993764877319336,22.780967712402344,27.03227806091309
20001_0310_1,2024-05-20,13,31.354362,34.46302032470703,23.850868225097656,27.88702964782715
20001_0310_1,2024-05-20,14,29.1022,30.83837890625,24.278827667236328,26.90618133544922
20001_0310_1,2024-05-20,15,25.825802,27.7529239654541,23.601224899291992,25.273866653442383
20001_0310_1,2024-05-20,16,24.424442,26.266002655029297,22.459997177124023,23.91605758666992
20001_0310_1,2024-05-20,17,20.404453,21.11097526550293,20.92870140075684,21.915502548217773
20001_0310_1,2024-05-21,1,18.5,23.61233711242676,19.46590805053711,20.770883560180664
20001_0310_1,2024-05-21,2,18.027208,22.80608367919922,18.90098762512207,19.97640609741211
20001_0310_1,2024-05-21,3,19.671871,24.93204116821289,19.61899757385254,20.762720108032227
20001_0310_1,2024-05-21,4,20.510813,23.73702812194824,20.9245662689209,21.20951271057129
20001_0310_1,2024-05-21,5,21.937954,25.326345443725582,22.570810317993164,22.49915313720703
20001_0310_1,2024-05-21,6,23.5226,27.57407760620117,24.192256927490234,24.71981239318848
20001_0310_1,2024-05-21,7,24.197697,28.62259292602539,25.201351165771484,25.84406089782715
20001_0310_1,2024-05-21,8,24.750334,29.427753448486328,26.33981704711914,27.018373489379883
20001_0310_1,2024-05-21,9,25.666576,29.853185653686523,26.75380516052246,27.732032775878903
20001_0310_1,2024-05-21,10,25.79229,30.016345977783203,26.84005355834961,27.900453567504883
20001_0310_1,2024-05-21,11,25.760427,30.23153305053711,27.21953773498535,28.75507926940918
20001_0310_1,2024-05-21,12,26.890236,31.993764877319336,27.633527755737305,30.002073287963867
20001_0310_1,2024-05-21,13,29.602207,34.46302032470703,27.90951919555664,31.04746437072754
20001_0310_1,2024-05-21,14,27.346909,30.83837890625,27.357534408569336,29.05209732055664
20001_0310_1,2024-05-21,15,24.510462,27.7529239654541,26.46056365966797,26.2950382232666
20001_0310_1,2024-05-21,16,23.591518,26.266002655029297,25.27035140991211,24.53799819946289
20001_0310_1,2024-05-21,17,19.927355,21.11097526550293,23.85589408874512,21.822452545166016
20001_0310_1,2024-05-22,1,20.125,23.61233711242676,18.59977149963379,19.975292205810547
20001_0310_1,2024-05-22,2,20.192005,22.80608367919922,18.924718856811523,19.993852615356445
20001_0310_1,2024-05-22,3,21.882315,24.93204116821289,20.314285278320312,21.610576629638672
20001_0310_1,2024-05-22,4,22.3841,23.73702812194824,21.99459648132324,22.408361434936523
20001_0310_1,2024-05-22,5,23.519535,25.326345443725582,23.225969314575195,23.51359367370605
20001_0310_1,2024-05-22,6,26.305874,27.57407760620117,23.987024307250977,24.7298641204834
20001_0310_1,2024-05-22,7,26.923449,28.62259292602539,24.39748191833496,25.57392692565918
20001_0310_1,2024-05-22,8,27.45161,29.427753448486328,25.175642013549805,26.27335548400879
20001_0310_1,2024-05-22,9,27.890596,29.853185653686523,25.79132652282715,26.801979064941406
20001_0310_1,2024-05-22,10,28.036528,30.016345977783203,26.338603973388672,27.189424514770508
20001_0310_1,2024-05-22,11,28.249212,30.23153305053711,26.902982711791992,28.042442321777344
20001_0310_1,2024-05-22,12,31.184841,31.993764877319336,27.72389411926269,29.661205291748047
20001_0310_1,2024-05-22,13,32.517292,34.46302032470703,28.28827667236328,31.269332885742188
20001_0310_1,2024-05-22,14,30.008938,30.83837890625,27.655487060546875,29.477914810180664
20001_0310_1,2024-05-22,15,26.684534,27.7529239654541,26.30439758300781,26.66519927978516
20001_0310_1,2024-05-22,16,24.896057,26.266002655029297,24.50009536743164,24.15427589416504
20001_0310_1,2024-05-22,17,19.376123,21.11097526550293,22.2393741607666,20.424543380737305
20001_0310_1,2024-05-23,1,18.474577,23.61233711242676,16.51648712158203,18.64260673522949
20001_0310_1,2024-05-23,2,19.03278,22.80608367919922,16.052474975585938,18.74364852905273
20001_0310_1,2024-05-23,3,20.62815,24.93204116821289,17.607772827148438,20.77790069580078
20001_0310_1,2024-05-23,4,21.229933,23.73702812194824,19.805383682250977,21.70780563354492
20001_0310_1,2024-05-23,5,22.69981,25.326345443725582,21.801063537597656,23.1186466217041
20001_0310_1,2024-05-23,6,24.21207,27.57407760620117,23.089982986450195,24.28054618835449
20001_0310_1,2024-05-23,7,24.893034,28.62259292602539,23.837560653686523,24.950597763061523
20001_0310_1,2024-05-23,8,25.414646,29.427753448486328,24.868696212768555,25.962072372436523
20001_0310_1,2024-05-23,9,25.99023,29.853185653686523,25.693605422973636,26.735570907592773
20001_0310_1,2024-05-23,10,25.835201,30.016345977783203,26.48414421081543,27.55493927001953
20001_0310_1,2024-05-23,11,26.049072,30.23153305053711,26.827856063842773,28.099044799804688
20001_0310_1,2024-05-23,12,27.200827,31.993764877319336,27.48090934753418,29.606847763061523
20001_0310_1,2024-05-23,13,29.653257,34.46302032470703,28.254261016845703,30.97082901000977
20001_0310_1,2024-05-23,14,27.125519,30.83837890625,28.254261016845703,29.40628433227539
20001_0310_1,2024-05-23,15,24.47603,27.7529239654541,27.18875503540039,26.862306594848636
20001_0310_1,2024-05-23,16,22.667679,26.266002655029297,24.868696212768555,24.086397171020508
20001_0310_1,2024-05-23,17,18.346996,21.11097526550293,22.333816528320312,20.135921478271484
20001_0310_1,2024-05-24,1,19.59649,23.61233711242676,15.941288948059082,16.667606353759766
20001_0310_1,2024-05-24,2,19.822859,22.80608367919922,15.761663436889648,17.02701759338379
20001_0310_1,2024-05-24,3,21.7203,24.93204116821289,16.90785026550293,18.799524307250977
20001_0310_1,2024-05-24,4,22.608229,23.73702812194824,18.498828887939453,19.76370048522949
20001_0310_1,2024-05-24,5,23.865036,25.326345443725582,20.80777740478516,21.632429122924805
20001_0310_1,2024-05-24,6,25.321173,27.57407760620117,22.34796714782715,23.01450538635254
20001_0310_1,2024-05-24,7,25.474161,28.62259292602539,22.835525512695312,23.283544540405277
20001_0310_1,2024-05-24,8,25.947561,29.427753448486328,23.836299896240234,23.64040946960449
20001_0310_1,2024-05-24,9,26.585867,29.853185653686523,24.178447723388672,23.53487777709961
20001_0310_1,2024-05-24,10,26.597536,30.016345977783203,24.87129020690918,24.5228214263916
20001_0310_1,2024-05-24,11,26.78622,30.23153305053711,25.39306259155273,25.377016067504883
20001_0310_1,2024-05-24,12,27.928682,31.993764877319336,26.060245513916016,27.04382705688477
20001_0310_1,2024-05-24,13,31.865152,34.46302032470703,26.43660545349121,28.73154067993164
20001_0310_1,2024-05-24,14,29.285028,30.83837890625,26.29974937438965,27.75411796569824
20001_0310_1,2024-05-24,15,26.236017,27.7529239654541,25.153562545776367,24.97903060913086
20001_0310_1,2024-05-24,16,24.525082,26.266002655029297,22.98093605041504,22.524808883666992
20001_0310_1,2024-05-24,17,20.196222,21.11097526550293,20.4212589263916,18.906190872192383
20001_0310_1,2024-05-25,1,,0.0,17.364070892333984,15.125813484191896
20001_0310_1,2024-05-25,2,,0.0,16.05004119873047,12.898218154907228
20001_0310_1,2024-05-25,3,,0.0,16.160249710083008,12.97950553894043
20001_0310_1,2024-05-25,4,,1.095813870429993,17.618398666381836,14.141151428222656
20001_0310_1,2024-05-25,5,,1.095813870429993,20.14366340637207,16.722471237182617
20001_0310_1,2024-05-25,6,,1.095813870429993,22.09457015991211,18.31053924560547
20001_0310_1,2024-05-25,7,,1.095813870429993,23.17970466613769,19.551801681518555
20001_0310_1,2024-05-25,8,,1.095813870429993,23.620540618896484,19.453651428222656
20001_0310_1,2024-05-25,9,,1.095813870429993,23.277196884155277,19.005704879760746
20001_0310_1,2024-05-25,10,,1.095813870429993,23.29839134216309,18.973655700683597
20001_0310_1,2024-05-25,11,,1.095813870429993,22.99319648742676,19.288145065307617
20001_0310_1,2024-05-25,12,,1.6437207460403442,23.12459945678711,20.217042922973636
20001_0310_1,2024-05-25,13,,10.958138465881348,23.34925842285156,22.55915260314941
20001_0310_1,2024-05-25,14,,8.92765998840332,22.582033157348636,21.400691986083984
20001_0310_1,2024-05-25,15,,6.376899719238281,20.46051406860352,18.153520584106445
20001_0310_1,2024-05-25,16,,6.376899719238281,16.719772338867188,13.706009864807127
20001_0310_1,2024-05-25,17,,4.46382999420166,12.921807289123535,8.5132417678833
20001_0310_1,2024-05-26,1,,21.46575927734375,5.607091903686523,5.147173404693604
20001_0310_1,2024-05-26,2,,20.73280143737793,5.099315643310547,4.409027099609375
20001_0310_1,2024-05-26,3,,22.66549301147461,4.736618518829346,4.327003002166748
20001_0310_1,2024-05-26,4,,21.678735733032227,4.845427989959717,4.243168830871582
20001_0310_1,2024-05-26,5,,23.12356948852539,5.38947343826294,4.846595287322998
20001_0310_1,2024-05-26,6,,25.166963577270508,6.259948253631592,6.521069049835205
20001_0310_1,2024-05-26,7,,26.120155334472656,7.130422115325928,8.093992233276367
20001_0310_1,2024-05-26,8,,26.85212516784668,8.000895500183105,9.078338623046877
20001_0310_1,2024-05-26,9,,27.23887825012207,8.581212043762207,9.945189476013184
20001_0310_1,2024-05-26,10,,27.38720703125,9.30660629272461,10.779208183288574
20001_0310_1,2024-05-26,11,,27.58283233642578,9.723709106445312,12.04640769958496
20001_0310_1,2024-05-26,12,,29.23467254638672,10.104541778564451,12.863582611083984
20001_0310_1,2024-05-26,13,,32.32621383666992,10.594182014465332,14.425142288208008
20001_0310_1,2024-05-26,14,,28.84649658203125,10.666722297668455,14.466880798339844
20001_0310_1,2024-05-26,15,,25.809648513793945,10.7211275100708,13.972857475280762
20001_0310_1,2024-05-26,16,,24.457902908325195,10.104540824890137,12.93085765838623
20001_0310_1,2024-05-26,17,,19.597597122192383,9.30660629272461,11.072513580322266
20001_0310_1,2024-05-27,1,21.321005,23.61233711242676,6.959132671356201,13.213699340820312
20001_0310_1,2024-05-27,2,21.064968,22.80608367919922,8.564794540405273,16.025249481201172
20001_0310_1,2024-05-27,3,23.43186,24.93204116821289,10.055764198303224,17.866044998168945
20001_0310_1,2024-05-27,4,22.98161,23.73702812194824,11.956342697143556,17.98157501220703
20001_0310_1,2024-05-27,5,24.130983,25.326345443725582,13.922457695007324,18.800790786743164
20001_0310_1,2024-05-27,6,25.783976,27.57407760620117,16.216259002685547,20.60909080505371
20001_0310_1,2024-05-27,7,26.734488,28.62259292602539,18.17930221557617,22.33041381835937
20001_0310_1,2024-05-27,8,27.180305,29.427753448486328,19.98055076599121,23.490707397460938
20001_0310_1,2024-05-27,9,28.389694,29.853185653686523,20.741395950317383,23.96209716796875
20001_0310_1,2024-05-27,10,28.472084,30.016345977783203,21.787429809570312,24.823028564453125
20001_0310_1,2024-05-27,11,28.628443,30.23153305053711,23.597381591796875,26.422119140625
20001_0310_1,2024-05-27,12,29.88463,31.993764877319336,24.498519897460938,27.27846908569336
20001_0310_1,2024-05-27,13,32.314922,34.46302032470703,25.73553466796875,28.3315486907959
20001_0310_1,2024-05-27,14,28.735863,30.83837890625,25.58807373046875,26.904224395751957
20001_0310_1,2024-05-27,15,25.876774,27.7529239654541,24.916318893432617,25.57526206970215
20001_0310_1,2024-05-27,16,24.115244,26.266002655029297,23.53184700012207,23.94027137756348
20001_0310_1,2024-05-27,17,19.314383,21.11097526550293,22.073644638061523,21.676414489746094
20001_0310_1,2024-05-28,1,23.563185,23.61233711242676,18.026376724243164,19.73106384277344
20001_0310_1,2024-05-28,2,23.667171,22.80608367919922,17.427471160888672,19.188196182250977
20001_0310_1,2024-05-28,3,25.781927,24.93204116821289,17.653034210205078,19.52703666687012
20001_0310_1,2024-05-28,4,24.470612,23.73702812194824,18.835285186767575,19.844690322875977
20001_0310_1,2024-05-28,5,25.563232,25.326345443725582,20.453105926513672,21.091428756713867
20001_0310_1,2024-05-28,6,28.335775,27.57407760620117,22.30426597595215,22.90552520751953
20001_0310_1,2024-05-28,7,29.839348,28.62259292602539,23.54874420166016,24.175758361816406
20001_0310_1,2024-05-28,8,30.430868,29.427753448486328,24.99544715881348,25.21808433532715
20001_0310_1,2024-05-28,9,31.14078,29.853185653686523,26.04547500610352,26.11322593688965
20001_0310_1,2024-05-28,10,31.197414,30.016345977783203,26.41881561279297,26.276762008666992
20001_0310_1,2024-05-28,11,31.166145,30.23153305053711,27.04105567932129,27.12900924682617
20001_0310_1,2024-05-28,12,32.000774,31.993764877319336,27.21217155456543,27.90010070800781
20001_0310_1,2024-05-28,13,33.987923,34.46302032470703,26.978832244873047,28.265403747558597
20001_0310_1,2024-05-28,14,30.834974,30.83837890625,26.5277099609375,26.841686248779297
20001_0310_1,2024-05-28,15,28.583815,27.7529239654541,25.314342498779297,24.4757080078125
20001_0310_1,2024-05-28,16,27.263422,26.266002655029297,23.968753814697266,22.93728446960449
20001_0310_1,2024-05-28,17,22.437056,21.11097526550293,22.52399253845215,20.40072250366211
20001_0310_1,2024-05-29,1,22.615921,23.61233711242676,21.00814247131348,21.72960090637207
20001_0310_1,2024-05-29,2,22.120953,22.80608367919922,20.830156326293945,21.458534240722656
20001_0310_1,2024-05-29,3,24.404081,24.93204116821289,21.49358367919922,22.37097930908203
20001_0310_1,2024-05-29,4,23.28605,23.73702812194824,22.86598396301269,22.780426025390625
20001_0310_1,2024-05-29,5,24.211744,25.326345443725582,23.67992210388184,23.43844223022461
20001_0310_1,2024-05-29,6,26.386133,27.57407760620117,24.979047775268555,25.109331130981445
20001_0310_1,2024-05-29,7,26.829252,28.62259292602539,25.834571838378903,26.05644798278809
20001_0310_1,2024-05-29,8,27.107285,29.427753448486328,26.991111755371094,26.990772247314453
20001_0310_1,2024-05-29,9,27.719374,29.853185653686523,27.92584991455078,27.949615478515625
20001_0310_1,2024-05-29,10,27.879616,30.016345977783203,28.892274856567383,28.65574836730957
20001_0310_1,2024-05-29,11,27.948112,30.23153305053711,29.621055603027344,29.524084091186523
20001_0310_1,2024-05-29,12,29.161362,31.993764877319336,30.191404342651367,30.98708724975586
20001_0310_1,2024-05-29,13,32.397446,34.46302032470703,30.25477600097656,32.03863525390625
20001_0310_1,2024-05-29,14,29.047483,30.83837890625,29.81117057800293,30.46480941772461
20001_0310_1,2024-05-29,15,26.213251,27.7529239654541,27.941694259643555,27.182241439819336
20001_0310_1,2024-05-29,16,24.68005,26.266002655029297,25.89794540405273,24.4830322265625
20001_0310_1,2024-05-29,17,20.052952,21.11097526550293,23.901721954345703,21.253374099731445
20001_0310_1,2024-05-30,1,,23.61233711242676,18.44744873046875,19.1303653717041
20001_0310_1,2024-05-30,2,,22.80608367919922,18.01663398742676,18.821638107299805
20001_0310_1,2024-05-30,3,,24.93204116821289,18.782527923583984,20.039236068725582
20001_0310_1,2024-05-30,4,,23.73702812194824,20.504539489746094,21.11579322814941
20001_0310_1,2024-05-30,5,,25.326345443725582,22.36267852783203,22.73861694335937
20001_0310_1,2024-05-30,6,,27.57407760620117,23.56536674499512,24.17539405822754
20001_0310_1,2024-05-30,7,,28.62259292602539,24.646394729614254,25.38323783874512
20001_0310_1,2024-05-30,8,,29.427753448486328,26.44943618774414,26.85140609741211
20001_0310_1,2024-05-30,9,,29.853185653686523,27.77379035949707,28.10555076599121
20001_0310_1,2024-05-30,10,,30.016345977783203,28.77902603149414,28.971899032592773
20001_0310_1,2024-05-30,11,,30.23153305053711,29.193883895874023,29.4548397064209
20001_0310_1,2024-05-30,12,,31.993764877319336,29.608739852905277,30.44023704528809
20001_0310_1,2024-05-30,13,,34.46302032470703,29.54491806030273,31.31606674194336
20001_0310_1,2024-05-30,14,,30.83837890625,28.98645401000977,29.70289421081543
20001_0310_1,2024-05-30,15,,27.7529239654541,27.69400978088379,27.275671005249023
20001_0310_1,2024-05-30,16,,26.266002655029297,25.1569881439209,24.35027885437012
20001_0310_1,2024-05-30,17,,21.11097526550293,22.49930191040039,20.70127487182617
20001_0310_1,2024-05-31,1,,23.61233711242676,18.757856369018555,18.06294631958008
20001_0310_1,2024-05-31,2,,22.80608367919922,18.33373069763184,17.76020050048828
20001_0310_1,2024-05-31,3,,24.93204116821289,18.981922149658203,18.84977531433105
20001_0310_1,2024-05-31,4,,23.73702812194824,20.290313720703125,20.082895278930664
20001_0310_1,2024-05-31,5,,25.326345443725582,21.942806243896484,21.435546875
20001_0310_1,2024-05-31,6,,27.57407760620117,23.15516662597656,22.636680603027344
20001_0310_1,2024-05-31,7,,28.62259292602539,23.647314071655277,22.52497673034668
20001_0310_1,2024-05-31,8,,29.427753448486328,24.12745475769043,21.88731575012207
20001_0310_1,2024-05-31,9,,29.853185653686523,24.431547164916992,21.740528106689453
20001_0310_1,2024-05-31,10,,30.016345977783203,24.94369888305664,22.116788864135746
20001_0310_1,2024-05-31,11,,30.23153305053711,25.191770553588867,23.063980102539062
20001_0310_1,2024-05-31,12,,31.993764877319336,25.35982322692871,24.23521614074707
20001_0310_1,2024-05-31,13,,34.46302032470703,25.151762008666992,26.148193359375
20001_0310_1,2024-05-31,14,,30.83837890625,24.387531280517575,25.012739181518555
20001_0310_1,2024-05-31,15,,27.7529239654541,22.63301086425781,22.146015167236328
20001_0310_1,2024-05-31,16,,26.266002655029297,19.84017944335937,19.06623649597168
20001_0310_1,2024-05-31,17,,21.11097526550293,16.75726318359375,14.331695556640623
