trip_id,route_short_name,dist_batatinha_m,perto_batatinha,dist_duda_mendonca_m,perto_duda_mendonca
20001_310_1,310,3612.450792548126,False,7516.791153383718,False
20001_310_2,310,1313.2468624570315,False,4483.544766693158,False
20002_1320_1,1320,1542.6317139465127,False,664.6772214548727,False
20002_1320_10,1320,1523.3708125714547,False,486.0260408789573,True
20002_1367_5,1367,1313.2468624570315,False,2283.121339282515,False
20002_1367_6,1367,1369.7639404046581,False,2209.6825739914266,False
20003_1374_1,1374,2606.1415260464705,False,6724.063591689285,False
20003_1374_10,1374,2538.368305109265,False,6617.759102890112,False
20004_1133_1,1133,6894.659968281833,False,2061.262045918779,False
20004_1133_2,1133,6894.659968281833,False,2122.1577331099375,False
20004_1145_5,1145,6488.818383723452,False,4925.859415690478,False
20004_1145_6,1145,6566.590957248344,False,2742.9857503282014,False
20005_1704_11,1704,2361.472082839481,False,10668.462535272954,False
20005_1704_12,1704,2361.472082839481,False,10668.462535272954,False
20005_1719_10,1719,551.2625811165223,True,1607.986859020668,False
20005_1719_9,1719,518.3532126664572,True,1607.986859020668,False
20006_1317_1,1317,1313.2468624570315,False,3117.35780601061,False
20006_1317_2,1317,1369.7639404046581,False,3277.997865539956,False
20008_1157_1,1157,8147.0886040537025,False,2414.42451433954,False
20008_1157_2,1157,8147.0886040537025,False,2403.4742151383653,False
20008_139901_10,139901,1890.091854463584,False,7070.669836548156,False
20008_139901_11,139901,1790.6508309487133,False,7070.669836548156,False
20009_1137_1,1137,6894.659968281833,False,2122.1577331099375,False
20009_1137_2,1137,6894.659968281833,False,2061.262045918779,False
20009_1163_3,1163,6894.659968281833,False,977.093680064588,False
20009_1163_4,1163,6894.659968281833,False,977.093680064588,False
20010_1365_7,1365,613.0076269799099,False,6252.417344963963,False
20010_1365_8,1365,627.9894513714187,False,6890.94102529325,False
20010_1372_1,1372,1169.0131370606473,False,1223.801196105865,False
20010_1372_10,1372,1180.4616544590344,False,710.7584341646534,False
20011_1403_5,1403,1044.89712504392,False,4483.544766693158,False
20011_1403_6,1403,951.632346383986,False,4406.0761573951795,False
20011_1436_1,1436,518.3532126664572,True,684.7668331094629,False
20011_1436_2,1436,551.2625811165223,True,486.0260408789573,True
20012_1026_10,1026,2798.929461382418,False,10883.333736703442,False
20012_1026_11,1026,2490.371928447095,False,10883.333736703442,False
20012_103602_14,103602,2148.0551665743883,False,10857.625725237865,False
20012_107301_1,107301,2490.371928447095,False,11386.251443463367,False
20013_332_3,332,5714.783389729622,False,3609.3322072312553,False
20013_332_4,332,5714.783389729622,False,4169.4580714929725,False
20013_333_1,333,5714.783389729622,False,1594.051448806416,False
20013_333_2,333,5714.783389729622,False,1698.2234187636043,False
20014_1425_1,1425,2430.846502494433,False,1974.8165754687825,False
20014_1425_10,1425,2429.9034238729637,False,1939.6610687095404,False
20015_1413_1,1413,518.3532126664572,True,1223.801196105865,False
20015_1413_2,1413,551.2625811165223,True,710.7584341646534,False
20015_1420_3,1420,1044.89712504392,False,684.7668331094629,False
20015_1420_4,1420,951.632346383986,False,486.0260408789573,True
20015_1703_15,1703,2361.472082839481,False,10668.462535272954,False
20015_1703_16,1703,2361.472082839481,False,10668.462535272954,False
20015_170401_13,170401,2361.472082839481,False,10668.462535272954,False
20015_170401_14,170401,2361.472082839481,False,10668.462535272954,False
20015_1705_10,1705,2361.472082839481,False,10668.462535272954,False
20015_1705_9,1705,2361.472082839481,False,10668.462535272954,False
20015_1709_7,1709,1312.3942953106732,False,10300.167032373809,False
20015_1709_8,1709,1516.3891032764413,False,10596.046243935036,False
20015_1712_11,1712,337.57293376082384,True,9470.871792850809,False
20015_1712_12,1712,341.5920403219247,True,9470.871792850809,False
20020_417_1,417,7058.730553160174,False,4171.5209026170205,False
20020_417_12,417,7058.730553160174,False,4169.4580714929725,False
20020_431_10,431,5976.758248131432,False,710.7584341646534,False
20020_431_17,431,5963.259628048834,False,710.7584341646534,False
20021_1247_7,1247,3171.205685161584,False,2820.872090945392,False
20021_1247_8,1247,3150.472599699407,False,3631.331980680532,False
20021_1310_1,1310,1369.7639404046581,False,6444.1731225978,False
20021_1310_14,1310,3150.472599699407,False,3602.4824785818587,False
20021_1338_3,1338,624.7127401982767,False,7070.669836548156,False
20021_1338_4,1338,624.7127401982767,False,7070.669836548156,False
20021_134601_5,134601,2016.3795919919644,False,6252.417344963963,False
20021_134601_6,134601,1970.9655659788993,False,6886.632060756794,False
20021_1347_10,1347,3886.9523331248383,False,486.0260408789573,True
20021_1347_11,1347,3886.9523331248383,False,684.7668331094629,False
20026_1701_7,1701,1312.3942953106732,False,10300.167032373809,False
20026_1701_8,1701,1345.1067264486135,False,10360.274390795423,False
20026_1702_19,1702,1312.3942953106732,False,10300.167032373809,False
20026_1702_20,1702,2175.452383581624,False,10668.462535272954,False
20026_1715_17,1715,351.866590261534,True,8237.930150781078,False
20026_1715_18,1715,2155.7516215243672,False,10668.462535272954,False
20026_1716_10,1716,2155.7516215243672,False,10668.462535272954,False
20026_1716_11,1716,1312.3942953106732,False,10300.167032373809,False
20026_1720_3,1720,2361.472082839481,False,7070.669836548156,False
20026_1720_4,1720,2361.472082839481,False,7070.669836548156,False
20027_142002_7,142002,1044.89712504392,False,710.7584341646534,False
20027_142002_8,142002,951.632346383986,False,977.093680064588,False
20029_1303_10,1303,951.632346383986,False,5436.66329712303,False
20029_1303_3,1303,1029.6854639803812,False,5620.133809214623,False
20029_130801_1,130801,337.57293376082384,True,6252.417344963963,False
20029_130801_12,130801,337.57293376082384,True,6890.94102529325,False
20029_1308_5,1308,1029.6854639803812,False,977.093680064588,False
20029_1308_6,1308,951.632346383986,False,977.093680064588,False
20030_933_1,933,5221.93612811931,False,664.6772214548727,False
20030_933_2,933,4895.514607522062,False,486.0260408789573,True
20031_1237_1,1237,3448.968900511268,False,6615.882872885637,False
20031_1237_12,1237,3435.5961437851793,False,6615.882872885637,False
20031_1245_3,1245,3171.205685161584,False,5746.596775186891,False
20031_1245_4,1245,3150.472599699407,False,5746.596775186891,False
20031_1310_21,1310,1369.7639404046581,False,6700.615830742942,False
20031_1310_22,1310,3150.472599699407,False,3602.4824785818587,False
20031_1340_19,1340,3886.9523331248383,False,3117.35780601061,False
20031_1340_20,1340,3886.9523331248383,False,1223.801196105865,False
20031_1346_13,1346,2736.927784801955,False,5610.346515408361,False
20031_1346_14,1346,2705.931142376168,False,5799.213226499903,False
20031_1397_15,1397,934.7281595784939,False,7070.669836548156,False
20031_1397_16,1397,1313.2468624570315,False,7070.669836548156,False
20031_1398_17,1398,3886.9523331248383,False,6431.162257790023,False
20031_1398_18,1398,3886.9523331248383,False,6431.162257790023,False
20032_1036_2,1036,1679.8490010156142,False,10771.069770739075,False
20032_1036_3,1036,1679.8490010156142,False,10771.069770739075,False
20032_105401_1,105401,2947.129926734191,False,11481.364937613087,False
20032_1054_12,1054,3905.352063033241,False,11681.607628672286,False
20032_1054_13,1054,3897.7581727201473,False,11682.310318166774,False
20032_1067_10,1067,5885.386971150427,False,11498.602480833784,False
20032_1067_11,1067,7890.255000836699,False,13562.910654716376,False
20032_1073_14,1073,2962.0597567644954,False,11523.21848522356,False
20032_1073_15,1073,2490.371928447095,False,11386.251443463367,False
20033_331_10,331,1313.2468624570315,False,4483.544766693158,False
20033_331_3,331,1369.7639404046581,False,6252.417344963963,False
20034_1706_11,1706,1027.1572326503344,False,7070.669836548156,False
20034_1706_12,1706,951.632346383986,False,7070.669836548156,False
20034_1714_10,1714,343.30421615337127,True,8008.62922937542,False
20034_1714_9,1714,1312.3942953106732,False,10300.167032373809,False
20035_1334_11,1334,143.89271921455008,True,1223.801196105865,False
20035_1334_12,1334,235.46361915246197,True,710.7584341646534,False
20037_1234_1,1234,3616.0930295843527,False,710.7584341646534,False
20037_1234_10,1234,3577.8352282280384,False,977.093680064588,False
20037_1239_7,1239,3616.0930295843527,False,2283.121339282515,False
20037_1239_8,1239,3577.8352282280384,False,2209.6825739914266,False
20038_1229_3,1229,2556.7828267331865,False,2742.9857503282014,False
20038_1229_4,1229,2556.7828267331865,False,2742.9857503282014,False
20039_1130_7,1130,4748.203217681305,False,3047.174258825936,False
20039_1130_8,1130,4761.732617224665,False,3061.528731001669,False
20040_105402_18,105402,2962.0597567644954,False,11523.21848522356,False
20041_1225_7,1225,2556.7828267331865,False,1223.801196105865,False
20041_1225_8,1225,2556.7828267331865,False,710.7584341646534,False
20041_1230_1,1230,2556.7828267331865,False,1223.801196105865,False
20041_1230_10,1230,2556.7828267331865,False,486.0260408789573,True
20041_1231_5,1231,2556.7828267331865,False,664.6772214548727,False
20041_1231_6,1231,2556.7828267331865,False,710.7584341646534,False
20043_1327_13,1327,3886.9523331248383,False,4951.703646818123,False
20043_1327_14,1327,3886.9523331248383,False,4576.244450543595,False
20043_1341_3,1341,3886.9523331248383,False,664.6772214548727,False
20043_1341_4,1341,3886.9523331248383,False,3277.997865539956,False
20043_1388_5,1388,3886.9523331248383,False,2283.121339282515,False
20043_1388_6,1388,3886.9523331248383,False,1782.3135416449757,False
20044_135702_5,135702,2429.9034238729637,False,8815.65106830681,False
20044_135702_6,135702,2545.725702656344,False,9460.554595930724,False
20044_137202_7,137202,1180.4616544590344,False,8815.65106830681,False
20045_1142_1,1142,3770.356483839228,False,3047.174258825936,False
20045_1142_10,1142,3763.9992004845135,False,3061.528731001669,False
20047_1324_13,1324,192.15536103097253,True,7070.669836548156,False
20047_1324_14,1324,178.87241101076344,True,7070.669836548156,False
20047_138901_17,138901,351.866590261534,True,7070.669836548156,False
20047_138901_18,138901,343.30421615337127,True,7070.669836548156,False
20048_1339_17,1339,3886.9523331248383,False,4483.544766693158,False
20048_1339_18,1339,3886.9523331248383,False,4406.0761573951795,False
20048_1399_3,1399,1790.6508309487133,False,7070.669836548156,False
20048_1399_4,1399,1890.091854463584,False,7070.669836548156,False
20049_1389_1,1389,351.866590261534,True,7070.669836548156,False
20049_1389_2,1389,343.30421615337127,True,7070.669836548156,False
20050_1713_27,1713,1312.3942953106732,False,10300.167032373809,False
20050_1713_28,1713,2175.452383581624,False,10668.462535272954,False
20052_103601_1,103601,1749.094189629342,False,10812.147562413797,False
20054_1386_1,1386,143.89271921455008,True,664.6772214548727,False
20054_1386_2,1386,192.15536103097253,True,486.0260408789573,True
20059_102602_18,102602,2798.929461382418,False,10883.333736703442,False
20059_1042_4,1042,5896.489468907188,False,11813.13396055151,False
20059_1042_5,1042,5940.189658721188,False,11813.13396055151,False
20063_1215_1,1215,4929.45235377804,False,1223.801196105865,False
20063_1215_2,1215,4593.961982570277,False,710.7584341646534,False
20064_708_10,708,11684.94853525316,False,2626.329419340142,False
20064_708_11,708,11693.292715139818,False,2626.329419340142,False
20066_1211_10,1211,3763.9992004845135,False,2209.6825739914266,False
20066_1211_3,1211,3922.713103700815,False,2283.121339282515,False
20066_1248_1,1248,3922.713103700815,False,977.093680064588,False
20066_1248_2,1248,3763.9992004845135,False,977.093680064588,False
20068_1203_5,1203,3461.5746874881065,False,3047.174258825936,False
20068_1203_6,1203,3461.5746874881065,False,3061.528731001669,False
20071_135701_7,135701,2545.725702656344,False,9460.554595930724,False
20071_135701_8,135701,2429.9034238729637,False,8815.65106830681,False
20078_1146_7,1146,3763.9992004845135,False,2742.9857503282014,False
20078_1146_8,1146,3770.356483839228,False,2742.9857503282014,False
20080_339_1,339,8261.3848180793,False,664.6772214548727,False
20080_339_2,339,7264.1707890714715,False,486.0260408789573,True
20080_341_10,341,7264.1707890714715,False,486.0260408789573,True
20080_341_11,341,8261.3848180793,False,664.6772214548727,False
20081_14001_1,14001,11056.636607788121,False,2861.499574500408,False
20081_14001_10,14001,11144.037298362702,False,2935.179419769478,False
20083_1141_3,1141,4748.203217681305,False,3047.174258825936,False
20083_1141_4,1141,4761.732617224665,False,3061.528731001669,False
20083_125001_6,125001,4048.3748592736065,False,4082.692866542666,False
20083_125001_7,125001,4085.0556246134533,False,4140.983471654046,False
20085_102601_1,102601,2490.371928447095,False,10883.333736703442,False
20087_130802_3,130802,951.632346383986,False,6890.94102529325,False
20088_143601_7,143601,551.2625811165223,True,6890.94102529325,False
20088_143602_5,143602,518.3532126664572,True,710.7584341646534,False
20088_143602_6,143602,551.2625811165223,True,977.093680064588,False
20089_1250_1,1250,4173.262861163282,False,977.093680064588,False
20089_1250_10,1250,4085.0556246134533,False,977.093680064588,False
20094_1249_1,1249,3171.205685161584,False,977.093680064588,False
20094_1249_10,1249,3150.472599699407,False,977.093680064588,False
20095_13801_1,13801,11693.292715139818,False,4821.385102479261,False
20095_13801_10,13801,11693.292715139818,False,5185.531996838218,False
20097_122901_5,122901,2688.0089663260633,False,2742.9857503282014,False
20097_122901_6,122901,2688.0089663260633,False,2742.9857503282014,False
20101_1357_10,1357,2429.9034238729637,False,6890.94102529325,False
20101_1357_5,1357,2430.846502494433,False,6252.417344963963,False
20106_1363_10,1363,1592.2835485256728,False,1571.33114942349,False
20106_1363_9,1363,1542.6317139465127,False,1679.0270932903713,False
20116_133401_5,133401,192.15536103097253,True,6890.94102529325,False
20119_137_10,137,11693.292715139818,False,5222.4988781831535,False
20119_137_11,137,11693.292715139818,False,5185.531996838218,False
20119_403_14,403,8102.017383245858,False,3632.2178102726107,False
20119_403_15,403,8085.5192795744315,False,3632.2178102726107,False
20125_1149_1,1149,6912.014260912449,False,2283.121339282515,False
20125_1149_10,1149,8065.904915730479,False,2209.6825739914266,False
20126_130901_3,130901,1112.6629836849374,False,1223.801196105865,False
20126_130901_4,130901,1143.3824423376736,False,1223.801196105865,False
20126_1309_1,1309,1112.6629836849374,False,1223.801196105865,False
20126_1309_10,1309,1143.3824423376736,False,710.7584341646534,False
20202_123102_3,123102,2556.7828267331865,False,6331.641458300425,False
20202_123102_4,123102,2556.7828267331865,False,6387.288594128986,False
20203_1102_1,1102,4748.203217681305,False,1223.801196105865,False
20203_1102_2,1102,4593.961982570277,False,710.7584341646534,False
20203_1134_3,1134,4748.203217681305,False,860.1413598635754,False
20203_1134_4,1134,4593.961982570277,False,1926.9375776937263,False
20209_1154_13,1154,8102.017383245858,False,2742.9857503282014,False
20209_1154_14,1154,8085.5192795744315,False,2742.9857503282014,False
20210_518_1,518,2556.7828267331865,False,664.6772214548727,False
20210_518_2,518,2556.7828267331865,False,486.0260408789573,True
20265_1405_13,1405,951.632346383986,False,7070.669836548156,False
20265_1405_14,1405,1044.89712504392,False,7070.669836548156,False
20276_139902_1,139902,1939.669909078154,False,7070.669836548156,False
20282_130902_10,130902,1143.3824423376736,False,6870.038852159313,False
20287_123101_1,123101,2688.0089663260633,False,664.6772214548727,False
20287_123101_2,123101,2688.0089663260633,False,710.7584341646534,False
20310_132101_1,132101,1313.2468624570315,False,5620.133809214623,False
20310_132101_2,132101,1369.7639404046581,False,5436.66329712303,False
20310_1321_10,1321,1369.7639404046581,False,3277.997865539956,False
20310_1321_11,1321,1313.2468624570315,False,3117.35780601061,False
20312_137201_1,137201,1169.0131370606473,False,8469.526934939599,False
20312_137201_2,137201,1180.4616544590344,False,7828.747977864622,False
20315_1131_7,1131,4748.203217681305,False,2742.9857503282014,False
20315_1131_8,1131,4761.732617224665,False,2209.6825739914266,False
20318_805_1,805,9101.093503171873,False,233.1077379825996,True
20318_805_10,805,9093.450460150294,False,266.9875795512425,True
20324_116_1,116,11056.636607788121,False,2861.499574500408,False
20324_116_10,116,11144.037298362702,False,2935.179419769478,False
20403_140_1,140,11693.292715139818,False,2626.329419340142,False
20403_140_10,140,11693.292715139818,False,2626.329419340142,False
20407_1007_1,1007,6602.650615406916,False,1903.5773114418319,False
20407_1007_2,1007,6568.576293688557,False,1815.4587853163455,False
20420_354_15,354,5673.359711813752,False,2742.9857503282014,False
20420_354_16,354,5673.359711813752,False,2742.9857503282014,False
20422_111801_23,111801,6425.479855121081,False,2742.9857503282014,False
20422_111801_24,111801,6414.836994734719,False,2588.953001072397,False
20422_1118_15,1118,5513.07656466578,False,2742.9857503282014,False
20422_1118_16,1118,5523.243842607111,False,2742.9857503282014,False
20422_1144_19,1144,8147.0886040537025,False,2742.9857503282014,False
20422_1144_20,1144,8147.0886040537025,False,2742.9857503282014,False
20422_1156_10,1156,7019.052156917487,False,2742.9857503282014,False
20422_1156_11,1156,6871.6731044597445,False,2742.9857503282014,False
20422_1158_1,1158,6798.414161473849,False,977.093680064588,False
20422_1158_2,1158,5908.542265117924,False,1223.801196105865,False
20514_1162_1,1162,4929.45235377804,False,2742.9857503282014,False
20514_1162_10,1162,4895.514607522062,False,2742.9857503282014,False
20515_138_5,138,11693.292715139818,False,4819.873818211489,False
20515_138_6,138,11693.292715139818,False,5185.531996838218,False
20528_136501_11,136501,1775.2742070024792,False,8230.444757345738,False
20528_136501_12,136501,1550.112308263705,False,8469.526934939599,False
20541_1143_5,1143,8147.0886040537025,False,2742.9857503282014,False
20541_1143_6,1143,8147.0886040537025,False,2742.9857503282014,False
20541_1155_11,1155,7644.393199119045,False,2742.9857503282014,False
20541_1155_12,1155,7647.589444142554,False,2742.9857503282014,False
20541_301_10,301,5963.259628048834,False,2742.9857503282014,False
20541_301_7,301,5976.758248131432,False,2742.9857503282014,False
20573_1107_11,1107,3763.9992004845135,False,2742.9857503282014,False
20573_1107_12,1107,3770.356483839228,False,2742.9857503282014,False
20573_1123_5,1123,5446.128681700771,False,2742.9857503282014,False
20573_1123_6,1123,5206.969167564552,False,2742.9857503282014,False
20738_136_5,136,11693.292715139818,False,5222.4988781831535,False
20738_136_6,136,11693.292715139818,False,5185.531996838218,False
20775_115801_3,115801,5908.542265117924,False,710.7584341646534,False
20775_115801_4,115801,5970.044782899606,False,1223.801196105865,False
20858_104201_19,104201,5896.489468907188,False,11813.13396055151,False
20858_1048_10,1048,6593.629643309444,False,12641.087257807276,False
20858_1048_11,1048,6580.252228629142,False,12641.087257807276,False
21041_124702_1,124702,3430.107579709991,False,3313.9414596633123,False
21041_124702_10,124702,3430.107579709991,False,3631.331980680532,False
21062_903_1,903,5908.542265117924,False,1903.5773114418319,False
21062_903_10,903,5970.044782899606,False,1815.4587853163455,False
21064_113302_1,113302,6939.82149721245,False,2346.8203041804027,False
21066_100501_1,100501,6568.576293688557,False,1815.4587853163455,False
21066_1005_2,1005,6602.650615406916,False,1903.5773114418319,False
21066_1005_3,1005,6568.576293688557,False,1815.4587853163455,False
21129_13701_5,13701,11693.292715139818,False,5222.4988781831535,False
21129_13701_6,13701,11693.292715139818,False,5269.8104727465125,False
21148_138602_17,138602,192.15536103097253,True,6890.94102529325,False
21188_1001_2,1001,6693.343989594189,False,1815.4587853163455,False
21188_1001_3,1001,6602.650615406916,False,1903.5773114418319,False
21216_123001_1,123001,2688.0089663260633,False,1223.801196105865,False
21216_123001_2,123001,2688.0089663260633,False,486.0260408789573,True
21218_100502_5,100502,6602.650615406916,False,1903.5773114418319,False
21223_1035_1,1035,6568.576293688557,False,1815.4587853163455,False
21223_1035_2,1035,6602.650615406916,False,1903.5773114418319,False
21260_90301_1,90301,5970.044782899606,False,1815.4587853163455,False
21310_115601_1,115601,6871.6731044597445,False,2742.9857503282014,False
21311_114401_10,114401,8147.0886040537025,False,2742.9857503282014,False
21311_114401_11,114401,8147.0886040537025,False,2742.9857503282014,False
21318_40301_1,40301,8085.5192795744315,False,3632.2178102726107,False
21334_115602_15,115602,6871.6731044597445,False,2742.9857503282014,False
21340_70804_19,70804,11693.292715139818,False,4341.614985245221,False
21340_70804_20,70804,11684.94853525316,False,4341.614985245221,False
21352_40302_26,40302,8102.017383245858,False,3749.979691593076,False
21416_31001_7,31001,1313.2468624570315,False,4483.544766693158,False
21438_13601_30,13601,11693.292715139818,False,5185.531996838218,False
21477_115701_11,115701,8147.0886040537025,False,2283.121339282515,False
21477_115701_12,115701,8147.0886040537025,False,2403.4742151383653,False
21479_1069_1,1069,5313.79685480994,False,11498.602480833784,False
21479_1069_10,1069,5313.79685480994,False,12908.158585663787,False
21481_1103_1,1103,6819.230846473085,False,1223.801196105865,False
21481_1103_10,1103,6894.659968281833,False,2061.262045918779,False
21484_1307_1,1307,351.866590261534,True,6252.417344963963,False
21484_1307_10,1307,343.30421615337127,True,7976.355406082466,False
21493_106901_1,106901,5313.79685480994,False,11498.602480833784,False
21493_106901_10,106901,5313.79685480994,False,12908.158585663787,False
21494_102404_1,102404,7547.765226792637,False,14643.677807598679,False
21494_102404_10,102404,7874.34833486534,False,15226.59332017524,False
21495_1204_1,1204,4835.701889998316,False,3609.532737764017,False
21495_1204_10,1204,4835.701889998316,False,3573.0819623685074,False
21497_120401_1,120401,4835.701889998316,False,3382.9518375759812,False
21500_1024_1,1024,7874.34833486534,False,14940.962607730173,False
21500_1024_10,1024,7795.929035173542,False,15214.857580736681,False
30001_12502_3,12502,6602.650615406916,False,1134.9461009398094,False
30001_12503_4,12503,6568.576293688557,False,1245.923239214775,False
30001_12503_5,12503,6602.650615406916,False,977.093680064588,False
30001_12504_1,12504,8068.828793509024,False,1134.9461009398094,False
30001_12504_2,12504,9524.300375517674,False,1855.5033380548073,False
30001_125_8,125,6568.576293688557,False,1245.923239214775,False
30001_125_9,125,6602.650615406916,False,1134.9461009398094,False
30002_1049_5,1049,5885.386971150427,False,11101.08230461241,False
30002_1049_6,1049,7028.56283645785,False,11100.805778778546,False
30002_1053_1,1053,5693.94001947859,False,1815.4587853163455,False
30002_1053_2,1053,5799.748278350161,False,860.1413598635754,False
30002_1078_10,1078,7890.255000836699,False,11271.099034771307,False
30002_1078_9,1078,5885.386971150427,False,11100.415360124394,False
30002_1505_11,1505,2984.452586317315,False,5620.133809214623,False
30002_1505_12,1505,2984.452586317315,False,5436.66329712303,False
30004_203_3,203,1369.7639404046581,False,4406.0761573951795,False
30004_203_4,203,1313.2468624570315,False,4483.544766693158,False
30004_213_10,213,6532.236921625954,False,4206.16194024264,False
30004_213_11,213,6769.758512111917,False,4040.532319120064,False
30004_728_1,728,6854.444485040255,False,2619.979868388161,False
30004_728_2,728,6532.236921625954,False,2619.979868388161,False
30006_1604_10,1604,4948.327581840955,False,5222.4988781831535,False
30006_1604_11,1604,4952.069822386876,False,4626.45363808957,False
30006_171802_1,171802,2361.472082839481,False,10668.462535272954,False
30006_1718_2,1718,2361.472082839481,False,10668.462535272954,False
30006_1718_3,1718,2361.472082839481,False,10668.462535272954,False
30007_1633_5,1633,4952.069822386876,False,5324.463510780958,False
30007_1633_6,1633,4948.327581840955,False,3320.1120830081863,False
30007_1637_7,1637,4952.069822386876,False,710.7584341646534,False
30007_1637_8,1637,4948.327581840955,False,1223.801196105865,False
30007_1649_1,1649,4952.069822386876,False,939.3446578102388,False
30007_1649_2,1649,4948.327581840955,False,939.3446578102388,False
30008_216_10,216,6532.236921625954,False,4456.292865300178,False
30008_216_9,216,6854.444485040255,False,4626.45363808957,False
30008_217_3,217,6854.444485040255,False,710.7584341646534,False
30008_217_4,217,6532.236921625954,False,710.7584341646534,False
30008_219_1,219,6566.590957248344,False,710.7584341646534,False
30008_219_2,219,6431.3084072956335,False,1223.801196105865,False
30009_1671_1,1671,2525.2759427786705,False,977.093680064588,False
30009_1671_2,1671,2465.2405439190293,False,977.093680064588,False
30011_201_1,201,6854.444485040255,False,5620.133809214623,False
30011_201_12,201,6532.236921625954,False,5436.66329712303,False
30012_1711_10,1711,2361.472082839481,False,10668.462535272954,False
30012_1711_11,1711,2361.472082839481,False,10668.462535272954,False
30013_120_10,120,7747.042502510107,False,593.655870386593,True
30013_120_11,120,7390.335185845212,False,664.6772214548727,False
30013_160602_1,160602,4952.069822386876,False,4951.703646818123,False
30014_1568_1,1568,4952.069822386876,False,5620.133809214623,False
30014_1568_2,1568,4948.327581840955,False,5436.66329712303,False
30015_1055_2,1055,3560.645806393864,False,2440.6597320389096,False
30015_1055_3,1055,3612.450792548126,False,2430.2728740562966,False
30015_1077_10,1077,5885.386971150427,False,11236.389862158858,False
30015_1077_11,1077,7489.430364476157,False,11260.837534462735,False
30015_20301_1,20301,1369.7639404046581,False,4406.0761573951795,False
30017_155003_1,155003,3886.9523331248383,False,7070.669836548156,False
30017_302_12,302,4751.551253258307,False,5660.91901405137,False
30017_302_13,302,4758.374738181558,False,5436.66329712303,False
30017_347_10,347,4751.551253258307,False,977.093680064588,False
30017_347_11,347,4758.374738181558,False,977.093680064588,False
30018_171701_1,171701,2361.472082839481,False,10668.462535272954,False
30018_171702_20,171702,2361.472082839481,False,10668.462535272954,False
30019_131802_10,131802,3886.9523331248383,False,7070.669836548156,False
30019_164702_8,164702,3886.9523331248383,False,7070.669836548156,False
30019_164702_9,164702,3886.9523331248383,False,7070.669836548156,False
30019_1674_1,1674,4952.069822386876,False,977.093680064588,False
30019_1674_3,1674,4948.327581840955,False,977.093680064588,False
30020_1636_3,1636,2525.2759427786705,False,710.7584341646534,False
30020_1636_4,1636,2465.2405439190293,False,1223.801196105865,False
30021_1502_1,1502,2767.6340954336615,False,1594.051448806416,False
30021_1502_2,1502,2742.0809118009456,False,1698.2234187636043,False
30021_1519_10,1519,2984.452586317315,False,977.093680064588,False
30021_1519_11,1519,2984.452586317315,False,977.093680064588,False
30021_1521_3,1521,2761.5350562156686,False,7070.669836548156,False
30021_1521_4,1521,2742.0809118009456,False,7070.669836548156,False
30022_104101_1,104101,6914.898648061181,False,13194.769315109761,False
30022_1046_14,1046,6913.846825286355,False,13243.315540484824,False
30022_1046_15,1046,7336.420914576229,False,13562.910654716376,False
30022_1079_12,1079,5885.386971150427,False,11498.602480833784,False
30022_1079_13,1079,7890.255000836699,False,13562.910654716376,False
30024_1633_7,1633,4952.069822386876,False,5324.463510780958,False
30024_1633_8,1633,4948.327581840955,False,3296.8868991467584,False
30024_1672_1,1672,4952.069822386876,False,977.093680064588,False
30024_1672_2,1672,4948.327581840955,False,977.093680064588,False
30026_134201_12,134201,3886.9523331248383,False,6352.879121504784,False
30026_134201_13,134201,3886.9523331248383,False,6220.845638469805,False
30026_134203_4,134203,3886.9523331248383,False,6469.871596652516,False
30026_134203_5,134203,3886.9523331248383,False,6437.734995141401,False
30026_1342_10,1342,3886.9523331248383,False,6352.879121504784,False
30026_1342_11,1342,3886.9523331248383,False,6220.845638469805,False
30026_155004_1,155004,3886.9523331248383,False,7070.669836548156,False
30027_200701_1,200701,5619.453730517136,False,3814.6271345456553,False
30027_2009_10,2009,6431.3084072956335,False,710.7584341646534,False
30027_2009_11,2009,6556.23333837967,False,1245.923239214775,False
30028_1511_3,1511,2767.6340954336615,False,3669.7926426684007,False
30028_1511_4,1511,2742.0809118009456,False,3669.7926426684007,False
30029_152101_17,152101,2761.5350562156686,False,7070.669836548156,False
30029_152101_18,152101,2742.0809118009456,False,7070.669836548156,False
30032_164701_16,164701,3886.9523331248383,False,7070.669836548156,False
30034_105302_5,105302,5693.94001947859,False,9914.72567203667,False
30034_105302_6,105302,5723.2479540381055,False,9677.050455575252,False
30035_170802_16,170802,2361.472082839481,False,10668.462535272954,False
30035_170804_2,170804,2361.472082839481,False,10668.462535272954,False
30035_170804_3,170804,2361.472082839481,False,10668.462535272954,False
30035_170805_1,170805,2361.472082839481,False,10668.462535272954,False
30035_1708_10,1708,2361.472082839481,False,10668.462535272954,False
30035_1708_11,1708,2361.472082839481,False,10668.462535272954,False
30036_1522_1,1522,3026.8842957755305,False,7070.669836548156,False
30036_1522_10,1522,3067.83099271157,False,7070.669836548156,False
30039_102501_1,102501,7522.534612326606,False,13562.910654716376,False
30039_1041_12,1041,7043.700478448181,False,13243.315540484824,False
30039_1041_13,1041,6959.782214725821,False,13250.81130971406,False
30039_107901_8,107901,5885.386971150427,False,11498.602480833784,False
30039_107901_9,107901,7890.255000836699,False,13562.910654716376,False
30041_32102_7,32102,3734.8386497672855,False,5620.133809214623,False
30041_32102_8,32102,3665.2923488150013,False,5436.66329712303,False
30041_321_10,321,3665.2923488150013,False,5436.66329712303,False
30041_321_5,321,3734.8386497672855,False,5620.133809214623,False
30041_321_6,321,3665.2923488150013,False,5436.66329712303,False
30041_321_9,321,3734.8386497672855,False,5620.133809214623,False
30041_325_11,325,3734.8386497672855,False,7070.669836548156,False
30041_325_12,325,3665.2923488150013,False,7070.669836548156,False
30042_1025_12,1025,5885.386971150427,False,11498.602480833784,False
30042_1025_13,1025,7522.534612326606,False,13562.910654716376,False
30043_1638_1,1638,4952.069822386876,False,6846.91589961699,False
30043_1638_2,1638,4948.327581840955,False,6437.734995141401,False
30044_163704_1,163704,4952.069822386876,False,710.7584341646534,False
30044_163704_2,163704,4948.327581840955,False,1223.801196105865,False
30045_105301_1,105301,5693.94001947859,False,9914.72567203667,False
30045_105301_2,105301,5839.0052736633315,False,9418.941722707541,False
30047_170801_1,170801,2361.472082839481,False,10668.462535272954,False
30049_107902_11,107902,7890.255000836699,False,13562.910654716376,False
30049_107902_12,107902,7890.255000836699,False,13562.910654716376,False
30049_107903_6,107903,7890.255000836699,False,13562.910654716376,False
30050_1648_1,1648,4478.362927518807,False,4885.6587126201475,False
30050_1648_2,1648,4478.362927518807,False,5222.4988781831535,False
30051_105501_1,105501,3612.450792548126,False,2430.2728740562966,False
30052_221_3,221,6769.758512111917,False,4596.248964131335,False
30052_221_4,221,6532.236921625954,False,4254.802569825284,False
30052_728_9,728,6854.444485040255,False,2619.979868388161,False
30056_1647_5,1647,3886.9523331248383,False,7070.669836548156,False
30056_1647_6,1647,3886.9523331248383,False,7070.669836548156,False
30056_170703_2,170703,2361.472082839481,False,10668.462535272954,False
30056_171101_1,171101,2361.472082839481,False,10668.462535272954,False
30063_1625_1,1625,2039.5673132062443,False,10593.25837086659,False
30063_1625_2,1625,2155.7516215243672,False,10668.462535272954,False
30067_214_11,214,6566.590957248344,False,710.7584341646534,False
30067_214_12,214,6431.3084072956335,False,710.7584341646534,False
30069_155001_1,155001,3886.9523331248383,False,7070.669836548156,False
30069_155002_16,155002,3886.9523331248383,False,7070.669836548156,False
30069_1550_11,1550,3886.9523331248383,False,7070.669836548156,False
30070_1608_1,1608,4952.069822386876,False,6846.91589961699,False
30070_1608_2,1608,4948.327581840955,False,6437.734995141401,False
30071_1651_5,1651,4952.069822386876,False,4626.45363808957,False
30071_1651_6,1651,4948.327581840955,False,5222.4988781831535,False
30071_1662_10,1662,4948.327581840955,False,6437.734995141401,False
30071_1662_3,1662,4952.069822386876,False,6846.91589961699,False
30076_131801_1,131801,3886.9523331248383,False,7070.669836548156,False
30076_1318_10,1318,3886.9523331248383,False,7070.669836548156,False
30076_1318_11,1318,3886.9523331248383,False,7070.669836548156,False
30079_160704_1,160704,4952.069822386876,False,5620.133809214623,False
30079_160704_2,160704,4948.327581840955,False,5436.66329712303,False
30080_1649_7,1649,4952.069822386876,False,939.3446578102388,False
30082_171803_1,171803,2361.472082839481,False,10668.462535272954,False
30083_71302_3,71302,6730.559033574128,False,710.0827373845833,False
30083_713_4,713,6532.236921625954,False,593.655870386593,True
30083_713_5,713,6730.559033574128,False,710.0827373845833,False
30084_217_12,217,6532.236921625954,False,710.7584341646534,False
30087_530_1,530,9829.287389593286,False,2942.898907198802,False
30087_530_2,530,9829.287389593286,False,2942.898907198802,False
30089_1046_11,1046,7336.420914576229,False,13562.910654716376,False
30093_1607_5,1607,4952.069822386876,False,5620.133809214623,False
30093_1607_6,1607,4948.327581840955,False,5436.66329712303,False
30095_1710_14,1710,2361.472082839481,False,10668.462535272954,False
30095_1710_15,1710,2361.472082839481,False,10668.462535272954,False
30097_167101_1,167101,2525.2759427786705,False,977.093680064588,False
30097_171801_10,171801,2361.472082839481,False,10668.462535272954,False
30097_171801_11,171801,2361.472082839481,False,10668.462535272954,False
30100_161501_14,161501,4948.327581840955,False,5222.4988781831535,False
30100_161502_1,161502,4952.069822386876,False,4626.45363808957,False
30100_1615_11,1615,4952.069822386876,False,4626.45363808957,False
30101_1672_10,1672,4948.327581840955,False,977.093680064588,False
30101_1672_9,1672,4952.069822386876,False,977.093680064588,False
30104_164901_1,164901,4952.069822386876,False,939.3446578102388,False
30104_164901_2,164901,4948.327581840955,False,939.3446578102388,False
30107_163303_1,163303,4862.456572997686,False,5324.463510780958,False
30107_163303_2,163303,4948.327581840955,False,3296.8868991467584,False
30109_1628_1,1628,4862.456572997686,False,4626.45363808957,False
30109_1628_2,1628,4834.998281215584,False,5222.4988781831535,False
30112_156801_1,156801,4952.069822386876,False,5664.925698794041,False
30112_156801_2,156801,4948.327581840955,False,5436.66329712303,False
30116_165501_10,165501,3886.9523331248383,False,7070.669836548156,False
30116_165501_11,165501,3886.9523331248383,False,7070.669836548156,False
30116_165502_1,165502,3886.9523331248383,False,7070.669836548156,False
30116_165503_14,165503,3886.9523331248383,False,7070.669836548156,False
30116_1655_2,1655,3886.9523331248383,False,7070.669836548156,False
30118_163801_5,163801,4952.069822386876,False,6846.91589961699,False
30118_163801_6,163801,4948.327581840955,False,6437.734995141401,False
30121_160603_12,160603,4948.327581840955,False,4576.244450543595,False
30125_131803_1,131803,3886.9523331248383,False,7070.669836548156,False
30150_217_9,217,6854.444485040255,False,710.7584341646534,False
30154_349_11,349,3734.8386497672855,False,1594.051448806416,False
30154_349_12,349,3665.2923488150013,False,1698.2234187636043,False
30166_71303_1,71303,8503.142489907907,False,710.0827373845833,False
30166_71501_2,71501,9865.715697982214,False,835.4660454906036,False
30166_715_10,715,9601.155478935387,False,835.4660454906036,False
30166_715_11,715,10663.11775219866,False,1782.3135416449757,False
30169_1533_1,1533,4952.069822386876,False,4885.6587126201475,False
30169_1533_2,1533,4948.327581840955,False,5269.8104727465125,False
30172_31303_3,31303,5714.783389729622,False,5258.043448810989,False
30172_31303_4,31303,5714.783389729622,False,5294.141485372847,False
30172_313_1,313,5714.783389729622,False,5258.043448810989,False
30172_313_10,313,5714.783389729622,False,5294.141485372847,False
30173_164701_15,164701,3886.9523331248383,False,7070.669836548156,False
30173_164705_1,164705,3886.9523331248383,False,7070.669836548156,False
30173_164706_17,164706,3886.9523331248383,False,7070.669836548156,False
30174_23801_1,23801,4952.069822386876,False,6469.871596652516,False
30174_23802_14,23802,4948.327581840955,False,6437.734995141401,False
30174_238_10,238,4948.327581840955,False,6437.734995141401,False
30174_238_11,238,4952.069822386876,False,6469.871596652516,False
30179_12501_1,12501,6602.650615406916,False,1134.9461009398094,False
30182_53002_13,53002,9829.287389593286,False,2942.898907198802,False
30189_160604_13,160604,4948.327581840955,False,4576.244450543595,False
30190_71301_4,71301,6532.236921625954,False,593.655870386593,True
30190_713_2,713,6532.236921625954,False,593.655870386593,True
30190_713_3,713,6730.559033574128,False,710.0827373845833,False
30190_720_5,720,6912.014260912449,False,939.3446578102388,False
30190_720_6,720,7677.672108956261,False,2482.5827085519345,False
30202_163702_1,163702,4952.069822386876,False,710.7584341646534,False
30203_165505_8,165505,3886.9523331248383,False,7070.669836548156,False
30216_205_1,205,7220.375017696056,False,5620.133809214623,False
30216_205_2,205,7220.375017696056,False,5436.66329712303,False
30216_208_11,208,7220.375017696056,False,4626.45363808957,False
30216_208_12,208,7220.375017696056,False,4456.292865300178,False
30219_23701_1,23701,4862.456572997686,False,6469.871596652516,False
30219_237_2,237,4867.17890736878,False,6437.734995141401,False
30219_237_3,237,4862.456572997686,False,6469.871596652516,False
30227_1612_1,1612,4952.069822386876,False,710.7584341646534,False
30227_1612_10,1612,4948.327581840955,False,1223.801196105865,False
30227_1612_2,1612,4948.327581840955,False,1223.801196105865,False
30227_1612_5,1612,4952.069822386876,False,710.7584341646534,False
30229_34901_4,34901,3745.9017928945364,False,1811.0936052225325,False
30258_216_4,216,6854.444485040255,False,4626.45363808957,False
30258_718_1,718,9601.155478935387,False,939.3446578102388,False
30270_718_2,718,10940.979353331315,False,2482.5827085519345,False
30351_1606_1,1606,4952.069822386876,False,4951.703646818123,False
30351_1606_2,1606,4952.069822386876,False,4951.703646818123,False
30351_1606_3,1606,4948.327581840955,False,4576.244450543595,False
30360_163708_2,163708,6420.308290141314,False,710.7584341646534,False
30360_167102_1,167102,2525.2759427786705,False,977.093680064588,False
30363_1535_1,1535,4952.069822386876,False,6846.91589961699,False
30363_1535_2,1535,4948.327581840955,False,6437.734995141401,False
30369_161204_1,161204,5305.305664848124,False,710.7584341646534,False
30369_161204_2,161204,4948.327581840955,False,1223.801196105865,False
30376_170702_11,170702,2361.472082839481,False,10668.462535272954,False
30378_163707_8,163707,4948.327581840955,False,1223.801196105865,False
30379_208_11,208,7220.375017696056,False,4626.45363808957,False
30388_1627_1,1627,4867.17890736878,False,4626.45363808957,False
30388_1627_10,1627,4867.17890736878,False,5222.4988781831535,False
30409_35501_1,35501,3886.9523331248383,False,6493.792710695341,False
30409_355_10,355,3886.9523331248383,False,6511.177158685533,False
30409_355_11,355,3886.9523331248383,False,7070.669836548156,False
30409_355_2,355,3886.9523331248383,False,6511.177158685533,False
30409_355_3,355,3886.9523331248383,False,7070.669836548156,False
30415_72002_9,72002,6912.014260912449,False,939.3446578102388,False
30423_163306_1,163306,4952.069822386876,False,5324.463510780958,False
30426_163703_1,163703,6028.121921813144,False,710.7584341646534,False
30552_1017_1,1017,3815.9428663189037,False,3582.1080459685313,False
30552_1017_10,1017,3815.9428663189037,False,6861.301763763793,False
30560_163706_7,163706,4948.327581840955,False,1223.801196105865,False
30560_164904_10,164904,4948.327581840955,False,939.3446578102388,False
30564_23702_4,23702,4867.17890736878,False,6437.734995141401,False
30565_163601_1,163601,2525.2759427786705,False,710.7584341646534,False
30567_1606_2,1606,4948.327581840955,False,4576.244450543595,False
30685_171001_1,171001,2361.472082839481,False,10668.462535272954,False
30686_165504_1,165504,3886.9523331248383,False,7070.669836548156,False
30736_72001_1,72001,6912.014260912449,False,2482.5827085519345,False
30745_117_2,117,10199.32658653708,False,2554.7217050036434,False
30745_117_3,117,10199.32658653708,False,2581.9032430941675,False
30745_53001_1,53001,9829.287389593286,False,2942.898907198802,False
30779_163301_1,163301,4952.069822386876,False,5324.463510780958,False
30779_163301_2,163301,4948.327581840955,False,3296.8868991467584,False
30866_171002_24,171002,2361.472082839481,False,10668.462535272954,False
30873_162501_1,162501,2039.5673132062443,False,10593.25837086659,False
30879_170803_16,170803,2361.472082839481,False,10668.462535272954,False
30884_107701_1,107701,7489.430364476157,False,11236.389862158858,False
30888_22402_20,22402,6785.89461685681,False,4456.292865300178,False
30888_224_10,224,6785.89461685681,False,4456.292865300178,False
30888_224_11,224,6785.89461685681,False,4626.45363808957,False
30888_224_19,224,6785.89461685681,False,4626.45363808957,False
30903_104601_1,104601,6913.846825286355,False,13560.494337089494,False
30905_105502_12,105502,3560.645806393864,False,2440.6597320389096,False
30939_104602_20,104602,6913.846825286355,False,13243.315540484824,False
30939_1057_4,1057,5885.386971150427,False,10608.714540053856,False
30967_164902_1,164902,4952.069822386876,False,939.3446578102388,False
30967_164902_2,164902,4948.327581840955,False,939.3446578102388,False
30969_156804_3,156804,4952.069822386876,False,5620.133809214623,False
30969_156804_4,156804,4948.327581840955,False,5436.66329712303,False
30969_160803_1,160803,4952.069822386876,False,6469.871596652516,False
30969_160803_2,160803,5275.133267288989,False,8406.194554252488,False
30978_53004_1,53004,9829.287389593286,False,2942.898907198802,False
30978_53004_2,53004,9829.287389593286,False,2942.898907198802,False
31006_1613_1,1613,4952.069822386876,False,5660.91901405137,False
31006_1613_10,1613,4948.327581840955,False,5436.66329712303,False
31008_503_1,503,9251.439569011196,False,1594.051448806416,False
31008_503_10,503,9251.439569011196,False,1698.2234187636043,False
31010_22401_1,22401,6948.191272869072,False,4626.45363808957,False
31013_50301_1,50301,9251.439569011196,False,1698.2234187636043,False
31014_53003_11,53003,9829.287389593286,False,2942.898907198802,False
31032_42001_1,42001,7644.393199119045,False,3514.3369776394966,False
31032_420_10,420,7644.393199119045,False,3514.3369776394966,False
31032_420_11,420,7647.589444142554,False,3514.3369776394966,False
31042_42002_20,42002,7672.9815842446305,False,3824.858716420447,False
31053_161201_1,161201,4952.069822386876,False,710.7584341646534,False
31073_164703_17,164703,3886.9523331248383,False,7070.669836548156,False
31082_164704_1,164704,3886.9523331248383,False,7070.669836548156,False
31088_163307_10,163307,4948.327581840955,False,3320.1120830081863,False
31088_163307_9,163307,4952.069822386876,False,5324.463510780958,False
31097_1057_10,1057,5723.2479540381055,False,10414.477679328067,False
31097_1070_13,1070,5885.386971150427,False,10414.477679328067,False
31097_1070_14,1070,5912.933562910761,False,10545.247449233728,False
31098_343_1,343,5714.783389729622,False,5258.043448810989,False
31098_343_10,343,5714.783389729622,False,5294.141485372847,False
31100_170701_1,170701,2361.472082839481,False,10668.462535272954,False
31100_1707_10,1707,2361.472082839481,False,10668.462535272954,False
31100_1707_11,1707,2361.472082839481,False,10668.462535272954,False
31105_1707_3,1707,2361.472082839481,False,10668.462535272954,False
31109_1603_1,1603,5956.1740796662025,False,13909.62859272276,False
31109_1603_10,1603,5956.1740796662025,False,13909.62859272276,False
31121_163304_1,163304,4952.069822386876,False,5324.463510780958,False
31133_200702_20,200702,5619.453730517136,False,3814.6271345456553,False
31133_2007_10,2007,5619.453730517136,False,3814.6271345456553,False
31133_2007_11,2007,5950.184868376621,False,3814.6271345456553,False
31136_1620_1,1620,5144.093758245341,False,12142.370523775158,False
31136_1620_10,1620,5557.264426901971,False,12827.053384236384,False
31136_1623_15,1623,4952.069822386876,False,6437.734995141401,False
31136_1623_16,1623,4948.327581840955,False,6437.734995141401,False
