algo,variant,group,seed,auc
COMA,DefaultReward,COMA-DefaultReward,"COMA-DefaultReward (0.5,0.7,0.5,0.6) - 1",0.5933931217521791
COMA,DefaultReward,COMA-DefaultReward,"COMA-DefaultReward (0.5,0.7,0.5,0.6) - 10",0.5903227522359232
COMA,DefaultReward,COMA-DefaultReward,"COMA-DefaultReward (0.5,0.7,0.5,0.6) - 11",0.5815095685709316
COMA,DefaultReward,COMA-DefaultReward,"COMA-DefaultReward (0.5,0.7,0.5,0.6) - 12",0.5799138070742494
COMA,DefaultReward,COMA-DefaultReward,"COMA-DefaultReward (0.5,0.7,0.5,0.6) - 13",0.5845667498129352
COMA,DefaultReward,COMA-DefaultReward,"COMA-DefaultReward (0.5,0.7,0.5,0.6) - 14",0.5813707559582093
COMA,DefaultReward,COMA-DefaultReward,"COMA-DefaultReward (0.5,0.7,0.5,0.6) - 15",0.5836165777503908
COMA,DefaultReward,COMA-DefaultReward,"COMA-DefaultReward (0.5,0.7,0.5,0.6) - 16",0.5840509241689605
COMA,DefaultReward,COMA-DefaultReward,"COMA-DefaultReward (0.5,0.7,0.5,0.6) - 17",0.5822102928059102
COMA,DefaultReward,COMA-DefaultReward,"COMA-DefaultReward (0.5,0.7,0.5,0.6) - 18",0.5895485638969667
COMA,DefaultReward,COMA-DefaultReward,"COMA-DefaultReward (0.5,0.7,0.5,0.6) - 19",0.5951414391490781
COMA,DefaultReward,COMA-DefaultReward,"COMA-DefaultReward (0.5,0.7,0.5,0.6) - 2",0.5823496554328903
COMA,DefaultReward,COMA-DefaultReward,"COMA-DefaultReward (0.5,0.7,0.5,0.6) - 20",0.5785806011446454
COMA,DefaultReward,COMA-DefaultReward,"COMA-DefaultReward (0.5,0.7,0.5,0.6) - 21",0.5814924605216876
COMA,DefaultReward,COMA-DefaultReward,"COMA-DefaultReward (0.5,0.7,0.5,0.6) - 22",0.5812311908187947
COMA,DefaultReward,COMA-DefaultReward,"COMA-DefaultReward (0.5,0.7,0.5,0.6) - 23",0.5814470978806584
COMA,DefaultReward,COMA-DefaultReward,"COMA-DefaultReward (0.5,0.7,0.5,0.6) - 24",0.5859339933973152
COMA,DefaultReward,COMA-DefaultReward,"COMA-DefaultReward (0.5,0.7,0.5,0.6) - 25",0.581610257625592
COMA,DefaultReward,COMA-DefaultReward,"COMA-DefaultReward (0.5,0.7,0.5,0.6) - 3",0.5938380073832631
COMA,DefaultReward,COMA-DefaultReward,"COMA-DefaultReward (0.5,0.7,0.5,0.6) - 4",0.586187874505382
COMA,DefaultReward,COMA-DefaultReward,"COMA-DefaultReward (0.5,0.7,0.5,0.6) - 5",0.5816607159307929
COMA,DefaultReward,COMA-DefaultReward,"COMA-DefaultReward (0.5,0.7,0.5,0.6) - 6",0.5784021420048824
COMA,DefaultReward,COMA-DefaultReward,"COMA-DefaultReward (0.5,0.7,0.5,0.6) - 7",0.5785806011446454
COMA,DefaultReward,COMA-DefaultReward,"COMA-DefaultReward (0.5,0.7,0.5,0.6) - 8",0.584902555829547
COMA,DefaultReward,COMA-DefaultReward,"COMA-DefaultReward (0.5,0.7,0.5,0.6) - 9",0.5732356254154329
COMA,RewardHard,COMA-RewardHard,"COMA-RewardHardMax (0.5,0.7,0.5,0.6) - 1",0.6176472091134776
COMA,RewardHard,COMA-RewardHard,"COMA-RewardHardMax (0.5,0.7,0.5,0.6) - 10",0.6103029925286068
COMA,RewardHard,COMA-RewardHard,"COMA-RewardHardMax (0.5,0.7,0.5,0.6) - 11",0.6089311545015029
COMA,RewardHard,COMA-RewardHard,"COMA-RewardHardMax (0.5,0.7,0.5,0.6) - 12",0.6110818414900181
COMA,RewardHard,COMA-RewardHard,"COMA-RewardHardMax (0.5,0.7,0.5,0.6) - 13",0.5968773145820563
COMA,RewardHard,COMA-RewardHard,"COMA-RewardHardMax (0.5,0.7,0.5,0.6) - 14",0.614536533679716
COMA,RewardHard,COMA-RewardHard,"COMA-RewardHardMax (0.5,0.7,0.5,0.6) - 15",0.6134893468999296
COMA,RewardHard,COMA-RewardHard,"COMA-RewardHardMax (0.5,0.7,0.5,0.6) - 16",0.6058696311358914
COMA,RewardHard,COMA-RewardHard,"COMA-RewardHardMax (0.5,0.7,0.5,0.6) - 17",0.6106054335390056
COMA,RewardHard,COMA-RewardHard,"COMA-RewardHardMax (0.5,0.7,0.5,0.6) - 18",0.6102080302560752
COMA,RewardHard,COMA-RewardHard,"COMA-RewardHardMax (0.5,0.7,0.5,0.6) - 19",0.6071012971516301
COMA,RewardHard,COMA-RewardHard,"COMA-RewardHardMax (0.5,0.7,0.5,0.6) - 2",0.6091682727063265
COMA,RewardHard,COMA-RewardHard,"COMA-RewardHardMax (0.5,0.7,0.5,0.6) - 20",0.6055431031121917
COMA,RewardHard,COMA-RewardHard,"COMA-RewardHardMax (0.5,0.7,0.5,0.6) - 21",0.6129824828221757
COMA,RewardHard,COMA-RewardHard,"COMA-RewardHardMax (0.5,0.7,0.5,0.6) - 22",0.6162937960986382
COMA,RewardHard,COMA-RewardHard,"COMA-RewardHardMax (0.5,0.7,0.5,0.6) - 23",0.6070023461371533
COMA,RewardHard,COMA-RewardHard,"COMA-RewardHardMax (0.5,0.7,0.5,0.6) - 24",0.6074776029855888
COMA,RewardHard,COMA-RewardHard,"COMA-RewardHardMax (0.5,0.7,0.5,0.6) - 25",0.6124125973229988
COMA,RewardHard,COMA-RewardHard,"COMA-RewardHardMax (0.5,0.7,0.5,0.6) - 3",0.6104233484476093
COMA,RewardHard,COMA-RewardHard,"COMA-RewardHardMax (0.5,0.7,0.5,0.6) - 4",0.6076961689811562
COMA,RewardHard,COMA-RewardHard,"COMA-RewardHardMax (0.5,0.7,0.5,0.6) - 5",0.6210566648296921
COMA,RewardHard,COMA-RewardHard,"COMA-RewardHardMax (0.5,0.7,0.5,0.6) - 6",0.606409529151894
COMA,RewardHard,COMA-RewardHard,"COMA-RewardHardMax (0.5,0.7,0.5,0.6) - 7",0.6077456572141133
COMA,RewardHard,COMA-RewardHard,"COMA-RewardHardMax (0.5,0.7,0.5,0.6) - 8",0.6123949620375762
COMA,RewardHard,COMA-RewardHard,"COMA-RewardHardMax (0.5,0.7,0.5,0.6) - 9",0.6075701971158162
COMA,RewardLowerQuantile,COMA-RewardLowerQuantile,"COMA-RewardLowerQuantile (0.5,0.7,0.5,0.6) - 1",0.6828977094859822
COMA,RewardLowerQuantile,COMA-RewardLowerQuantile,"COMA-RewardLowerQuantile (0.5,0.7,0.5,0.6) - 10",0.689631075757053
COMA,RewardLowerQuantile,COMA-RewardLowerQuantile,"COMA-RewardLowerQuantile (0.5,0.7,0.5,0.6) - 11",0.6596069111099419
COMA,RewardLowerQuantile,COMA-RewardLowerQuantile,"COMA-RewardLowerQuantile (0.5,0.7,0.5,0.6) - 12",0.6902227936748123
COMA,RewardLowerQuantile,COMA-RewardLowerQuantile,"COMA-RewardLowerQuantile (0.5,0.7,0.5,0.6) - 13",0.688573128736511
COMA,RewardLowerQuantile,COMA-RewardLowerQuantile,"COMA-RewardLowerQuantile (0.5,0.7,0.5,0.6) - 14",0.678672497835632
COMA,RewardLowerQuantile,COMA-RewardLowerQuantile,"COMA-RewardLowerQuantile (0.5,0.7,0.5,0.6) - 15",0.7217573948174516
COMA,RewardLowerQuantile,COMA-RewardLowerQuantile,"COMA-RewardLowerQuantile (0.5,0.7,0.5,0.6) - 16",0.6620246019940808
COMA,RewardLowerQuantile,COMA-RewardLowerQuantile,"COMA-RewardLowerQuantile (0.5,0.7,0.5,0.6) - 17",0.6765517197648077
COMA,RewardLowerQuantile,COMA-RewardLowerQuantile,"COMA-RewardLowerQuantile (0.5,0.7,0.5,0.6) - 18",0.6895448041064232
COMA,RewardLowerQuantile,COMA-RewardLowerQuantile,"COMA-RewardLowerQuantile (0.5,0.7,0.5,0.6) - 19",0.7167361496775708
COMA,RewardLowerQuantile,COMA-RewardLowerQuantile,"COMA-RewardLowerQuantile (0.5,0.7,0.5,0.6) - 2",0.6645294683885767
COMA,RewardLowerQuantile,COMA-RewardLowerQuantile,"COMA-RewardLowerQuantile (0.5,0.7,0.5,0.6) - 20",0.7037730691876655
COMA,RewardLowerQuantile,COMA-RewardLowerQuantile,"COMA-RewardLowerQuantile (0.5,0.7,0.5,0.6) - 21",0.6785005433531595
COMA,RewardLowerQuantile,COMA-RewardLowerQuantile,"COMA-RewardLowerQuantile (0.5,0.7,0.5,0.6) - 22",0.6932491880933136
COMA,RewardLowerQuantile,COMA-RewardLowerQuantile,"COMA-RewardLowerQuantile (0.5,0.7,0.5,0.6) - 23",0.6864453627755085
COMA,RewardLowerQuantile,COMA-RewardLowerQuantile,"COMA-RewardLowerQuantile (0.5,0.7,0.5,0.6) - 24",0.6518531304945827
COMA,RewardLowerQuantile,COMA-RewardLowerQuantile,"COMA-RewardLowerQuantile (0.5,0.7,0.5,0.6) - 25",0.6504334848586121
COMA,RewardLowerQuantile,COMA-RewardLowerQuantile,"COMA-RewardLowerQuantile (0.5,0.7,0.5,0.6) - 3",0.651359441552617
COMA,RewardLowerQuantile,COMA-RewardLowerQuantile,"COMA-RewardLowerQuantile (0.5,0.7,0.5,0.6) - 4",0.6911758603225393
COMA,RewardLowerQuantile,COMA-RewardLowerQuantile,"COMA-RewardLowerQuantile (0.5,0.7,0.5,0.6) - 5",0.6937391506284034
COMA,RewardLowerQuantile,COMA-RewardLowerQuantile,"COMA-RewardLowerQuantile (0.5,0.7,0.5,0.6) - 6",0.6834780307919034
COMA,RewardLowerQuantile,COMA-RewardLowerQuantile,"COMA-RewardLowerQuantile (0.5,0.7,0.5,0.6) - 7",0.7097955508198918
COMA,RewardLowerQuantile,COMA-RewardLowerQuantile,"COMA-RewardLowerQuantile (0.5,0.7,0.5,0.6) - 8",0.71527796677515
COMA,RewardLowerQuantile,COMA-RewardLowerQuantile,"COMA-RewardLowerQuantile (0.5,0.7,0.5,0.6) - 9",0.6549340239040268
COMA,RewardMaxMedian,COMA-RewardMaxMedian,"COMA-RewardMaxMedian (0.5,0.7,0.5,0.6) - 1",0.5806748481182907
COMA,RewardMaxMedian,COMA-RewardMaxMedian,"COMA-RewardMaxMedian (0.5,0.7,0.5,0.6) - 10",0.5924809595256206
COMA,RewardMaxMedian,COMA-RewardMaxMedian,"COMA-RewardMaxMedian (0.5,0.7,0.5,0.6) - 11",0.5893486320587991
COMA,RewardMaxMedian,COMA-RewardMaxMedian,"COMA-RewardMaxMedian (0.5,0.7,0.5,0.6) - 12",0.5900024922804197
COMA,RewardMaxMedian,COMA-RewardMaxMedian,"COMA-RewardMaxMedian (0.5,0.7,0.5,0.6) - 13",0.5781753976803695
COMA,RewardMaxMedian,COMA-RewardMaxMedian,"COMA-RewardMaxMedian (0.5,0.7,0.5,0.6) - 14",0.5844368463008714
COMA,RewardMaxMedian,COMA-RewardMaxMedian,"COMA-RewardMaxMedian (0.5,0.7,0.5,0.6) - 15",0.5834105896259384
COMA,RewardMaxMedian,COMA-RewardMaxMedian,"COMA-RewardMaxMedian (0.5,0.7,0.5,0.6) - 16",0.5854369238531305
COMA,RewardMaxMedian,COMA-RewardMaxMedian,"COMA-RewardMaxMedian (0.5,0.7,0.5,0.6) - 17",0.5863683899791132
COMA,RewardMaxMedian,COMA-RewardMaxMedian,"COMA-RewardMaxMedian (0.5,0.7,0.5,0.6) - 18",0.5830440200921817
COMA,RewardMaxMedian,COMA-RewardMaxMedian,"COMA-RewardMaxMedian (0.5,0.7,0.5,0.6) - 19",0.5810638240410222
COMA,RewardMaxMedian,COMA-RewardMaxMedian,"COMA-RewardMaxMedian (0.5,0.7,0.5,0.6) - 2",0.5888561382081282
COMA,RewardMaxMedian,COMA-RewardMaxMedian,"COMA-RewardMaxMedian (0.5,0.7,0.5,0.6) - 20",0.5855599222520896
COMA,RewardMaxMedian,COMA-RewardMaxMedian,"COMA-RewardMaxMedian (0.5,0.7,0.5,0.6) - 21",0.5892046803782699
COMA,RewardMaxMedian,COMA-RewardMaxMedian,"COMA-RewardMaxMedian (0.5,0.7,0.5,0.6) - 22",0.5844114878537818
COMA,RewardMaxMedian,COMA-RewardMaxMedian,"COMA-RewardMaxMedian (0.5,0.7,0.5,0.6) - 23",0.5825576931722583
COMA,RewardMaxMedian,COMA-RewardMaxMedian,"COMA-RewardMaxMedian (0.5,0.7,0.5,0.6) - 24",0.5848244924127383
COMA,RewardMaxMedian,COMA-RewardMaxMedian,"COMA-RewardMaxMedian (0.5,0.7,0.5,0.6) - 25",0.5866336563095467
COMA,RewardMaxMedian,COMA-RewardMaxMedian,"COMA-RewardMaxMedian (0.5,0.7,0.5,0.6) - 3",0.5818399088760291
COMA,RewardMaxMedian,COMA-RewardMaxMedian,"COMA-RewardMaxMedian (0.5,0.7,0.5,0.6) - 4",0.5863557917454423
COMA,RewardMaxMedian,COMA-RewardMaxMedian,"COMA-RewardMaxMedian (0.5,0.7,0.5,0.6) - 5",0.5875503760605464
COMA,RewardMaxMedian,COMA-RewardMaxMedian,"COMA-RewardMaxMedian (0.5,0.7,0.5,0.6) - 6",0.5852639043832504
COMA,RewardMaxMedian,COMA-RewardMaxMedian,"COMA-RewardMaxMedian (0.5,0.7,0.5,0.6) - 7",0.5853997720382637
COMA,RewardMaxMedian,COMA-RewardMaxMedian,"COMA-RewardMaxMedian (0.5,0.7,0.5,0.6) - 8",0.5885058055249968
COMA,RewardMaxMedian,COMA-RewardMaxMedian,"COMA-RewardMaxMedian (0.5,0.7,0.5,0.6) - 9",0.584179713045495
HAPPO,DefaultReward,HAPPO-DefaultReward,"HAPPO-DefaultReward (0.5,0.7,0.5,0.6) - 1",0.8706509690759554
HAPPO,DefaultReward,HAPPO-DefaultReward,"HAPPO-DefaultReward (0.5,0.7,0.5,0.6) - 10",0.8695202100120961
HAPPO,DefaultReward,HAPPO-DefaultReward,"HAPPO-DefaultReward (0.5,0.7,0.5,0.6) - 11",0.8745116117788143
HAPPO,DefaultReward,HAPPO-DefaultReward,"HAPPO-DefaultReward (0.5,0.7,0.5,0.6) - 12",0.8741397691190553
HAPPO,DefaultReward,HAPPO-DefaultReward,"HAPPO-DefaultReward (0.5,0.7,0.5,0.6) - 13",0.8758399433749599
HAPPO,DefaultReward,HAPPO-DefaultReward,"HAPPO-DefaultReward (0.5,0.7,0.5,0.6) - 14",0.8745116117788143
HAPPO,DefaultReward,HAPPO-DefaultReward,"HAPPO-DefaultReward (0.5,0.7,0.5,0.6) - 15",0.8760545183434709
HAPPO,DefaultReward,HAPPO-DefaultReward,"HAPPO-DefaultReward (0.5,0.7,0.5,0.6) - 16",0.8781932372737842
HAPPO,DefaultReward,HAPPO-DefaultReward,"HAPPO-DefaultReward (0.5,0.7,0.5,0.6) - 17",0.8706509690759554
HAPPO,DefaultReward,HAPPO-DefaultReward,"HAPPO-DefaultReward (0.5,0.7,0.5,0.6) - 18",0.8781932372737842
HAPPO,DefaultReward,HAPPO-DefaultReward,"HAPPO-DefaultReward (0.5,0.7,0.5,0.6) - 19",0.8758399433749599
HAPPO,DefaultReward,HAPPO-DefaultReward,"HAPPO-DefaultReward (0.5,0.7,0.5,0.6) - 2",0.8760545183434709
HAPPO,DefaultReward,HAPPO-DefaultReward,"HAPPO-DefaultReward (0.5,0.7,0.5,0.6) - 20",0.8785818311505171
HAPPO,DefaultReward,HAPPO-DefaultReward,"HAPPO-DefaultReward (0.5,0.7,0.5,0.6) - 21",0.8706509690759554
HAPPO,DefaultReward,HAPPO-DefaultReward,"HAPPO-DefaultReward (0.5,0.7,0.5,0.6) - 22",0.8695202100120961
HAPPO,DefaultReward,HAPPO-DefaultReward,"HAPPO-DefaultReward (0.5,0.7,0.5,0.6) - 23",0.8785818311505171
HAPPO,DefaultReward,HAPPO-DefaultReward,"HAPPO-DefaultReward (0.5,0.7,0.5,0.6) - 24",0.8758399433749599
HAPPO,DefaultReward,HAPPO-DefaultReward,"HAPPO-DefaultReward (0.5,0.7,0.5,0.6) - 25",0.8758399433749599
HAPPO,DefaultReward,HAPPO-DefaultReward,"HAPPO-DefaultReward (0.5,0.7,0.5,0.6) - 3",0.8695202100120961
HAPPO,DefaultReward,HAPPO-DefaultReward,"HAPPO-DefaultReward (0.5,0.7,0.5,0.6) - 4",0.8745116117788143
HAPPO,DefaultReward,HAPPO-DefaultReward,"HAPPO-DefaultReward (0.5,0.7,0.5,0.6) - 5",0.8785818311505171
HAPPO,DefaultReward,HAPPO-DefaultReward,"HAPPO-DefaultReward (0.5,0.7,0.5,0.6) - 6",0.8695202100120961
HAPPO,DefaultReward,HAPPO-DefaultReward,"HAPPO-DefaultReward (0.5,0.7,0.5,0.6) - 7",0.8785818311505171
HAPPO,DefaultReward,HAPPO-DefaultReward,"HAPPO-DefaultReward (0.5,0.7,0.5,0.6) - 8",0.8745116117788143
HAPPO,DefaultReward,HAPPO-DefaultReward,"HAPPO-DefaultReward (0.5,0.7,0.5,0.6) - 9",0.8761168519277424
HAPPO,RewardHard,HAPPO-RewardHard,"HAPPO-RewardHardMax (0.5,0.7,0.5,0.6) - 1",0.20614527061061919
HAPPO,RewardHard,HAPPO-RewardHard,"HAPPO-RewardHardMax (0.5,0.7,0.5,0.6) - 10",0.20696643035136952
HAPPO,RewardHard,HAPPO-RewardHard,"HAPPO-RewardHardMax (0.5,0.7,0.5,0.6) - 11",0.20643104617155847
HAPPO,RewardHard,HAPPO-RewardHard,"HAPPO-RewardHardMax (0.5,0.7,0.5,0.6) - 12",0.20727562211347467
HAPPO,RewardHard,HAPPO-RewardHard,"HAPPO-RewardHardMax (0.5,0.7,0.5,0.6) - 13",0.20629186215583037
HAPPO,RewardHard,HAPPO-RewardHard,"HAPPO-RewardHardMax (0.5,0.7,0.5,0.6) - 14",0.20692924417036204
HAPPO,RewardHard,HAPPO-RewardHard,"HAPPO-RewardHardMax (0.5,0.7,0.5,0.6) - 15",0.20699006468302183
HAPPO,RewardHard,HAPPO-RewardHard,"HAPPO-RewardHardMax (0.5,0.7,0.5,0.6) - 16",0.20657336115065988
HAPPO,RewardHard,HAPPO-RewardHard,"HAPPO-RewardHardMax (0.5,0.7,0.5,0.6) - 17",0.20699006468302183
HAPPO,RewardHard,HAPPO-RewardHard,"HAPPO-RewardHardMax (0.5,0.7,0.5,0.6) - 18",0.20727562211347467
HAPPO,RewardHard,HAPPO-RewardHard,"HAPPO-RewardHardMax (0.5,0.7,0.5,0.6) - 19",0.20657336115065988
HAPPO,RewardHard,HAPPO-RewardHard,"HAPPO-RewardHardMax (0.5,0.7,0.5,0.6) - 2",0.20696643035136952
HAPPO,RewardHard,HAPPO-RewardHard,"HAPPO-RewardHardMax (0.5,0.7,0.5,0.6) - 20",0.20727562211347467
HAPPO,RewardHard,HAPPO-RewardHard,"HAPPO-RewardHardMax (0.5,0.7,0.5,0.6) - 21",0.207035620912385
HAPPO,RewardHard,HAPPO-RewardHard,"HAPPO-RewardHardMax (0.5,0.7,0.5,0.6) - 22",0.20696643035136952
HAPPO,RewardHard,HAPPO-RewardHard,"HAPPO-RewardHardMax (0.5,0.7,0.5,0.6) - 23",0.20692924417036204
HAPPO,RewardHard,HAPPO-RewardHard,"HAPPO-RewardHardMax (0.5,0.7,0.5,0.6) - 24",0.20727562211347467
HAPPO,RewardHard,HAPPO-RewardHard,"HAPPO-RewardHardMax (0.5,0.7,0.5,0.6) - 25",0.20657336115065988
HAPPO,RewardHard,HAPPO-RewardHard,"HAPPO-RewardHardMax (0.5,0.7,0.5,0.6) - 3",0.20657336115065988
HAPPO,RewardHard,HAPPO-RewardHard,"HAPPO-RewardHardMax (0.5,0.7,0.5,0.6) - 4",0.20631471000517393
HAPPO,RewardHard,HAPPO-RewardHard,"HAPPO-RewardHardMax (0.5,0.7,0.5,0.6) - 5",0.20672663487543913
HAPPO,RewardHard,HAPPO-RewardHard,"HAPPO-RewardHardMax (0.5,0.7,0.5,0.6) - 6",0.20614527061061919
HAPPO,RewardHard,HAPPO-RewardHard,"HAPPO-RewardHardMax (0.5,0.7,0.5,0.6) - 7",0.20631471000517393
HAPPO,RewardHard,HAPPO-RewardHard,"HAPPO-RewardHardMax (0.5,0.7,0.5,0.6) - 8",0.20672663487543913
HAPPO,RewardHard,HAPPO-RewardHard,"HAPPO-RewardHardMax (0.5,0.7,0.5,0.6) - 9",0.20629186215583037
HAPPO,RewardLowerQuantile,HAPPO-RewardLowerQuantile,"HAPPO-RewardLowerQuantile (0.5,0.7,0.5,0.6) - 1",0.7278154398168715
HAPPO,RewardLowerQuantile,HAPPO-RewardLowerQuantile,"HAPPO-RewardLowerQuantile (0.5,0.7,0.5,0.6) - 10",0.7170593964931669
HAPPO,RewardLowerQuantile,HAPPO-RewardLowerQuantile,"HAPPO-RewardLowerQuantile (0.5,0.7,0.5,0.6) - 11",0.7426104387062946
HAPPO,RewardLowerQuantile,HAPPO-RewardLowerQuantile,"HAPPO-RewardLowerQuantile (0.5,0.7,0.5,0.6) - 12",0.6693103275490904
HAPPO,RewardLowerQuantile,HAPPO-RewardLowerQuantile,"HAPPO-RewardLowerQuantile (0.5,0.7,0.5,0.6) - 13",0.7426104387062946
HAPPO,RewardLowerQuantile,HAPPO-RewardLowerQuantile,"HAPPO-RewardLowerQuantile (0.5,0.7,0.5,0.6) - 14",0.7426104387062946
HAPPO,RewardLowerQuantile,HAPPO-RewardLowerQuantile,"HAPPO-RewardLowerQuantile (0.5,0.7,0.5,0.6) - 15",0.6567755490720671
HAPPO,RewardLowerQuantile,HAPPO-RewardLowerQuantile,"HAPPO-RewardLowerQuantile (0.5,0.7,0.5,0.6) - 16",0.668357137665599
HAPPO,RewardLowerQuantile,HAPPO-RewardLowerQuantile,"HAPPO-RewardLowerQuantile (0.5,0.7,0.5,0.6) - 17",0.6512175936047566
HAPPO,RewardLowerQuantile,HAPPO-RewardLowerQuantile,"HAPPO-RewardLowerQuantile (0.5,0.7,0.5,0.6) - 18",0.6512175936047566
HAPPO,RewardLowerQuantile,HAPPO-RewardLowerQuantile,"HAPPO-RewardLowerQuantile (0.5,0.7,0.5,0.6) - 19",0.7036141419153035
HAPPO,RewardLowerQuantile,HAPPO-RewardLowerQuantile,"HAPPO-RewardLowerQuantile (0.5,0.7,0.5,0.6) - 2",0.6114219648679969
HAPPO,RewardLowerQuantile,HAPPO-RewardLowerQuantile,"HAPPO-RewardLowerQuantile (0.5,0.7,0.5,0.6) - 20",0.6567755490720671
HAPPO,RewardLowerQuantile,HAPPO-RewardLowerQuantile,"HAPPO-RewardLowerQuantile (0.5,0.7,0.5,0.6) - 21",0.7426104387062946
HAPPO,RewardLowerQuantile,HAPPO-RewardLowerQuantile,"HAPPO-RewardLowerQuantile (0.5,0.7,0.5,0.6) - 22",0.761774298528521
HAPPO,RewardLowerQuantile,HAPPO-RewardLowerQuantile,"HAPPO-RewardLowerQuantile (0.5,0.7,0.5,0.6) - 23",0.668357137665599
HAPPO,RewardLowerQuantile,HAPPO-RewardLowerQuantile,"HAPPO-RewardLowerQuantile (0.5,0.7,0.5,0.6) - 24",0.6512175936047566
HAPPO,RewardLowerQuantile,HAPPO-RewardLowerQuantile,"HAPPO-RewardLowerQuantile (0.5,0.7,0.5,0.6) - 25",0.7278154398168715
HAPPO,RewardLowerQuantile,HAPPO-RewardLowerQuantile,"HAPPO-RewardLowerQuantile (0.5,0.7,0.5,0.6) - 3",0.7278154398168715
HAPPO,RewardLowerQuantile,HAPPO-RewardLowerQuantile,"HAPPO-RewardLowerQuantile (0.5,0.7,0.5,0.6) - 4",0.6567755490720671
HAPPO,RewardLowerQuantile,HAPPO-RewardLowerQuantile,"HAPPO-RewardLowerQuantile (0.5,0.7,0.5,0.6) - 5",0.7036141419153035
HAPPO,RewardLowerQuantile,HAPPO-RewardLowerQuantile,"HAPPO-RewardLowerQuantile (0.5,0.7,0.5,0.6) - 6",0.6512175936047566
HAPPO,RewardLowerQuantile,HAPPO-RewardLowerQuantile,"HAPPO-RewardLowerQuantile (0.5,0.7,0.5,0.6) - 7",0.6693103275490904
HAPPO,RewardLowerQuantile,HAPPO-RewardLowerQuantile,"HAPPO-RewardLowerQuantile (0.5,0.7,0.5,0.6) - 8",0.7426104387062946
HAPPO,RewardLowerQuantile,HAPPO-RewardLowerQuantile,"HAPPO-RewardLowerQuantile (0.5,0.7,0.5,0.6) - 9",0.6567755490720671
HAPPO,RewardMaxMedian,HAPPO-RewardMaxMedian,"HAPPO-RewardMaxMedian (0.5,0.7,0.5,0.6) - 1",0.8777519766152253
HAPPO,RewardMaxMedian,HAPPO-RewardMaxMedian,"HAPPO-RewardMaxMedian (0.5,0.7,0.5,0.6) - 10",0.8553271234125273
HAPPO,RewardMaxMedian,HAPPO-RewardMaxMedian,"HAPPO-RewardMaxMedian (0.5,0.7,0.5,0.6) - 11",0.8777519766152253
HAPPO,RewardMaxMedian,HAPPO-RewardMaxMedian,"HAPPO-RewardMaxMedian (0.5,0.7,0.5,0.6) - 12",0.8777519766152253
HAPPO,RewardMaxMedian,HAPPO-RewardMaxMedian,"HAPPO-RewardMaxMedian (0.5,0.7,0.5,0.6) - 13",0.8638821832243064
HAPPO,RewardMaxMedian,HAPPO-RewardMaxMedian,"HAPPO-RewardMaxMedian (0.5,0.7,0.5,0.6) - 14",0.8714077096231289
HAPPO,RewardMaxMedian,HAPPO-RewardMaxMedian,"HAPPO-RewardMaxMedian (0.5,0.7,0.5,0.6) - 15",0.8719881049913357
HAPPO,RewardMaxMedian,HAPPO-RewardMaxMedian,"HAPPO-RewardMaxMedian (0.5,0.7,0.5,0.6) - 16",0.8722803974544425
HAPPO,RewardMaxMedian,HAPPO-RewardMaxMedian,"HAPPO-RewardMaxMedian (0.5,0.7,0.5,0.6) - 17",0.8660406964422411
HAPPO,RewardMaxMedian,HAPPO-RewardMaxMedian,"HAPPO-RewardMaxMedian (0.5,0.7,0.5,0.6) - 18",0.8714077096231289
HAPPO,RewardMaxMedian,HAPPO-RewardMaxMedian,"HAPPO-RewardMaxMedian (0.5,0.7,0.5,0.6) - 19",0.8659047535978842
HAPPO,RewardMaxMedian,HAPPO-RewardMaxMedian,"HAPPO-RewardMaxMedian (0.5,0.7,0.5,0.6) - 2",0.8562445960363265
HAPPO,RewardMaxMedian,HAPPO-RewardMaxMedian,"HAPPO-RewardMaxMedian (0.5,0.7,0.5,0.6) - 20",0.8719881049913357
HAPPO,RewardMaxMedian,HAPPO-RewardMaxMedian,"HAPPO-RewardMaxMedian (0.5,0.7,0.5,0.6) - 21",0.8714077096231289
HAPPO,RewardMaxMedian,HAPPO-RewardMaxMedian,"HAPPO-RewardMaxMedian (0.5,0.7,0.5,0.6) - 22",0.8777519766152253
HAPPO,RewardMaxMedian,HAPPO-RewardMaxMedian,"HAPPO-RewardMaxMedian (0.5,0.7,0.5,0.6) - 23",0.8562445960363265
HAPPO,RewardMaxMedian,HAPPO-RewardMaxMedian,"HAPPO-RewardMaxMedian (0.5,0.7,0.5,0.6) - 24",0.8714077096231289
HAPPO,RewardMaxMedian,HAPPO-RewardMaxMedian,"HAPPO-RewardMaxMedian (0.5,0.7,0.5,0.6) - 25",0.8714077096231289
HAPPO,RewardMaxMedian,HAPPO-RewardMaxMedian,"HAPPO-RewardMaxMedian (0.5,0.7,0.5,0.6) - 3",0.8773762856328434
HAPPO,RewardMaxMedian,HAPPO-RewardMaxMedian,"HAPPO-RewardMaxMedian (0.5,0.7,0.5,0.6) - 4",0.870770946674079
HAPPO,RewardMaxMedian,HAPPO-RewardMaxMedian,"HAPPO-RewardMaxMedian (0.5,0.7,0.5,0.6) - 5",0.8592126213920185
HAPPO,RewardMaxMedian,HAPPO-RewardMaxMedian,"HAPPO-RewardMaxMedian (0.5,0.7,0.5,0.6) - 6",0.8714077096231289
HAPPO,RewardMaxMedian,HAPPO-RewardMaxMedian,"HAPPO-RewardMaxMedian (0.5,0.7,0.5,0.6) - 7",0.8790833008816128
HAPPO,RewardMaxMedian,HAPPO-RewardMaxMedian,"HAPPO-RewardMaxMedian (0.5,0.7,0.5,0.6) - 8",0.8562445960363265
HAPPO,RewardMaxMedian,HAPPO-RewardMaxMedian,"HAPPO-RewardMaxMedian (0.5,0.7,0.5,0.6) - 9",0.870770946674079
HATRPO,DefaultReward,HATRPO-DefaultReward,"HATRPO-DefaultReward (0.5,0.7,0.5,0.6) - 1",0.8261986278253329
HATRPO,DefaultReward,HATRPO-DefaultReward,"HATRPO-DefaultReward (0.5,0.7,0.5,0.6) - 10",0.8247429149780038
HATRPO,DefaultReward,HATRPO-DefaultReward,"HATRPO-DefaultReward (0.5,0.7,0.5,0.6) - 11",0.8207604228166051
HATRPO,DefaultReward,HATRPO-DefaultReward,"HATRPO-DefaultReward (0.5,0.7,0.5,0.6) - 12",0.8247429149780038
HATRPO,DefaultReward,HATRPO-DefaultReward,"HATRPO-DefaultReward (0.5,0.7,0.5,0.6) - 13",0.8105667507977857
HATRPO,DefaultReward,HATRPO-DefaultReward,"HATRPO-DefaultReward (0.5,0.7,0.5,0.6) - 14",0.8261986278253329
HATRPO,DefaultReward,HATRPO-DefaultReward,"HATRPO-DefaultReward (0.5,0.7,0.5,0.6) - 15",0.8218534732456263
HATRPO,DefaultReward,HATRPO-DefaultReward,"HATRPO-DefaultReward (0.5,0.7,0.5,0.6) - 16",0.8105667507977857
HATRPO,DefaultReward,HATRPO-DefaultReward,"HATRPO-DefaultReward (0.5,0.7,0.5,0.6) - 17",0.8247429149780038
HATRPO,DefaultReward,HATRPO-DefaultReward,"HATRPO-DefaultReward (0.5,0.7,0.5,0.6) - 18",0.8105667507977857
HATRPO,DefaultReward,HATRPO-DefaultReward,"HATRPO-DefaultReward (0.5,0.7,0.5,0.6) - 19",0.8231785366411571
HATRPO,DefaultReward,HATRPO-DefaultReward,"HATRPO-DefaultReward (0.5,0.7,0.5,0.6) - 2",0.8218534732456263
HATRPO,DefaultReward,HATRPO-DefaultReward,"HATRPO-DefaultReward (0.5,0.7,0.5,0.6) - 20",0.8218534732456263
HATRPO,DefaultReward,HATRPO-DefaultReward,"HATRPO-DefaultReward (0.5,0.7,0.5,0.6) - 21",0.834933450080431
HATRPO,DefaultReward,HATRPO-DefaultReward,"HATRPO-DefaultReward (0.5,0.7,0.5,0.6) - 22",0.8218534732456263
HATRPO,DefaultReward,HATRPO-DefaultReward,"HATRPO-DefaultReward (0.5,0.7,0.5,0.6) - 23",0.8297981033737852
HATRPO,DefaultReward,HATRPO-DefaultReward,"HATRPO-DefaultReward (0.5,0.7,0.5,0.6) - 24",0.8201173800624383
HATRPO,DefaultReward,HATRPO-DefaultReward,"HATRPO-DefaultReward (0.5,0.7,0.5,0.6) - 25",0.8297981033737852
HATRPO,DefaultReward,HATRPO-DefaultReward,"HATRPO-DefaultReward (0.5,0.7,0.5,0.6) - 3",0.8261986278253329
HATRPO,DefaultReward,HATRPO-DefaultReward,"HATRPO-DefaultReward (0.5,0.7,0.5,0.6) - 4",0.8201173800624383
HATRPO,DefaultReward,HATRPO-DefaultReward,"HATRPO-DefaultReward (0.5,0.7,0.5,0.6) - 5",0.8231785366411571
HATRPO,DefaultReward,HATRPO-DefaultReward,"HATRPO-DefaultReward (0.5,0.7,0.5,0.6) - 6",0.8086176698545094
HATRPO,DefaultReward,HATRPO-DefaultReward,"HATRPO-DefaultReward (0.5,0.7,0.5,0.6) - 7",0.834933450080431
HATRPO,DefaultReward,HATRPO-DefaultReward,"HATRPO-DefaultReward (0.5,0.7,0.5,0.6) - 8",0.8201173800624383
HATRPO,DefaultReward,HATRPO-DefaultReward,"HATRPO-DefaultReward (0.5,0.7,0.5,0.6) - 9",0.8261986278253329
HATRPO,RewardHard,HATRPO-RewardHard,"HATRPO-RewardHard (0.5,0.7,0.5,0.6) - 1",0.9325055286145598
HATRPO,RewardHard,HATRPO-RewardHard,"HATRPO-RewardHard (0.5,0.7,0.5,0.6) - 10",0.9332147025093253
HATRPO,RewardHard,HATRPO-RewardHard,"HATRPO-RewardHard (0.5,0.7,0.5,0.6) - 11",0.9337016441995684
HATRPO,RewardHard,HATRPO-RewardHard,"HATRPO-RewardHard (0.5,0.7,0.5,0.6) - 12",0.9338293076791573
HATRPO,RewardHard,HATRPO-RewardHard,"HATRPO-RewardHard (0.5,0.7,0.5,0.6) - 13",0.9310999276755462
HATRPO,RewardHard,HATRPO-RewardHard,"HATRPO-RewardHard (0.5,0.7,0.5,0.6) - 14",0.929801807370977
HATRPO,RewardHard,HATRPO-RewardHard,"HATRPO-RewardHard (0.5,0.7,0.5,0.6) - 15",0.9310999276755462
HATRPO,RewardHard,HATRPO-RewardHard,"HATRPO-RewardHard (0.5,0.7,0.5,0.6) - 16",0.9329059803841245
HATRPO,RewardHard,HATRPO-RewardHard,"HATRPO-RewardHard (0.5,0.7,0.5,0.6) - 17",0.9323960296686731
HATRPO,RewardHard,HATRPO-RewardHard,"HATRPO-RewardHard (0.5,0.7,0.5,0.6) - 18",0.9322967067398656
HATRPO,RewardHard,HATRPO-RewardHard,"HATRPO-RewardHard (0.5,0.7,0.5,0.6) - 19",0.9307107991939089
HATRPO,RewardHard,HATRPO-RewardHard,"HATRPO-RewardHard (0.5,0.7,0.5,0.6) - 2",0.9316808927141514
HATRPO,RewardHard,HATRPO-RewardHard,"HATRPO-RewardHard (0.5,0.7,0.5,0.6) - 20",0.9332147025093253
HATRPO,RewardHard,HATRPO-RewardHard,"HATRPO-RewardHard (0.5,0.7,0.5,0.6) - 21",0.9331972227284894
HATRPO,RewardHard,HATRPO-RewardHard,"HATRPO-RewardHard (0.5,0.7,0.5,0.6) - 22",0.9322967067398656
HATRPO,RewardHard,HATRPO-RewardHard,"HATRPO-RewardHard (0.5,0.7,0.5,0.6) - 23",0.9332147025093253
HATRPO,RewardHard,HATRPO-RewardHard,"HATRPO-RewardHard (0.5,0.7,0.5,0.6) - 24",0.9322967067398656
HATRPO,RewardHard,HATRPO-RewardHard,"HATRPO-RewardHard (0.5,0.7,0.5,0.6) - 25",0.9337016441995684
HATRPO,RewardHard,HATRPO-RewardHard,"HATRPO-RewardHard (0.5,0.7,0.5,0.6) - 3",0.9316808927141514
HATRPO,RewardHard,HATRPO-RewardHard,"HATRPO-RewardHard (0.5,0.7,0.5,0.6) - 4",0.9316808927141514
HATRPO,RewardHard,HATRPO-RewardHard,"HATRPO-RewardHard (0.5,0.7,0.5,0.6) - 5",0.9331972227284894
HATRPO,RewardHard,HATRPO-RewardHard,"HATRPO-RewardHard (0.5,0.7,0.5,0.6) - 6",0.929801807370977
HATRPO,RewardHard,HATRPO-RewardHard,"HATRPO-RewardHard (0.5,0.7,0.5,0.6) - 7",0.9337016441995684
HATRPO,RewardHard,HATRPO-RewardHard,"HATRPO-RewardHard (0.5,0.7,0.5,0.6) - 8",0.9338293076791573
HATRPO,RewardHard,HATRPO-RewardHard,"HATRPO-RewardHard (0.5,0.7,0.5,0.6) - 9",0.9316808927141514
HATRPO,RewardLowerQuantile,HATRPO-RewardLowerQuantile,"HATRPO-RewardLowerQuantile (0.5,0.7,0.5,0.6) - 1",0.7236884402721614
HATRPO,RewardLowerQuantile,HATRPO-RewardLowerQuantile,"HATRPO-RewardLowerQuantile (0.5,0.7,0.5,0.6) - 10",0.7318726370391285
HATRPO,RewardLowerQuantile,HATRPO-RewardLowerQuantile,"HATRPO-RewardLowerQuantile (0.5,0.7,0.5,0.6) - 11",0.5220601035279872
HATRPO,RewardLowerQuantile,HATRPO-RewardLowerQuantile,"HATRPO-RewardLowerQuantile (0.5,0.7,0.5,0.6) - 12",0.67959802407238
HATRPO,RewardLowerQuantile,HATRPO-RewardLowerQuantile,"HATRPO-RewardLowerQuantile (0.5,0.7,0.5,0.6) - 13",0.7236884402721614
HATRPO,RewardLowerQuantile,HATRPO-RewardLowerQuantile,"HATRPO-RewardLowerQuantile (0.5,0.7,0.5,0.6) - 14",0.7318726370391285
HATRPO,RewardLowerQuantile,HATRPO-RewardLowerQuantile,"HATRPO-RewardLowerQuantile (0.5,0.7,0.5,0.6) - 15",0.7236884402721614
HATRPO,RewardLowerQuantile,HATRPO-RewardLowerQuantile,"HATRPO-RewardLowerQuantile (0.5,0.7,0.5,0.6) - 16",0.7245396344818544
HATRPO,RewardLowerQuantile,HATRPO-RewardLowerQuantile,"HATRPO-RewardLowerQuantile (0.5,0.7,0.5,0.6) - 17",0.7174264199022423
HATRPO,RewardLowerQuantile,HATRPO-RewardLowerQuantile,"HATRPO-RewardLowerQuantile (0.5,0.7,0.5,0.6) - 18",0.7180220128402033
HATRPO,RewardLowerQuantile,HATRPO-RewardLowerQuantile,"HATRPO-RewardLowerQuantile (0.5,0.7,0.5,0.6) - 19",0.7174264199022423
HATRPO,RewardLowerQuantile,HATRPO-RewardLowerQuantile,"HATRPO-RewardLowerQuantile (0.5,0.7,0.5,0.6) - 2",0.7245396344818544
HATRPO,RewardLowerQuantile,HATRPO-RewardLowerQuantile,"HATRPO-RewardLowerQuantile (0.5,0.7,0.5,0.6) - 20",0.7245396344818544
HATRPO,RewardLowerQuantile,HATRPO-RewardLowerQuantile,"HATRPO-RewardLowerQuantile (0.5,0.7,0.5,0.6) - 21",0.7174264199022423
HATRPO,RewardLowerQuantile,HATRPO-RewardLowerQuantile,"HATRPO-RewardLowerQuantile (0.5,0.7,0.5,0.6) - 22",0.7360752369619
HATRPO,RewardLowerQuantile,HATRPO-RewardLowerQuantile,"HATRPO-RewardLowerQuantile (0.5,0.7,0.5,0.6) - 23",0.7236884402721614
HATRPO,RewardLowerQuantile,HATRPO-RewardLowerQuantile,"HATRPO-RewardLowerQuantile (0.5,0.7,0.5,0.6) - 24",0.5220601035279872
HATRPO,RewardLowerQuantile,HATRPO-RewardLowerQuantile,"HATRPO-RewardLowerQuantile (0.5,0.7,0.5,0.6) - 25",0.67959802407238
HATRPO,RewardLowerQuantile,HATRPO-RewardLowerQuantile,"HATRPO-RewardLowerQuantile (0.5,0.7,0.5,0.6) - 3",0.7245396344818544
HATRPO,RewardLowerQuantile,HATRPO-RewardLowerQuantile,"HATRPO-RewardLowerQuantile (0.5,0.7,0.5,0.6) - 4",0.646035294262993
HATRPO,RewardLowerQuantile,HATRPO-RewardLowerQuantile,"HATRPO-RewardLowerQuantile (0.5,0.7,0.5,0.6) - 5",0.6935763615637336
HATRPO,RewardLowerQuantile,HATRPO-RewardLowerQuantile,"HATRPO-RewardLowerQuantile (0.5,0.7,0.5,0.6) - 6",0.7360752369619
HATRPO,RewardLowerQuantile,HATRPO-RewardLowerQuantile,"HATRPO-RewardLowerQuantile (0.5,0.7,0.5,0.6) - 7",0.7236884402721614
HATRPO,RewardLowerQuantile,HATRPO-RewardLowerQuantile,"HATRPO-RewardLowerQuantile (0.5,0.7,0.5,0.6) - 8",0.7180220128402033
HATRPO,RewardLowerQuantile,HATRPO-RewardLowerQuantile,"HATRPO-RewardLowerQuantile (0.5,0.7,0.5,0.6) - 9",0.7174264199022423
HATRPO,RewardMaxMedian,HATRPO-RewardMaxMedian,"HATRPO-RewardMaxMedian (0.5,0.7,0.5,0.6) - 1",0.7996524087510675
HATRPO,RewardMaxMedian,HATRPO-RewardMaxMedian,"HATRPO-RewardMaxMedian (0.5,0.7,0.5,0.6) - 10",0.8035715435328546
HATRPO,RewardMaxMedian,HATRPO-RewardMaxMedian,"HATRPO-RewardMaxMedian (0.5,0.7,0.5,0.6) - 11",0.7979428816075991
HATRPO,RewardMaxMedian,HATRPO-RewardMaxMedian,"HATRPO-RewardMaxMedian (0.5,0.7,0.5,0.6) - 12",0.816459152194505
HATRPO,RewardMaxMedian,HATRPO-RewardMaxMedian,"HATRPO-RewardMaxMedian (0.5,0.7,0.5,0.6) - 13",0.7996524087510675
HATRPO,RewardMaxMedian,HATRPO-RewardMaxMedian,"HATRPO-RewardMaxMedian (0.5,0.7,0.5,0.6) - 14",0.8045178896292042
HATRPO,RewardMaxMedian,HATRPO-RewardMaxMedian,"HATRPO-RewardMaxMedian (0.5,0.7,0.5,0.6) - 15",0.8188095149272544
HATRPO,RewardMaxMedian,HATRPO-RewardMaxMedian,"HATRPO-RewardMaxMedian (0.5,0.7,0.5,0.6) - 16",0.825358387335213
HATRPO,RewardMaxMedian,HATRPO-RewardMaxMedian,"HATRPO-RewardMaxMedian (0.5,0.7,0.5,0.6) - 17",0.8188095149272544
HATRPO,RewardMaxMedian,HATRPO-RewardMaxMedian,"HATRPO-RewardMaxMedian (0.5,0.7,0.5,0.6) - 18",0.825358387335213
HATRPO,RewardMaxMedian,HATRPO-RewardMaxMedian,"HATRPO-RewardMaxMedian (0.5,0.7,0.5,0.6) - 19",0.8364420452783612
HATRPO,RewardMaxMedian,HATRPO-RewardMaxMedian,"HATRPO-RewardMaxMedian (0.5,0.7,0.5,0.6) - 2",0.8362362350859791
HATRPO,RewardMaxMedian,HATRPO-RewardMaxMedian,"HATRPO-RewardMaxMedian (0.5,0.7,0.5,0.6) - 20",0.8362362350859791
HATRPO,RewardMaxMedian,HATRPO-RewardMaxMedian,"HATRPO-RewardMaxMedian (0.5,0.7,0.5,0.6) - 21",0.825741559241509
HATRPO,RewardMaxMedian,HATRPO-RewardMaxMedian,"HATRPO-RewardMaxMedian (0.5,0.7,0.5,0.6) - 22",0.7979428816075991
HATRPO,RewardMaxMedian,HATRPO-RewardMaxMedian,"HATRPO-RewardMaxMedian (0.5,0.7,0.5,0.6) - 23",0.825358387335213
HATRPO,RewardMaxMedian,HATRPO-RewardMaxMedian,"HATRPO-RewardMaxMedian (0.5,0.7,0.5,0.6) - 24",0.7979428816075991
HATRPO,RewardMaxMedian,HATRPO-RewardMaxMedian,"HATRPO-RewardMaxMedian (0.5,0.7,0.5,0.6) - 25",0.8035715435328546
HATRPO,RewardMaxMedian,HATRPO-RewardMaxMedian,"HATRPO-RewardMaxMedian (0.5,0.7,0.5,0.6) - 3",0.825358387335213
HATRPO,RewardMaxMedian,HATRPO-RewardMaxMedian,"HATRPO-RewardMaxMedian (0.5,0.7,0.5,0.6) - 4",0.8214259043480044
HATRPO,RewardMaxMedian,HATRPO-RewardMaxMedian,"HATRPO-RewardMaxMedian (0.5,0.7,0.5,0.6) - 5",0.7996524087510675
HATRPO,RewardMaxMedian,HATRPO-RewardMaxMedian,"HATRPO-RewardMaxMedian (0.5,0.7,0.5,0.6) - 6",0.7996524087510675
HATRPO,RewardMaxMedian,HATRPO-RewardMaxMedian,"HATRPO-RewardMaxMedian (0.5,0.7,0.5,0.6) - 7",0.7979428816075991
HATRPO,RewardMaxMedian,HATRPO-RewardMaxMedian,"HATRPO-RewardMaxMedian (0.5,0.7,0.5,0.6) - 8",0.8188095149272544
HATRPO,RewardMaxMedian,HATRPO-RewardMaxMedian,"HATRPO-RewardMaxMedian (0.5,0.7,0.5,0.6) - 9",0.8214259043480044
IA2C,DefaultReward,IA2C-DefaultReward,"IA2C-DefaultReward (0.5,0.7,0.5,0.6) - 1",0.8317071579175358
IA2C,DefaultReward,IA2C-DefaultReward,"IA2C-DefaultReward (0.5,0.7,0.5,0.6) - 10",0.8267223935564719
IA2C,DefaultReward,IA2C-DefaultReward,"IA2C-DefaultReward (0.5,0.7,0.5,0.6) - 11",0.8304747361189103
IA2C,DefaultReward,IA2C-DefaultReward,"IA2C-DefaultReward (0.5,0.7,0.5,0.6) - 12",0.8304747361189103
IA2C,DefaultReward,IA2C-DefaultReward,"IA2C-DefaultReward (0.5,0.7,0.5,0.6) - 13",0.8320338264992425
IA2C,DefaultReward,IA2C-DefaultReward,"IA2C-DefaultReward (0.5,0.7,0.5,0.6) - 14",0.8308733868670924
IA2C,DefaultReward,IA2C-DefaultReward,"IA2C-DefaultReward (0.5,0.7,0.5,0.6) - 15",0.8327637486347277
IA2C,DefaultReward,IA2C-DefaultReward,"IA2C-DefaultReward (0.5,0.7,0.5,0.6) - 16",0.8331361268321115
IA2C,DefaultReward,IA2C-DefaultReward,"IA2C-DefaultReward (0.5,0.7,0.5,0.6) - 17",0.8312047749747729
IA2C,DefaultReward,IA2C-DefaultReward,"IA2C-DefaultReward (0.5,0.7,0.5,0.6) - 18",0.8349980735426283
IA2C,DefaultReward,IA2C-DefaultReward,"IA2C-DefaultReward (0.5,0.7,0.5,0.6) - 19",0.8438681258085071
IA2C,DefaultReward,IA2C-DefaultReward,"IA2C-DefaultReward (0.5,0.7,0.5,0.6) - 2",0.8308580935613586
IA2C,DefaultReward,IA2C-DefaultReward,"IA2C-DefaultReward (0.5,0.7,0.5,0.6) - 20",0.8265500684870799
IA2C,DefaultReward,IA2C-DefaultReward,"IA2C-DefaultReward (0.5,0.7,0.5,0.6) - 21",0.8312047749747729
IA2C,DefaultReward,IA2C-DefaultReward,"IA2C-DefaultReward (0.5,0.7,0.5,0.6) - 22",0.8320338264992425
IA2C,DefaultReward,IA2C-DefaultReward,"IA2C-DefaultReward (0.5,0.7,0.5,0.6) - 23",0.8312589676774368
IA2C,DefaultReward,IA2C-DefaultReward,"IA2C-DefaultReward (0.5,0.7,0.5,0.6) - 24",0.8312047749747729
IA2C,DefaultReward,IA2C-DefaultReward,"IA2C-DefaultReward (0.5,0.7,0.5,0.6) - 25",0.8328492518906714
IA2C,DefaultReward,IA2C-DefaultReward,"IA2C-DefaultReward (0.5,0.7,0.5,0.6) - 3",0.8415658847047907
IA2C,DefaultReward,IA2C-DefaultReward,"IA2C-DefaultReward (0.5,0.7,0.5,0.6) - 4",0.8304747361189103
IA2C,DefaultReward,IA2C-DefaultReward,"IA2C-DefaultReward (0.5,0.7,0.5,0.6) - 5",0.8312043599366812
IA2C,DefaultReward,IA2C-DefaultReward,"IA2C-DefaultReward (0.5,0.7,0.5,0.6) - 6",0.8312238676683519
IA2C,DefaultReward,IA2C-DefaultReward,"IA2C-DefaultReward (0.5,0.7,0.5,0.6) - 7",0.8312047749747729
IA2C,DefaultReward,IA2C-DefaultReward,"IA2C-DefaultReward (0.5,0.7,0.5,0.6) - 8",0.8320338264992425
IA2C,DefaultReward,IA2C-DefaultReward,"IA2C-DefaultReward (0.5,0.7,0.5,0.6) - 9",0.8265500684870799
IA2C,RewardHard,IA2C-RewardHard,"IA2C-RewardHardMax (0.5,0.7,0.5,0.6) - 1",0.9173438114610489
IA2C,RewardHard,IA2C-RewardHard,"IA2C-RewardHardMax (0.5,0.7,0.5,0.6) - 10",0.9202868561207789
IA2C,RewardHard,IA2C-RewardHard,"IA2C-RewardHardMax (0.5,0.7,0.5,0.6) - 11",0.9202434163464205
IA2C,RewardHard,IA2C-RewardHard,"IA2C-RewardHardMax (0.5,0.7,0.5,0.6) - 12",0.9225712838851373
IA2C,RewardHard,IA2C-RewardHard,"IA2C-RewardHardMax (0.5,0.7,0.5,0.6) - 13",0.9168622344479441
IA2C,RewardHard,IA2C-RewardHard,"IA2C-RewardHardMax (0.5,0.7,0.5,0.6) - 14",0.9208053807937105
IA2C,RewardHard,IA2C-RewardHard,"IA2C-RewardHardMax (0.5,0.7,0.5,0.6) - 15",0.9202361907205868
IA2C,RewardHard,IA2C-RewardHard,"IA2C-RewardHardMax (0.5,0.7,0.5,0.6) - 16",0.9201391973235852
IA2C,RewardHard,IA2C-RewardHard,"IA2C-RewardHardMax (0.5,0.7,0.5,0.6) - 17",0.9192189802164539
IA2C,RewardHard,IA2C-RewardHard,"IA2C-RewardHardMax (0.5,0.7,0.5,0.6) - 18",0.9205239254636122
IA2C,RewardHard,IA2C-RewardHard,"IA2C-RewardHardMax (0.5,0.7,0.5,0.6) - 19",0.9226311304652819
IA2C,RewardHard,IA2C-RewardHard,"IA2C-RewardHardMax (0.5,0.7,0.5,0.6) - 2",0.9173431233062074
IA2C,RewardHard,IA2C-RewardHard,"IA2C-RewardHardMax (0.5,0.7,0.5,0.6) - 20",0.9175160451680804
IA2C,RewardHard,IA2C-RewardHard,"IA2C-RewardHardMax (0.5,0.7,0.5,0.6) - 21",0.9213108349591872
IA2C,RewardHard,IA2C-RewardHard,"IA2C-RewardHardMax (0.5,0.7,0.5,0.6) - 22",0.9226319157812736
IA2C,RewardHard,IA2C-RewardHard,"IA2C-RewardHardMax (0.5,0.7,0.5,0.6) - 23",0.9199329167733188
IA2C,RewardHard,IA2C-RewardHard,"IA2C-RewardHardMax (0.5,0.7,0.5,0.6) - 24",0.9227555522784067
IA2C,RewardHard,IA2C-RewardHard,"IA2C-RewardHardMax (0.5,0.7,0.5,0.6) - 25",0.9203919717727898
IA2C,RewardHard,IA2C-RewardHard,"IA2C-RewardHardMax (0.5,0.7,0.5,0.6) - 3",0.9225711978666553
IA2C,RewardHard,IA2C-RewardHard,"IA2C-RewardHardMax (0.5,0.7,0.5,0.6) - 4",0.9225700796263886
IA2C,RewardHard,IA2C-RewardHard,"IA2C-RewardHardMax (0.5,0.7,0.5,0.6) - 5",0.9212034806514493
IA2C,RewardHard,IA2C-RewardHard,"IA2C-RewardHardMax (0.5,0.7,0.5,0.6) - 6",0.9189291170361611
IA2C,RewardHard,IA2C-RewardHard,"IA2C-RewardHardMax (0.5,0.7,0.5,0.6) - 7",0.9175510320876402
IA2C,RewardHard,IA2C-RewardHard,"IA2C-RewardHardMax (0.5,0.7,0.5,0.6) - 8",0.9192306504702287
IA2C,RewardHard,IA2C-RewardHard,"IA2C-RewardHardMax (0.5,0.7,0.5,0.6) - 9",0.9189345943754984
IA2C,RewardLowerQuantile,IA2C-RewardLowerQuantile,"IA2C-RewardLowerQuantile (0.5,0.7,0.5,0.6) - 1",0.6113900626708929
IA2C,RewardLowerQuantile,IA2C-RewardLowerQuantile,"IA2C-RewardLowerQuantile (0.5,0.7,0.5,0.6) - 10",0.6836689558665425
IA2C,RewardLowerQuantile,IA2C-RewardLowerQuantile,"IA2C-RewardLowerQuantile (0.5,0.7,0.5,0.6) - 11",0.6873672160271785
IA2C,RewardLowerQuantile,IA2C-RewardLowerQuantile,"IA2C-RewardLowerQuantile (0.5,0.7,0.5,0.6) - 12",0.5948124924204221
IA2C,RewardLowerQuantile,IA2C-RewardLowerQuantile,"IA2C-RewardLowerQuantile (0.5,0.7,0.5,0.6) - 13",0.5925518012810664
IA2C,RewardLowerQuantile,IA2C-RewardLowerQuantile,"IA2C-RewardLowerQuantile (0.5,0.7,0.5,0.6) - 14",0.6952435283681856
IA2C,RewardLowerQuantile,IA2C-RewardLowerQuantile,"IA2C-RewardLowerQuantile (0.5,0.7,0.5,0.6) - 15",0.6100489183444991
IA2C,RewardLowerQuantile,IA2C-RewardLowerQuantile,"IA2C-RewardLowerQuantile (0.5,0.7,0.5,0.6) - 16",0.5930231604232596
IA2C,RewardLowerQuantile,IA2C-RewardLowerQuantile,"IA2C-RewardLowerQuantile (0.5,0.7,0.5,0.6) - 17",0.6354634716900066
IA2C,RewardLowerQuantile,IA2C-RewardLowerQuantile,"IA2C-RewardLowerQuantile (0.5,0.7,0.5,0.6) - 18",0.6126868189348899
IA2C,RewardLowerQuantile,IA2C-RewardLowerQuantile,"IA2C-RewardLowerQuantile (0.5,0.7,0.5,0.6) - 19",0.6372322964106648
IA2C,RewardLowerQuantile,IA2C-RewardLowerQuantile,"IA2C-RewardLowerQuantile (0.5,0.7,0.5,0.6) - 2",0.6823899812604977
IA2C,RewardLowerQuantile,IA2C-RewardLowerQuantile,"IA2C-RewardLowerQuantile (0.5,0.7,0.5,0.6) - 20",0.6325202301087869
IA2C,RewardLowerQuantile,IA2C-RewardLowerQuantile,"IA2C-RewardLowerQuantile (0.5,0.7,0.5,0.6) - 21",0.6320691160160201
IA2C,RewardLowerQuantile,IA2C-RewardLowerQuantile,"IA2C-RewardLowerQuantile (0.5,0.7,0.5,0.6) - 22",0.6060824714918258
IA2C,RewardLowerQuantile,IA2C-RewardLowerQuantile,"IA2C-RewardLowerQuantile (0.5,0.7,0.5,0.6) - 23",0.6222236756634805
IA2C,RewardLowerQuantile,IA2C-RewardLowerQuantile,"IA2C-RewardLowerQuantile (0.5,0.7,0.5,0.6) - 24",0.6921697412414787
IA2C,RewardLowerQuantile,IA2C-RewardLowerQuantile,"IA2C-RewardLowerQuantile (0.5,0.7,0.5,0.6) - 25",0.6412870183087236
IA2C,RewardLowerQuantile,IA2C-RewardLowerQuantile,"IA2C-RewardLowerQuantile (0.5,0.7,0.5,0.6) - 3",0.5983429236823881
IA2C,RewardLowerQuantile,IA2C-RewardLowerQuantile,"IA2C-RewardLowerQuantile (0.5,0.7,0.5,0.6) - 4",0.6906110983446343
IA2C,RewardLowerQuantile,IA2C-RewardLowerQuantile,"IA2C-RewardLowerQuantile (0.5,0.7,0.5,0.6) - 5",0.6154347834628024
IA2C,RewardLowerQuantile,IA2C-RewardLowerQuantile,"IA2C-RewardLowerQuantile (0.5,0.7,0.5,0.6) - 6",0.5944160936335506
IA2C,RewardLowerQuantile,IA2C-RewardLowerQuantile,"IA2C-RewardLowerQuantile (0.5,0.7,0.5,0.6) - 7",0.6830480680773859
IA2C,RewardLowerQuantile,IA2C-RewardLowerQuantile,"IA2C-RewardLowerQuantile (0.5,0.7,0.5,0.6) - 8",0.6866448017116815
IA2C,RewardLowerQuantile,IA2C-RewardLowerQuantile,"IA2C-RewardLowerQuantile (0.5,0.7,0.5,0.6) - 9",0.6135892753267532
IA2C,RewardMaxMedian,IA2C-RewardMaxMedian,"IA2C-RewardMaxMedian (0.5,0.7,0.5,0.6) - 1",0.8274914738515246
IA2C,RewardMaxMedian,IA2C-RewardMaxMedian,"IA2C-RewardMaxMedian (0.5,0.7,0.5,0.6) - 10",0.8283663418679482
IA2C,RewardMaxMedian,IA2C-RewardMaxMedian,"IA2C-RewardMaxMedian (0.5,0.7,0.5,0.6) - 11",0.8264788704432948
IA2C,RewardMaxMedian,IA2C-RewardMaxMedian,"IA2C-RewardMaxMedian (0.5,0.7,0.5,0.6) - 12",0.8250458500297848
IA2C,RewardMaxMedian,IA2C-RewardMaxMedian,"IA2C-RewardMaxMedian (0.5,0.7,0.5,0.6) - 13",0.8257804990103351
IA2C,RewardMaxMedian,IA2C-RewardMaxMedian,"IA2C-RewardMaxMedian (0.5,0.7,0.5,0.6) - 14",0.8260584461254805
IA2C,RewardMaxMedian,IA2C-RewardMaxMedian,"IA2C-RewardMaxMedian (0.5,0.7,0.5,0.6) - 15",0.8308109136617096
IA2C,RewardMaxMedian,IA2C-RewardMaxMedian,"IA2C-RewardMaxMedian (0.5,0.7,0.5,0.6) - 16",0.8284036799012848
IA2C,RewardMaxMedian,IA2C-RewardMaxMedian,"IA2C-RewardMaxMedian (0.5,0.7,0.5,0.6) - 17",0.8301822108951407
IA2C,RewardMaxMedian,IA2C-RewardMaxMedian,"IA2C-RewardMaxMedian (0.5,0.7,0.5,0.6) - 18",0.8287642187674792
IA2C,RewardMaxMedian,IA2C-RewardMaxMedian,"IA2C-RewardMaxMedian (0.5,0.7,0.5,0.6) - 19",0.8285141148360047
IA2C,RewardMaxMedian,IA2C-RewardMaxMedian,"IA2C-RewardMaxMedian (0.5,0.7,0.5,0.6) - 2",0.8232654109530111
IA2C,RewardMaxMedian,IA2C-RewardMaxMedian,"IA2C-RewardMaxMedian (0.5,0.7,0.5,0.6) - 20",0.8278912767125314
IA2C,RewardMaxMedian,IA2C-RewardMaxMedian,"IA2C-RewardMaxMedian (0.5,0.7,0.5,0.6) - 21",0.8276162214996414
IA2C,RewardMaxMedian,IA2C-RewardMaxMedian,"IA2C-RewardMaxMedian (0.5,0.7,0.5,0.6) - 22",0.826942292737225
IA2C,RewardMaxMedian,IA2C-RewardMaxMedian,"IA2C-RewardMaxMedian (0.5,0.7,0.5,0.6) - 23",0.8255501404492658
IA2C,RewardMaxMedian,IA2C-RewardMaxMedian,"IA2C-RewardMaxMedian (0.5,0.7,0.5,0.6) - 24",0.8290098020524955
IA2C,RewardMaxMedian,IA2C-RewardMaxMedian,"IA2C-RewardMaxMedian (0.5,0.7,0.5,0.6) - 25",0.8269229083096002
IA2C,RewardMaxMedian,IA2C-RewardMaxMedian,"IA2C-RewardMaxMedian (0.5,0.7,0.5,0.6) - 3",0.8289593330678615
IA2C,RewardMaxMedian,IA2C-RewardMaxMedian,"IA2C-RewardMaxMedian (0.5,0.7,0.5,0.6) - 4",0.8246288384241945
IA2C,RewardMaxMedian,IA2C-RewardMaxMedian,"IA2C-RewardMaxMedian (0.5,0.7,0.5,0.6) - 5",0.8299616283085661
IA2C,RewardMaxMedian,IA2C-RewardMaxMedian,"IA2C-RewardMaxMedian (0.5,0.7,0.5,0.6) - 6",0.8315505410903303
IA2C,RewardMaxMedian,IA2C-RewardMaxMedian,"IA2C-RewardMaxMedian (0.5,0.7,0.5,0.6) - 7",0.82650682077925
IA2C,RewardMaxMedian,IA2C-RewardMaxMedian,"IA2C-RewardMaxMedian (0.5,0.7,0.5,0.6) - 8",0.8298917017407899
IA2C,RewardMaxMedian,IA2C-RewardMaxMedian,"IA2C-RewardMaxMedian (0.5,0.7,0.5,0.6) - 9",0.8339298238699316
IPPO,DefaultReward,IPPO-DefaultReward,"IPPO-DefaultReward (0.5,0.7,0.5,0.6) - 1",0.912448441358864
IPPO,DefaultReward,IPPO-DefaultReward,"IPPO-DefaultReward (0.5,0.7,0.5,0.6) - 10",0.912448441358864
IPPO,DefaultReward,IPPO-DefaultReward,"IPPO-DefaultReward (0.5,0.7,0.5,0.6) - 11",0.912448441358864
IPPO,DefaultReward,IPPO-DefaultReward,"IPPO-DefaultReward (0.5,0.7,0.5,0.6) - 12",0.912448441358864
IPPO,DefaultReward,IPPO-DefaultReward,"IPPO-DefaultReward (0.5,0.7,0.5,0.6) - 13",0.912448441358864
IPPO,DefaultReward,IPPO-DefaultReward,"IPPO-DefaultReward (0.5,0.7,0.5,0.6) - 14",0.912448441358864
IPPO,DefaultReward,IPPO-DefaultReward,"IPPO-DefaultReward (0.5,0.7,0.5,0.6) - 15",0.912448441358864
IPPO,DefaultReward,IPPO-DefaultReward,"IPPO-DefaultReward (0.5,0.7,0.5,0.6) - 16",0.912448441358864
IPPO,DefaultReward,IPPO-DefaultReward,"IPPO-DefaultReward (0.5,0.7,0.5,0.6) - 17",0.912448441358864
IPPO,DefaultReward,IPPO-DefaultReward,"IPPO-DefaultReward (0.5,0.7,0.5,0.6) - 18",0.912448441358864
IPPO,DefaultReward,IPPO-DefaultReward,"IPPO-DefaultReward (0.5,0.7,0.5,0.6) - 19",0.912448441358864
IPPO,DefaultReward,IPPO-DefaultReward,"IPPO-DefaultReward (0.5,0.7,0.5,0.6) - 2",0.912448441358864
IPPO,DefaultReward,IPPO-DefaultReward,"IPPO-DefaultReward (0.5,0.7,0.5,0.6) - 20",0.912448441358864
IPPO,DefaultReward,IPPO-DefaultReward,"IPPO-DefaultReward (0.5,0.7,0.5,0.6) - 21",0.912448441358864
IPPO,DefaultReward,IPPO-DefaultReward,"IPPO-DefaultReward (0.5,0.7,0.5,0.6) - 22",0.912448441358864
IPPO,DefaultReward,IPPO-DefaultReward,"IPPO-DefaultReward (0.5,0.7,0.5,0.6) - 23",0.912448441358864
IPPO,DefaultReward,IPPO-DefaultReward,"IPPO-DefaultReward (0.5,0.7,0.5,0.6) - 24",0.912448441358864
IPPO,DefaultReward,IPPO-DefaultReward,"IPPO-DefaultReward (0.5,0.7,0.5,0.6) - 25",0.912448441358864
IPPO,DefaultReward,IPPO-DefaultReward,"IPPO-DefaultReward (0.5,0.7,0.5,0.6) - 3",0.912448441358864
IPPO,DefaultReward,IPPO-DefaultReward,"IPPO-DefaultReward (0.5,0.7,0.5,0.6) - 4",0.912448441358864
IPPO,DefaultReward,IPPO-DefaultReward,"IPPO-DefaultReward (0.5,0.7,0.5,0.6) - 5",0.912448441358864
IPPO,DefaultReward,IPPO-DefaultReward,"IPPO-DefaultReward (0.5,0.7,0.5,0.6) - 6",0.912448441358864
IPPO,DefaultReward,IPPO-DefaultReward,"IPPO-DefaultReward (0.5,0.7,0.5,0.6) - 7",0.912448441358864
IPPO,DefaultReward,IPPO-DefaultReward,"IPPO-DefaultReward (0.5,0.7,0.5,0.6) - 8",0.912448441358864
IPPO,DefaultReward,IPPO-DefaultReward,"IPPO-DefaultReward (0.5,0.7,0.5,0.6) - 9",0.912448441358864
IPPO,RewardHard,IPPO-RewardHard,"IPPO-RewardHardMax (0.5,0.7,0.5,0.6) - 1",0.9537391248360011
IPPO,RewardHard,IPPO-RewardHard,"IPPO-RewardHardMax (0.5,0.7,0.5,0.6) - 10",0.9537391248360011
IPPO,RewardHard,IPPO-RewardHard,"IPPO-RewardHardMax (0.5,0.7,0.5,0.6) - 11",0.9537391248360011
IPPO,RewardHard,IPPO-RewardHard,"IPPO-RewardHardMax (0.5,0.7,0.5,0.6) - 12",0.9537391248360011
IPPO,RewardHard,IPPO-RewardHard,"IPPO-RewardHardMax (0.5,0.7,0.5,0.6) - 13",0.9408381635169277
IPPO,RewardHard,IPPO-RewardHard,"IPPO-RewardHardMax (0.5,0.7,0.5,0.6) - 14",0.9537391248360011
IPPO,RewardHard,IPPO-RewardHard,"IPPO-RewardHardMax (0.5,0.7,0.5,0.6) - 15",0.9537391248360011
IPPO,RewardHard,IPPO-RewardHard,"IPPO-RewardHardMax (0.5,0.7,0.5,0.6) - 16",0.9537391248360011
IPPO,RewardHard,IPPO-RewardHard,"IPPO-RewardHardMax (0.5,0.7,0.5,0.6) - 17",0.9537391248360011
IPPO,RewardHard,IPPO-RewardHard,"IPPO-RewardHardMax (0.5,0.7,0.5,0.6) - 18",0.9537391248360011
IPPO,RewardHard,IPPO-RewardHard,"IPPO-RewardHardMax (0.5,0.7,0.5,0.6) - 19",0.9537391248360011
IPPO,RewardHard,IPPO-RewardHard,"IPPO-RewardHardMax (0.5,0.7,0.5,0.6) - 2",0.9537391248360011
IPPO,RewardHard,IPPO-RewardHard,"IPPO-RewardHardMax (0.5,0.7,0.5,0.6) - 20",0.9537391248360011
IPPO,RewardHard,IPPO-RewardHard,"IPPO-RewardHardMax (0.5,0.7,0.5,0.6) - 21",0.9537391248360011
IPPO,RewardHard,IPPO-RewardHard,"IPPO-RewardHardMax (0.5,0.7,0.5,0.6) - 22",0.9537391248360011
IPPO,RewardHard,IPPO-RewardHard,"IPPO-RewardHardMax (0.5,0.7,0.5,0.6) - 23",0.9537391248360011
IPPO,RewardHard,IPPO-RewardHard,"IPPO-RewardHardMax (0.5,0.7,0.5,0.6) - 24",0.9537391248360011
IPPO,RewardHard,IPPO-RewardHard,"IPPO-RewardHardMax (0.5,0.7,0.5,0.6) - 25",0.9537391248360011
IPPO,RewardHard,IPPO-RewardHard,"IPPO-RewardHardMax (0.5,0.7,0.5,0.6) - 3",0.9537391248360011
IPPO,RewardHard,IPPO-RewardHard,"IPPO-RewardHardMax (0.5,0.7,0.5,0.6) - 4",0.9537391248360011
IPPO,RewardHard,IPPO-RewardHard,"IPPO-RewardHardMax (0.5,0.7,0.5,0.6) - 5",0.9537391248360011
IPPO,RewardHard,IPPO-RewardHard,"IPPO-RewardHardMax (0.5,0.7,0.5,0.6) - 6",0.9537391248360011
IPPO,RewardHard,IPPO-RewardHard,"IPPO-RewardHardMax (0.5,0.7,0.5,0.6) - 7",0.9537391248360011
IPPO,RewardHard,IPPO-RewardHard,"IPPO-RewardHardMax (0.5,0.7,0.5,0.6) - 8",0.9537391248360011
IPPO,RewardHard,IPPO-RewardHard,"IPPO-RewardHardMax (0.5,0.7,0.5,0.6) - 9",0.9537391248360011
IPPO,RewardLowerQuantile,IPPO-RewardLowerQuantile,"IPPO-RewardLowerQuantile (0.5,0.7,0.5,0.6) - 1",0.38595265450965444
IPPO,RewardLowerQuantile,IPPO-RewardLowerQuantile,"IPPO-RewardLowerQuantile (0.5,0.7,0.5,0.6) - 10",0.38595265450965444
IPPO,RewardLowerQuantile,IPPO-RewardLowerQuantile,"IPPO-RewardLowerQuantile (0.5,0.7,0.5,0.6) - 11",0.38595265450965444
IPPO,RewardLowerQuantile,IPPO-RewardLowerQuantile,"IPPO-RewardLowerQuantile (0.5,0.7,0.5,0.6) - 12",0.38595265450965444
IPPO,RewardLowerQuantile,IPPO-RewardLowerQuantile,"IPPO-RewardLowerQuantile (0.5,0.7,0.5,0.6) - 13",0.38595265450965444
IPPO,RewardLowerQuantile,IPPO-RewardLowerQuantile,"IPPO-RewardLowerQuantile (0.5,0.7,0.5,0.6) - 14",0.38595265450965444
IPPO,RewardLowerQuantile,IPPO-RewardLowerQuantile,"IPPO-RewardLowerQuantile (0.5,0.7,0.5,0.6) - 15",0.38595265450965444
IPPO,RewardLowerQuantile,IPPO-RewardLowerQuantile,"IPPO-RewardLowerQuantile (0.5,0.7,0.5,0.6) - 16",0.38595265450965444
IPPO,RewardLowerQuantile,IPPO-RewardLowerQuantile,"IPPO-RewardLowerQuantile (0.5,0.7,0.5,0.6) - 17",0.38595265450965444
IPPO,RewardLowerQuantile,IPPO-RewardLowerQuantile,"IPPO-RewardLowerQuantile (0.5,0.7,0.5,0.6) - 18",0.38595265450965444
IPPO,RewardLowerQuantile,IPPO-RewardLowerQuantile,"IPPO-RewardLowerQuantile (0.5,0.7,0.5,0.6) - 19",0.38595265450965444
IPPO,RewardLowerQuantile,IPPO-RewardLowerQuantile,"IPPO-RewardLowerQuantile (0.5,0.7,0.5,0.6) - 2",0.38595265450965444
IPPO,RewardLowerQuantile,IPPO-RewardLowerQuantile,"IPPO-RewardLowerQuantile (0.5,0.7,0.5,0.6) - 20",0.38595265450965444
IPPO,RewardLowerQuantile,IPPO-RewardLowerQuantile,"IPPO-RewardLowerQuantile (0.5,0.7,0.5,0.6) - 21",0.38595265450965444
IPPO,RewardLowerQuantile,IPPO-RewardLowerQuantile,"IPPO-RewardLowerQuantile (0.5,0.7,0.5,0.6) - 22",0.38595265450965444
IPPO,RewardLowerQuantile,IPPO-RewardLowerQuantile,"IPPO-RewardLowerQuantile (0.5,0.7,0.5,0.6) - 23",0.38595265450965444
IPPO,RewardLowerQuantile,IPPO-RewardLowerQuantile,"IPPO-RewardLowerQuantile (0.5,0.7,0.5,0.6) - 24",0.38595265450965444
IPPO,RewardLowerQuantile,IPPO-RewardLowerQuantile,"IPPO-RewardLowerQuantile (0.5,0.7,0.5,0.6) - 25",0.38595265450965444
IPPO,RewardLowerQuantile,IPPO-RewardLowerQuantile,"IPPO-RewardLowerQuantile (0.5,0.7,0.5,0.6) - 3",0.38595265450965444
IPPO,RewardLowerQuantile,IPPO-RewardLowerQuantile,"IPPO-RewardLowerQuantile (0.5,0.7,0.5,0.6) - 4",0.38595265450965444
IPPO,RewardLowerQuantile,IPPO-RewardLowerQuantile,"IPPO-RewardLowerQuantile (0.5,0.7,0.5,0.6) - 5",0.38595265450965444
IPPO,RewardLowerQuantile,IPPO-RewardLowerQuantile,"IPPO-RewardLowerQuantile (0.5,0.7,0.5,0.6) - 6",0.38595265450965444
IPPO,RewardLowerQuantile,IPPO-RewardLowerQuantile,"IPPO-RewardLowerQuantile (0.5,0.7,0.5,0.6) - 7",0.38595265450965444
IPPO,RewardLowerQuantile,IPPO-RewardLowerQuantile,"IPPO-RewardLowerQuantile (0.5,0.7,0.5,0.6) - 8",0.38595265450965444
IPPO,RewardLowerQuantile,IPPO-RewardLowerQuantile,"IPPO-RewardLowerQuantile (0.5,0.7,0.5,0.6) - 9",0.38595265450965444
IPPO,RewardMaxMedian,IPPO-RewardMaxMedian,"IPPO-RewardMaxMedian (0.5,0.7,0.5,0.6) - 1",0.9116325143514825
IPPO,RewardMaxMedian,IPPO-RewardMaxMedian,"IPPO-RewardMaxMedian (0.5,0.7,0.5,0.6) - 10",0.9116325143514825
IPPO,RewardMaxMedian,IPPO-RewardMaxMedian,"IPPO-RewardMaxMedian (0.5,0.7,0.5,0.6) - 11",0.9116325143514825
IPPO,RewardMaxMedian,IPPO-RewardMaxMedian,"IPPO-RewardMaxMedian (0.5,0.7,0.5,0.6) - 12",0.9116325143514825
IPPO,RewardMaxMedian,IPPO-RewardMaxMedian,"IPPO-RewardMaxMedian (0.5,0.7,0.5,0.6) - 13",0.9116325143514825
IPPO,RewardMaxMedian,IPPO-RewardMaxMedian,"IPPO-RewardMaxMedian (0.5,0.7,0.5,0.6) - 14",0.9116325143514825
IPPO,RewardMaxMedian,IPPO-RewardMaxMedian,"IPPO-RewardMaxMedian (0.5,0.7,0.5,0.6) - 15",0.9116325143514825
IPPO,RewardMaxMedian,IPPO-RewardMaxMedian,"IPPO-RewardMaxMedian (0.5,0.7,0.5,0.6) - 16",0.9116325143514825
IPPO,RewardMaxMedian,IPPO-RewardMaxMedian,"IPPO-RewardMaxMedian (0.5,0.7,0.5,0.6) - 17",0.9116325143514825
IPPO,RewardMaxMedian,IPPO-RewardMaxMedian,"IPPO-RewardMaxMedian (0.5,0.7,0.5,0.6) - 18",0.9116325143514825
IPPO,RewardMaxMedian,IPPO-RewardMaxMedian,"IPPO-RewardMaxMedian (0.5,0.7,0.5,0.6) - 19",0.9116325143514825
IPPO,RewardMaxMedian,IPPO-RewardMaxMedian,"IPPO-RewardMaxMedian (0.5,0.7,0.5,0.6) - 2",0.9116325143514825
IPPO,RewardMaxMedian,IPPO-RewardMaxMedian,"IPPO-RewardMaxMedian (0.5,0.7,0.5,0.6) - 20",0.9116325143514825
IPPO,RewardMaxMedian,IPPO-RewardMaxMedian,"IPPO-RewardMaxMedian (0.5,0.7,0.5,0.6) - 21",0.9116325143514825
IPPO,RewardMaxMedian,IPPO-RewardMaxMedian,"IPPO-RewardMaxMedian (0.5,0.7,0.5,0.6) - 22",0.9116325143514825
IPPO,RewardMaxMedian,IPPO-RewardMaxMedian,"IPPO-RewardMaxMedian (0.5,0.7,0.5,0.6) - 23",0.9116325143514825
IPPO,RewardMaxMedian,IPPO-RewardMaxMedian,"IPPO-RewardMaxMedian (0.5,0.7,0.5,0.6) - 24",0.9116325143514825
IPPO,RewardMaxMedian,IPPO-RewardMaxMedian,"IPPO-RewardMaxMedian (0.5,0.7,0.5,0.6) - 25",0.9116325143514825
IPPO,RewardMaxMedian,IPPO-RewardMaxMedian,"IPPO-RewardMaxMedian (0.5,0.7,0.5,0.6) - 3",0.9116325143514825
IPPO,RewardMaxMedian,IPPO-RewardMaxMedian,"IPPO-RewardMaxMedian (0.5,0.7,0.5,0.6) - 4",0.9116325143514825
IPPO,RewardMaxMedian,IPPO-RewardMaxMedian,"IPPO-RewardMaxMedian (0.5,0.7,0.5,0.6) - 5",0.9116325143514825
IPPO,RewardMaxMedian,IPPO-RewardMaxMedian,"IPPO-RewardMaxMedian (0.5,0.7,0.5,0.6) - 6",0.9116325143514825
IPPO,RewardMaxMedian,IPPO-RewardMaxMedian,"IPPO-RewardMaxMedian (0.5,0.7,0.5,0.6) - 7",0.9116325143514825
IPPO,RewardMaxMedian,IPPO-RewardMaxMedian,"IPPO-RewardMaxMedian (0.5,0.7,0.5,0.6) - 8",0.9116325143514825
IPPO,RewardMaxMedian,IPPO-RewardMaxMedian,"IPPO-RewardMaxMedian (0.5,0.7,0.5,0.6) - 9",0.9116325143514825
ITRPO,DefaultReward,ITRPO-DefaultReward,"ITRPO-DefaultReward (0.5,0.7,0.5,0.6) - 1",0.8420094625811069
ITRPO,DefaultReward,ITRPO-DefaultReward,"ITRPO-DefaultReward (0.5,0.7,0.5,0.6) - 10",0.8420094625811069
ITRPO,DefaultReward,ITRPO-DefaultReward,"ITRPO-DefaultReward (0.5,0.7,0.5,0.6) - 11",0.8420094625811069
ITRPO,DefaultReward,ITRPO-DefaultReward,"ITRPO-DefaultReward (0.5,0.7,0.5,0.6) - 12",0.8420094625811069
ITRPO,DefaultReward,ITRPO-DefaultReward,"ITRPO-DefaultReward (0.5,0.7,0.5,0.6) - 13",0.8420094625811069
ITRPO,DefaultReward,ITRPO-DefaultReward,"ITRPO-DefaultReward (0.5,0.7,0.5,0.6) - 14",0.8420094625811069
ITRPO,DefaultReward,ITRPO-DefaultReward,"ITRPO-DefaultReward (0.5,0.7,0.5,0.6) - 15",0.8420094625811069
ITRPO,DefaultReward,ITRPO-DefaultReward,"ITRPO-DefaultReward (0.5,0.7,0.5,0.6) - 16",0.8420094625811069
ITRPO,DefaultReward,ITRPO-DefaultReward,"ITRPO-DefaultReward (0.5,0.7,0.5,0.6) - 17",0.8420094625811069
ITRPO,DefaultReward,ITRPO-DefaultReward,"ITRPO-DefaultReward (0.5,0.7,0.5,0.6) - 18",0.8420094625811069
ITRPO,DefaultReward,ITRPO-DefaultReward,"ITRPO-DefaultReward (0.5,0.7,0.5,0.6) - 19",0.8420094625811069
ITRPO,DefaultReward,ITRPO-DefaultReward,"ITRPO-DefaultReward (0.5,0.7,0.5,0.6) - 2",0.8420094625811069
ITRPO,DefaultReward,ITRPO-DefaultReward,"ITRPO-DefaultReward (0.5,0.7,0.5,0.6) - 20",0.8420094625811069
ITRPO,DefaultReward,ITRPO-DefaultReward,"ITRPO-DefaultReward (0.5,0.7,0.5,0.6) - 21",0.8420094625811069
ITRPO,DefaultReward,ITRPO-DefaultReward,"ITRPO-DefaultReward (0.5,0.7,0.5,0.6) - 22",0.8420094625811069
ITRPO,DefaultReward,ITRPO-DefaultReward,"ITRPO-DefaultReward (0.5,0.7,0.5,0.6) - 23",0.8420094625811069
ITRPO,DefaultReward,ITRPO-DefaultReward,"ITRPO-DefaultReward (0.5,0.7,0.5,0.6) - 24",0.8420094625811069
ITRPO,DefaultReward,ITRPO-DefaultReward,"ITRPO-DefaultReward (0.5,0.7,0.5,0.6) - 25",0.8420094625811069
ITRPO,DefaultReward,ITRPO-DefaultReward,"ITRPO-DefaultReward (0.5,0.7,0.5,0.6) - 3",0.8420094625811069
ITRPO,DefaultReward,ITRPO-DefaultReward,"ITRPO-DefaultReward (0.5,0.7,0.5,0.6) - 4",0.8420094625811069
ITRPO,DefaultReward,ITRPO-DefaultReward,"ITRPO-DefaultReward (0.5,0.7,0.5,0.6) - 5",0.8420094625811069
ITRPO,DefaultReward,ITRPO-DefaultReward,"ITRPO-DefaultReward (0.5,0.7,0.5,0.6) - 6",0.8420094625811069
ITRPO,DefaultReward,ITRPO-DefaultReward,"ITRPO-DefaultReward (0.5,0.7,0.5,0.6) - 7",0.8420094625811069
ITRPO,DefaultReward,ITRPO-DefaultReward,"ITRPO-DefaultReward (0.5,0.7,0.5,0.6) - 8",0.8420094625811069
ITRPO,DefaultReward,ITRPO-DefaultReward,"ITRPO-DefaultReward (0.5,0.7,0.5,0.6) - 9",0.8420094625811069
ITRPO,RewardHard,ITRPO-RewardHard,"ITRPO-RewardHardMax (0.5,0.7,0.5,0.6) - 1",0.9320417222447207
ITRPO,RewardHard,ITRPO-RewardHard,"ITRPO-RewardHardMax (0.5,0.7,0.5,0.6) - 10",0.9320417222447207
ITRPO,RewardHard,ITRPO-RewardHard,"ITRPO-RewardHardMax (0.5,0.7,0.5,0.6) - 11",0.9320417222447207
ITRPO,RewardHard,ITRPO-RewardHard,"ITRPO-RewardHardMax (0.5,0.7,0.5,0.6) - 12",0.9320417222447207
ITRPO,RewardHard,ITRPO-RewardHard,"ITRPO-RewardHardMax (0.5,0.7,0.5,0.6) - 13",0.9320417222447207
ITRPO,RewardHard,ITRPO-RewardHard,"ITRPO-RewardHardMax (0.5,0.7,0.5,0.6) - 14",0.9320417222447207
ITRPO,RewardHard,ITRPO-RewardHard,"ITRPO-RewardHardMax (0.5,0.7,0.5,0.6) - 15",0.9320417222447207
ITRPO,RewardHard,ITRPO-RewardHard,"ITRPO-RewardHardMax (0.5,0.7,0.5,0.6) - 16",0.9320417222447207
ITRPO,RewardHard,ITRPO-RewardHard,"ITRPO-RewardHardMax (0.5,0.7,0.5,0.6) - 17",0.9320417222447207
ITRPO,RewardHard,ITRPO-RewardHard,"ITRPO-RewardHardMax (0.5,0.7,0.5,0.6) - 18",0.9320417222447207
ITRPO,RewardHard,ITRPO-RewardHard,"ITRPO-RewardHardMax (0.5,0.7,0.5,0.6) - 19",0.9320417222447207
ITRPO,RewardHard,ITRPO-RewardHard,"ITRPO-RewardHardMax (0.5,0.7,0.5,0.6) - 2",0.9320417222447207
ITRPO,RewardHard,ITRPO-RewardHard,"ITRPO-RewardHardMax (0.5,0.7,0.5,0.6) - 20",0.9320417222447207
ITRPO,RewardHard,ITRPO-RewardHard,"ITRPO-RewardHardMax (0.5,0.7,0.5,0.6) - 21",0.9320417222447207
ITRPO,RewardHard,ITRPO-RewardHard,"ITRPO-RewardHardMax (0.5,0.7,0.5,0.6) - 22",0.9320417222447207
ITRPO,RewardHard,ITRPO-RewardHard,"ITRPO-RewardHardMax (0.5,0.7,0.5,0.6) - 23",0.9320417222447207
ITRPO,RewardHard,ITRPO-RewardHard,"ITRPO-RewardHardMax (0.5,0.7,0.5,0.6) - 24",0.9320417222447207
ITRPO,RewardHard,ITRPO-RewardHard,"ITRPO-RewardHardMax (0.5,0.7,0.5,0.6) - 25",0.9320417222447207
ITRPO,RewardHard,ITRPO-RewardHard,"ITRPO-RewardHardMax (0.5,0.7,0.5,0.6) - 3",0.9320417222447207
ITRPO,RewardHard,ITRPO-RewardHard,"ITRPO-RewardHardMax (0.5,0.7,0.5,0.6) - 4",0.9320417222447207
ITRPO,RewardHard,ITRPO-RewardHard,"ITRPO-RewardHardMax (0.5,0.7,0.5,0.6) - 5",0.9320417222447207
ITRPO,RewardHard,ITRPO-RewardHard,"ITRPO-RewardHardMax (0.5,0.7,0.5,0.6) - 6",0.9320417222447207
ITRPO,RewardHard,ITRPO-RewardHard,"ITRPO-RewardHardMax (0.5,0.7,0.5,0.6) - 7",0.9320417222447207
ITRPO,RewardHard,ITRPO-RewardHard,"ITRPO-RewardHardMax (0.5,0.7,0.5,0.6) - 8",0.9320417222447207
ITRPO,RewardHard,ITRPO-RewardHard,"ITRPO-RewardHardMax (0.5,0.7,0.5,0.6) - 9",0.9320417222447207
ITRPO,RewardLowerQuantile,ITRPO-RewardLowerQuantile,"ITRPO-RewardLowerQuantile (0.5,0.7,0.5,0.6) - 1",0.6247968607213576
ITRPO,RewardLowerQuantile,ITRPO-RewardLowerQuantile,"ITRPO-RewardLowerQuantile (0.5,0.7,0.5,0.6) - 10",0.6247968607213576
ITRPO,RewardLowerQuantile,ITRPO-RewardLowerQuantile,"ITRPO-RewardLowerQuantile (0.5,0.7,0.5,0.6) - 11",0.6247968607213576
ITRPO,RewardLowerQuantile,ITRPO-RewardLowerQuantile,"ITRPO-RewardLowerQuantile (0.5,0.7,0.5,0.6) - 12",0.6247968607213576
ITRPO,RewardLowerQuantile,ITRPO-RewardLowerQuantile,"ITRPO-RewardLowerQuantile (0.5,0.7,0.5,0.6) - 13",0.6247968607213576
ITRPO,RewardLowerQuantile,ITRPO-RewardLowerQuantile,"ITRPO-RewardLowerQuantile (0.5,0.7,0.5,0.6) - 14",0.6247968607213576
ITRPO,RewardLowerQuantile,ITRPO-RewardLowerQuantile,"ITRPO-RewardLowerQuantile (0.5,0.7,0.5,0.6) - 15",0.6247968607213576
ITRPO,RewardLowerQuantile,ITRPO-RewardLowerQuantile,"ITRPO-RewardLowerQuantile (0.5,0.7,0.5,0.6) - 16",0.6247968607213576
ITRPO,RewardLowerQuantile,ITRPO-RewardLowerQuantile,"ITRPO-RewardLowerQuantile (0.5,0.7,0.5,0.6) - 17",0.6247968607213576
ITRPO,RewardLowerQuantile,ITRPO-RewardLowerQuantile,"ITRPO-RewardLowerQuantile (0.5,0.7,0.5,0.6) - 18",0.6247968607213576
ITRPO,RewardLowerQuantile,ITRPO-RewardLowerQuantile,"ITRPO-RewardLowerQuantile (0.5,0.7,0.5,0.6) - 19",0.6247968607213576
ITRPO,RewardLowerQuantile,ITRPO-RewardLowerQuantile,"ITRPO-RewardLowerQuantile (0.5,0.7,0.5,0.6) - 2",0.6247968607213576
ITRPO,RewardLowerQuantile,ITRPO-RewardLowerQuantile,"ITRPO-RewardLowerQuantile (0.5,0.7,0.5,0.6) - 20",0.6247968607213576
ITRPO,RewardLowerQuantile,ITRPO-RewardLowerQuantile,"ITRPO-RewardLowerQuantile (0.5,0.7,0.5,0.6) - 21",0.6247968607213576
ITRPO,RewardLowerQuantile,ITRPO-RewardLowerQuantile,"ITRPO-RewardLowerQuantile (0.5,0.7,0.5,0.6) - 22",0.6247968607213576
ITRPO,RewardLowerQuantile,ITRPO-RewardLowerQuantile,"ITRPO-RewardLowerQuantile (0.5,0.7,0.5,0.6) - 23",0.6247968607213576
ITRPO,RewardLowerQuantile,ITRPO-RewardLowerQuantile,"ITRPO-RewardLowerQuantile (0.5,0.7,0.5,0.6) - 24",0.6247968607213576
ITRPO,RewardLowerQuantile,ITRPO-RewardLowerQuantile,"ITRPO-RewardLowerQuantile (0.5,0.7,0.5,0.6) - 25",0.6247968607213576
ITRPO,RewardLowerQuantile,ITRPO-RewardLowerQuantile,"ITRPO-RewardLowerQuantile (0.5,0.7,0.5,0.6) - 3",0.6247968607213576
ITRPO,RewardLowerQuantile,ITRPO-RewardLowerQuantile,"ITRPO-RewardLowerQuantile (0.5,0.7,0.5,0.6) - 4",0.6247968607213576
ITRPO,RewardLowerQuantile,ITRPO-RewardLowerQuantile,"ITRPO-RewardLowerQuantile (0.5,0.7,0.5,0.6) - 5",0.6247968607213576
ITRPO,RewardLowerQuantile,ITRPO-RewardLowerQuantile,"ITRPO-RewardLowerQuantile (0.5,0.7,0.5,0.6) - 6",0.6247968607213576
ITRPO,RewardLowerQuantile,ITRPO-RewardLowerQuantile,"ITRPO-RewardLowerQuantile (0.5,0.7,0.5,0.6) - 7",0.6247968607213576
ITRPO,RewardLowerQuantile,ITRPO-RewardLowerQuantile,"ITRPO-RewardLowerQuantile (0.5,0.7,0.5,0.6) - 8",0.6247968607213576
ITRPO,RewardLowerQuantile,ITRPO-RewardLowerQuantile,"ITRPO-RewardLowerQuantile (0.5,0.7,0.5,0.6) - 9",0.6247968607213576
ITRPO,RewardMaxMedian,ITRPO-RewardMaxMedian,"ITRPO-RewardMaxMedian (0.5,0.7,0.5,0.6) - 1",0.8473368338823556
ITRPO,RewardMaxMedian,ITRPO-RewardMaxMedian,"ITRPO-RewardMaxMedian (0.5,0.7,0.5,0.6) - 10",0.8204728918915892
ITRPO,RewardMaxMedian,ITRPO-RewardMaxMedian,"ITRPO-RewardMaxMedian (0.5,0.7,0.5,0.6) - 11",0.8473368338823556
ITRPO,RewardMaxMedian,ITRPO-RewardMaxMedian,"ITRPO-RewardMaxMedian (0.5,0.7,0.5,0.6) - 12",0.8473368338823556
ITRPO,RewardMaxMedian,ITRPO-RewardMaxMedian,"ITRPO-RewardMaxMedian (0.5,0.7,0.5,0.6) - 13",0.7656585229756158
ITRPO,RewardMaxMedian,ITRPO-RewardMaxMedian,"ITRPO-RewardMaxMedian (0.5,0.7,0.5,0.6) - 14",0.8473368338823556
ITRPO,RewardMaxMedian,ITRPO-RewardMaxMedian,"ITRPO-RewardMaxMedian (0.5,0.7,0.5,0.6) - 15",0.8473368338823556
ITRPO,RewardMaxMedian,ITRPO-RewardMaxMedian,"ITRPO-RewardMaxMedian (0.5,0.7,0.5,0.6) - 16",0.8473368338823556
ITRPO,RewardMaxMedian,ITRPO-RewardMaxMedian,"ITRPO-RewardMaxMedian (0.5,0.7,0.5,0.6) - 17",0.8204728918915892
ITRPO,RewardMaxMedian,ITRPO-RewardMaxMedian,"ITRPO-RewardMaxMedian (0.5,0.7,0.5,0.6) - 18",0.8473368338823556
ITRPO,RewardMaxMedian,ITRPO-RewardMaxMedian,"ITRPO-RewardMaxMedian (0.5,0.7,0.5,0.6) - 19",0.8204728918915892
ITRPO,RewardMaxMedian,ITRPO-RewardMaxMedian,"ITRPO-RewardMaxMedian (0.5,0.7,0.5,0.6) - 2",0.8204728918915892
ITRPO,RewardMaxMedian,ITRPO-RewardMaxMedian,"ITRPO-RewardMaxMedian (0.5,0.7,0.5,0.6) - 20",0.8473368338823556
ITRPO,RewardMaxMedian,ITRPO-RewardMaxMedian,"ITRPO-RewardMaxMedian (0.5,0.7,0.5,0.6) - 21",0.8473368338823556
ITRPO,RewardMaxMedian,ITRPO-RewardMaxMedian,"ITRPO-RewardMaxMedian (0.5,0.7,0.5,0.6) - 22",0.8473368338823556
ITRPO,RewardMaxMedian,ITRPO-RewardMaxMedian,"ITRPO-RewardMaxMedian (0.5,0.7,0.5,0.6) - 23",0.8204728918915892
ITRPO,RewardMaxMedian,ITRPO-RewardMaxMedian,"ITRPO-RewardMaxMedian (0.5,0.7,0.5,0.6) - 24",0.8473368338823556
ITRPO,RewardMaxMedian,ITRPO-RewardMaxMedian,"ITRPO-RewardMaxMedian (0.5,0.7,0.5,0.6) - 25",0.8473368338823556
ITRPO,RewardMaxMedian,ITRPO-RewardMaxMedian,"ITRPO-RewardMaxMedian (0.5,0.7,0.5,0.6) - 3",0.8473368338823556
ITRPO,RewardMaxMedian,ITRPO-RewardMaxMedian,"ITRPO-RewardMaxMedian (0.5,0.7,0.5,0.6) - 4",0.8473368338823556
ITRPO,RewardMaxMedian,ITRPO-RewardMaxMedian,"ITRPO-RewardMaxMedian (0.5,0.7,0.5,0.6) - 5",0.8204728918915892
ITRPO,RewardMaxMedian,ITRPO-RewardMaxMedian,"ITRPO-RewardMaxMedian (0.5,0.7,0.5,0.6) - 6",0.8473368338823556
ITRPO,RewardMaxMedian,ITRPO-RewardMaxMedian,"ITRPO-RewardMaxMedian (0.5,0.7,0.5,0.6) - 7",0.8473368338823556
ITRPO,RewardMaxMedian,ITRPO-RewardMaxMedian,"ITRPO-RewardMaxMedian (0.5,0.7,0.5,0.6) - 8",0.8204728918915892
ITRPO,RewardMaxMedian,ITRPO-RewardMaxMedian,"ITRPO-RewardMaxMedian (0.5,0.7,0.5,0.6) - 9",0.8473368338823556
MAA2C,DefaultReward,MAA2C-DefaultReward,"MAA2C-DefaultReward (0.5,0.7,0.5,0.6) - 1",0.8279114571489004
MAA2C,DefaultReward,MAA2C-DefaultReward,"MAA2C-DefaultReward (0.5,0.7,0.5,0.6) - 10",0.8304101023620335
MAA2C,DefaultReward,MAA2C-DefaultReward,"MAA2C-DefaultReward (0.5,0.7,0.5,0.6) - 11",0.8305416430197052
MAA2C,DefaultReward,MAA2C-DefaultReward,"MAA2C-DefaultReward (0.5,0.7,0.5,0.6) - 12",0.8261689638777814
MAA2C,DefaultReward,MAA2C-DefaultReward,"MAA2C-DefaultReward (0.5,0.7,0.5,0.6) - 13",0.8239992655577162
MAA2C,DefaultReward,MAA2C-DefaultReward,"MAA2C-DefaultReward (0.5,0.7,0.5,0.6) - 14",0.8304195722312505
MAA2C,DefaultReward,MAA2C-DefaultReward,"MAA2C-DefaultReward (0.5,0.7,0.5,0.6) - 15",0.8270923947474365
MAA2C,DefaultReward,MAA2C-DefaultReward,"MAA2C-DefaultReward (0.5,0.7,0.5,0.6) - 16",0.8303919811099995
MAA2C,DefaultReward,MAA2C-DefaultReward,"MAA2C-DefaultReward (0.5,0.7,0.5,0.6) - 17",0.8240267742098945
MAA2C,DefaultReward,MAA2C-DefaultReward,"MAA2C-DefaultReward (0.5,0.7,0.5,0.6) - 18",0.8305416430197052
MAA2C,DefaultReward,MAA2C-DefaultReward,"MAA2C-DefaultReward (0.5,0.7,0.5,0.6) - 19",0.8304195722312505
MAA2C,DefaultReward,MAA2C-DefaultReward,"MAA2C-DefaultReward (0.5,0.7,0.5,0.6) - 2",0.8305416430197052
MAA2C,DefaultReward,MAA2C-DefaultReward,"MAA2C-DefaultReward (0.5,0.7,0.5,0.6) - 20",0.8245673023258372
MAA2C,DefaultReward,MAA2C-DefaultReward,"MAA2C-DefaultReward (0.5,0.7,0.5,0.6) - 21",0.8305416430197052
MAA2C,DefaultReward,MAA2C-DefaultReward,"MAA2C-DefaultReward (0.5,0.7,0.5,0.6) - 22",0.8266598769769977
MAA2C,DefaultReward,MAA2C-DefaultReward,"MAA2C-DefaultReward (0.5,0.7,0.5,0.6) - 23",0.8274972749810517
MAA2C,DefaultReward,MAA2C-DefaultReward,"MAA2C-DefaultReward (0.5,0.7,0.5,0.6) - 24",0.8304195722312505
MAA2C,DefaultReward,MAA2C-DefaultReward,"MAA2C-DefaultReward (0.5,0.7,0.5,0.6) - 25",0.8283653327873356
MAA2C,DefaultReward,MAA2C-DefaultReward,"MAA2C-DefaultReward (0.5,0.7,0.5,0.6) - 3",0.823875366953554
MAA2C,DefaultReward,MAA2C-DefaultReward,"MAA2C-DefaultReward (0.5,0.7,0.5,0.6) - 4",0.8276484465789627
MAA2C,DefaultReward,MAA2C-DefaultReward,"MAA2C-DefaultReward (0.5,0.7,0.5,0.6) - 5",0.8286928009801388
MAA2C,DefaultReward,MAA2C-DefaultReward,"MAA2C-DefaultReward (0.5,0.7,0.5,0.6) - 6",0.8305438998451461
MAA2C,DefaultReward,MAA2C-DefaultReward,"MAA2C-DefaultReward (0.5,0.7,0.5,0.6) - 7",0.8268481947072265
MAA2C,DefaultReward,MAA2C-DefaultReward,"MAA2C-DefaultReward (0.5,0.7,0.5,0.6) - 8",0.8299334644414309
MAA2C,DefaultReward,MAA2C-DefaultReward,"MAA2C-DefaultReward (0.5,0.7,0.5,0.6) - 9",0.8276293629322968
MAA2C,RewardHard,MAA2C-RewardHard,"MAA2C-RewardHardMax (0.5,0.7,0.5,0.6) - 1",0.9142812511964896
MAA2C,RewardHard,MAA2C-RewardHard,"MAA2C-RewardHardMax (0.5,0.7,0.5,0.6) - 10",0.9149386556606752
MAA2C,RewardHard,MAA2C-RewardHard,"MAA2C-RewardHardMax (0.5,0.7,0.5,0.6) - 11",0.9180240675393023
MAA2C,RewardHard,MAA2C-RewardHard,"MAA2C-RewardHardMax (0.5,0.7,0.5,0.6) - 12",0.9126746547263401
MAA2C,RewardHard,MAA2C-RewardHard,"MAA2C-RewardHardMax (0.5,0.7,0.5,0.6) - 13",0.9137043908962595
MAA2C,RewardHard,MAA2C-RewardHard,"MAA2C-RewardHardMax (0.5,0.7,0.5,0.6) - 14",0.9167047075044116
MAA2C,RewardHard,MAA2C-RewardHard,"MAA2C-RewardHardMax (0.5,0.7,0.5,0.6) - 15",0.9168590412383011
MAA2C,RewardHard,MAA2C-RewardHard,"MAA2C-RewardHardMax (0.5,0.7,0.5,0.6) - 16",0.9172704085274944
MAA2C,RewardHard,MAA2C-RewardHard,"MAA2C-RewardHardMax (0.5,0.7,0.5,0.6) - 17",0.9144657055904286
MAA2C,RewardHard,MAA2C-RewardHard,"MAA2C-RewardHardMax (0.5,0.7,0.5,0.6) - 18",0.9114629741498698
MAA2C,RewardHard,MAA2C-RewardHard,"MAA2C-RewardHardMax (0.5,0.7,0.5,0.6) - 19",0.9160576950303979
MAA2C,RewardHard,MAA2C-RewardHard,"MAA2C-RewardHardMax (0.5,0.7,0.5,0.6) - 2",0.9167275601697407
MAA2C,RewardHard,MAA2C-RewardHard,"MAA2C-RewardHardMax (0.5,0.7,0.5,0.6) - 20",0.9167530806251564
MAA2C,RewardHard,MAA2C-RewardHard,"MAA2C-RewardHardMax (0.5,0.7,0.5,0.6) - 21",0.9167030786113087
MAA2C,RewardHard,MAA2C-RewardHard,"MAA2C-RewardHardMax (0.5,0.7,0.5,0.6) - 22",0.9151590753619692
MAA2C,RewardHard,MAA2C-RewardHard,"MAA2C-RewardHardMax (0.5,0.7,0.5,0.6) - 23",0.9167573262810158
MAA2C,RewardHard,MAA2C-RewardHard,"MAA2C-RewardHardMax (0.5,0.7,0.5,0.6) - 24",0.9180553623138002
MAA2C,RewardHard,MAA2C-RewardHard,"MAA2C-RewardHardMax (0.5,0.7,0.5,0.6) - 25",0.9176143111895462
MAA2C,RewardHard,MAA2C-RewardHard,"MAA2C-RewardHardMax (0.5,0.7,0.5,0.6) - 3",0.919340916204571
MAA2C,RewardHard,MAA2C-RewardHard,"MAA2C-RewardHardMax (0.5,0.7,0.5,0.6) - 4",0.9189965824530683
MAA2C,RewardHard,MAA2C-RewardHard,"MAA2C-RewardHardMax (0.5,0.7,0.5,0.6) - 5",0.9188033748632243
MAA2C,RewardHard,MAA2C-RewardHard,"MAA2C-RewardHardMax (0.5,0.7,0.5,0.6) - 6",0.9190091317010449
MAA2C,RewardHard,MAA2C-RewardHard,"MAA2C-RewardHardMax (0.5,0.7,0.5,0.6) - 7",0.915959406411716
MAA2C,RewardHard,MAA2C-RewardHard,"MAA2C-RewardHardMax (0.5,0.7,0.5,0.6) - 8",0.9162388651655927
MAA2C,RewardHard,MAA2C-RewardHard,"MAA2C-RewardHardMax (0.5,0.7,0.5,0.6) - 9",0.9159412514349353
MAA2C,RewardLowerQuantile,MAA2C-RewardLowerQuantile,"MAA2C-RewardLowerQuantile (0.5,0.7,0.5,0.6) - 1",0.6783061588720473
MAA2C,RewardLowerQuantile,MAA2C-RewardLowerQuantile,"MAA2C-RewardLowerQuantile (0.5,0.7,0.5,0.6) - 10",0.6593393868588189
MAA2C,RewardLowerQuantile,MAA2C-RewardLowerQuantile,"MAA2C-RewardLowerQuantile (0.5,0.7,0.5,0.6) - 11",0.673462619288097
MAA2C,RewardLowerQuantile,MAA2C-RewardLowerQuantile,"MAA2C-RewardLowerQuantile (0.5,0.7,0.5,0.6) - 12",0.6549191787874099
MAA2C,RewardLowerQuantile,MAA2C-RewardLowerQuantile,"MAA2C-RewardLowerQuantile (0.5,0.7,0.5,0.6) - 13",0.6189450915581861
MAA2C,RewardLowerQuantile,MAA2C-RewardLowerQuantile,"MAA2C-RewardLowerQuantile (0.5,0.7,0.5,0.6) - 14",0.6672788298426342
MAA2C,RewardLowerQuantile,MAA2C-RewardLowerQuantile,"MAA2C-RewardLowerQuantile (0.5,0.7,0.5,0.6) - 15",0.6337997868437547
MAA2C,RewardLowerQuantile,MAA2C-RewardLowerQuantile,"MAA2C-RewardLowerQuantile (0.5,0.7,0.5,0.6) - 16",0.6520405755300172
MAA2C,RewardLowerQuantile,MAA2C-RewardLowerQuantile,"MAA2C-RewardLowerQuantile (0.5,0.7,0.5,0.6) - 17",0.6802235290190003
MAA2C,RewardLowerQuantile,MAA2C-RewardLowerQuantile,"MAA2C-RewardLowerQuantile (0.5,0.7,0.5,0.6) - 18",0.6740776983505812
MAA2C,RewardLowerQuantile,MAA2C-RewardLowerQuantile,"MAA2C-RewardLowerQuantile (0.5,0.7,0.5,0.6) - 19",0.6726875367077046
MAA2C,RewardLowerQuantile,MAA2C-RewardLowerQuantile,"MAA2C-RewardLowerQuantile (0.5,0.7,0.5,0.6) - 2",0.6657812585583426
MAA2C,RewardLowerQuantile,MAA2C-RewardLowerQuantile,"MAA2C-RewardLowerQuantile (0.5,0.7,0.5,0.6) - 20",0.6462572379291516
MAA2C,RewardLowerQuantile,MAA2C-RewardLowerQuantile,"MAA2C-RewardLowerQuantile (0.5,0.7,0.5,0.6) - 21",0.6239612814884511
MAA2C,RewardLowerQuantile,MAA2C-RewardLowerQuantile,"MAA2C-RewardLowerQuantile (0.5,0.7,0.5,0.6) - 22",0.6434134042330805
MAA2C,RewardLowerQuantile,MAA2C-RewardLowerQuantile,"MAA2C-RewardLowerQuantile (0.5,0.7,0.5,0.6) - 23",0.6737588305651045
MAA2C,RewardLowerQuantile,MAA2C-RewardLowerQuantile,"MAA2C-RewardLowerQuantile (0.5,0.7,0.5,0.6) - 24",0.67511470888591
MAA2C,RewardLowerQuantile,MAA2C-RewardLowerQuantile,"MAA2C-RewardLowerQuantile (0.5,0.7,0.5,0.6) - 25",0.633508464222232
MAA2C,RewardLowerQuantile,MAA2C-RewardLowerQuantile,"MAA2C-RewardLowerQuantile (0.5,0.7,0.5,0.6) - 3",0.6518171742950136
MAA2C,RewardLowerQuantile,MAA2C-RewardLowerQuantile,"MAA2C-RewardLowerQuantile (0.5,0.7,0.5,0.6) - 4",0.6357102162888143
MAA2C,RewardLowerQuantile,MAA2C-RewardLowerQuantile,"MAA2C-RewardLowerQuantile (0.5,0.7,0.5,0.6) - 5",0.6259024050650209
MAA2C,RewardLowerQuantile,MAA2C-RewardLowerQuantile,"MAA2C-RewardLowerQuantile (0.5,0.7,0.5,0.6) - 6",0.6314500710522348
MAA2C,RewardLowerQuantile,MAA2C-RewardLowerQuantile,"MAA2C-RewardLowerQuantile (0.5,0.7,0.5,0.6) - 7",0.6549993111687673
MAA2C,RewardLowerQuantile,MAA2C-RewardLowerQuantile,"MAA2C-RewardLowerQuantile (0.5,0.7,0.5,0.6) - 8",0.6742983015527722
MAA2C,RewardLowerQuantile,MAA2C-RewardLowerQuantile,"MAA2C-RewardLowerQuantile (0.5,0.7,0.5,0.6) - 9",0.6950135355190006
MAA2C,RewardMaxMedian,MAA2C-RewardMaxMedian,"MAA2C-RewardMaxMedian (0.5,0.7,0.5,0.6) - 1",0.8232598594441564
MAA2C,RewardMaxMedian,MAA2C-RewardMaxMedian,"MAA2C-RewardMaxMedian (0.5,0.7,0.5,0.6) - 10",0.8379376980164386
MAA2C,RewardMaxMedian,MAA2C-RewardMaxMedian,"MAA2C-RewardMaxMedian (0.5,0.7,0.5,0.6) - 11",0.8264218274809797
MAA2C,RewardMaxMedian,MAA2C-RewardMaxMedian,"MAA2C-RewardMaxMedian (0.5,0.7,0.5,0.6) - 12",0.8290665648339313
MAA2C,RewardMaxMedian,MAA2C-RewardMaxMedian,"MAA2C-RewardMaxMedian (0.5,0.7,0.5,0.6) - 13",0.8317376560585225
MAA2C,RewardMaxMedian,MAA2C-RewardMaxMedian,"MAA2C-RewardMaxMedian (0.5,0.7,0.5,0.6) - 14",0.8236242826218467
MAA2C,RewardMaxMedian,MAA2C-RewardMaxMedian,"MAA2C-RewardMaxMedian (0.5,0.7,0.5,0.6) - 15",0.8250556110704904
MAA2C,RewardMaxMedian,MAA2C-RewardMaxMedian,"MAA2C-RewardMaxMedian (0.5,0.7,0.5,0.6) - 16",0.8265665552853414
MAA2C,RewardMaxMedian,MAA2C-RewardMaxMedian,"MAA2C-RewardMaxMedian (0.5,0.7,0.5,0.6) - 17",0.8332987200315559
MAA2C,RewardMaxMedian,MAA2C-RewardMaxMedian,"MAA2C-RewardMaxMedian (0.5,0.7,0.5,0.6) - 18",0.8258842574332895
MAA2C,RewardMaxMedian,MAA2C-RewardMaxMedian,"MAA2C-RewardMaxMedian (0.5,0.7,0.5,0.6) - 19",0.8377561752162535
MAA2C,RewardMaxMedian,MAA2C-RewardMaxMedian,"MAA2C-RewardMaxMedian (0.5,0.7,0.5,0.6) - 2",0.8376564515564718
MAA2C,RewardMaxMedian,MAA2C-RewardMaxMedian,"MAA2C-RewardMaxMedian (0.5,0.7,0.5,0.6) - 20",0.8267721070549218
MAA2C,RewardMaxMedian,MAA2C-RewardMaxMedian,"MAA2C-RewardMaxMedian (0.5,0.7,0.5,0.6) - 21",0.8161581081385355
MAA2C,RewardMaxMedian,MAA2C-RewardMaxMedian,"MAA2C-RewardMaxMedian (0.5,0.7,0.5,0.6) - 22",0.8213226026025934
MAA2C,RewardMaxMedian,MAA2C-RewardMaxMedian,"MAA2C-RewardMaxMedian (0.5,0.7,0.5,0.6) - 23",0.834130154337271
MAA2C,RewardMaxMedian,MAA2C-RewardMaxMedian,"MAA2C-RewardMaxMedian (0.5,0.7,0.5,0.6) - 24",0.8310282267387658
MAA2C,RewardMaxMedian,MAA2C-RewardMaxMedian,"MAA2C-RewardMaxMedian (0.5,0.7,0.5,0.6) - 25",0.8259742970520133
MAA2C,RewardMaxMedian,MAA2C-RewardMaxMedian,"MAA2C-RewardMaxMedian (0.5,0.7,0.5,0.6) - 3",0.8233878193326933
MAA2C,RewardMaxMedian,MAA2C-RewardMaxMedian,"MAA2C-RewardMaxMedian (0.5,0.7,0.5,0.6) - 4",0.8118842739470663
MAA2C,RewardMaxMedian,MAA2C-RewardMaxMedian,"MAA2C-RewardMaxMedian (0.5,0.7,0.5,0.6) - 5",0.8356106078088198
MAA2C,RewardMaxMedian,MAA2C-RewardMaxMedian,"MAA2C-RewardMaxMedian (0.5,0.7,0.5,0.6) - 6",0.8222422748039117
MAA2C,RewardMaxMedian,MAA2C-RewardMaxMedian,"MAA2C-RewardMaxMedian (0.5,0.7,0.5,0.6) - 7",0.8241058071737155
MAA2C,RewardMaxMedian,MAA2C-RewardMaxMedian,"MAA2C-RewardMaxMedian (0.5,0.7,0.5,0.6) - 8",0.8363530777395598
MAA2C,RewardMaxMedian,MAA2C-RewardMaxMedian,"MAA2C-RewardMaxMedian (0.5,0.7,0.5,0.6) - 9",0.8242174890950319
MAPPO,DefaultReward,MAPPO-DefaultReward,"MAPPO-DefaultReward (0.5,0.7,0.5,0.6) - 1",0.9110739478028295
MAPPO,DefaultReward,MAPPO-DefaultReward,"MAPPO-DefaultReward (0.5,0.7,0.5,0.6) - 10",0.9110739478028295
MAPPO,DefaultReward,MAPPO-DefaultReward,"MAPPO-DefaultReward (0.5,0.7,0.5,0.6) - 11",0.9110739478028295
MAPPO,DefaultReward,MAPPO-DefaultReward,"MAPPO-DefaultReward (0.5,0.7,0.5,0.6) - 12",0.9110739478028295
MAPPO,DefaultReward,MAPPO-DefaultReward,"MAPPO-DefaultReward (0.5,0.7,0.5,0.6) - 13",0.9110739478028295
MAPPO,DefaultReward,MAPPO-DefaultReward,"MAPPO-DefaultReward (0.5,0.7,0.5,0.6) - 14",0.9110739478028295
MAPPO,DefaultReward,MAPPO-DefaultReward,"MAPPO-DefaultReward (0.5,0.7,0.5,0.6) - 15",0.9110739478028295
MAPPO,DefaultReward,MAPPO-DefaultReward,"MAPPO-DefaultReward (0.5,0.7,0.5,0.6) - 16",0.9110739478028295
MAPPO,DefaultReward,MAPPO-DefaultReward,"MAPPO-DefaultReward (0.5,0.7,0.5,0.6) - 17",0.9110739478028295
MAPPO,DefaultReward,MAPPO-DefaultReward,"MAPPO-DefaultReward (0.5,0.7,0.5,0.6) - 18",0.9110739478028295
MAPPO,DefaultReward,MAPPO-DefaultReward,"MAPPO-DefaultReward (0.5,0.7,0.5,0.6) - 19",0.9110739478028295
MAPPO,DefaultReward,MAPPO-DefaultReward,"MAPPO-DefaultReward (0.5,0.7,0.5,0.6) - 2",0.9110739478028295
MAPPO,DefaultReward,MAPPO-DefaultReward,"MAPPO-DefaultReward (0.5,0.7,0.5,0.6) - 20",0.9110739478028295
MAPPO,DefaultReward,MAPPO-DefaultReward,"MAPPO-DefaultReward (0.5,0.7,0.5,0.6) - 21",0.9110739478028295
MAPPO,DefaultReward,MAPPO-DefaultReward,"MAPPO-DefaultReward (0.5,0.7,0.5,0.6) - 22",0.9110739478028295
MAPPO,DefaultReward,MAPPO-DefaultReward,"MAPPO-DefaultReward (0.5,0.7,0.5,0.6) - 23",0.9110739478028295
MAPPO,DefaultReward,MAPPO-DefaultReward,"MAPPO-DefaultReward (0.5,0.7,0.5,0.6) - 24",0.9110739478028295
MAPPO,DefaultReward,MAPPO-DefaultReward,"MAPPO-DefaultReward (0.5,0.7,0.5,0.6) - 25",0.9110739478028295
MAPPO,DefaultReward,MAPPO-DefaultReward,"MAPPO-DefaultReward (0.5,0.7,0.5,0.6) - 3",0.9110739478028295
MAPPO,DefaultReward,MAPPO-DefaultReward,"MAPPO-DefaultReward (0.5,0.7,0.5,0.6) - 4",0.9110739478028295
MAPPO,DefaultReward,MAPPO-DefaultReward,"MAPPO-DefaultReward (0.5,0.7,0.5,0.6) - 5",0.9110739478028295
MAPPO,DefaultReward,MAPPO-DefaultReward,"MAPPO-DefaultReward (0.5,0.7,0.5,0.6) - 6",0.9110739478028295
MAPPO,DefaultReward,MAPPO-DefaultReward,"MAPPO-DefaultReward (0.5,0.7,0.5,0.6) - 7",0.9110739478028295
MAPPO,DefaultReward,MAPPO-DefaultReward,"MAPPO-DefaultReward (0.5,0.7,0.5,0.6) - 8",0.9110739478028295
MAPPO,DefaultReward,MAPPO-DefaultReward,"MAPPO-DefaultReward (0.5,0.7,0.5,0.6) - 9",0.9110739478028295
MAPPO,RewardHard,MAPPO-RewardHard,"MAPPO-RewardHard (0.5,0.7,0.5,0.6) - 1",0.9432474011146706
MAPPO,RewardHard,MAPPO-RewardHard,"MAPPO-RewardHard (0.5,0.7,0.5,0.6) - 10",0.9432474011146706
MAPPO,RewardHard,MAPPO-RewardHard,"MAPPO-RewardHard (0.5,0.7,0.5,0.6) - 11",0.9432474011146706
MAPPO,RewardHard,MAPPO-RewardHard,"MAPPO-RewardHard (0.5,0.7,0.5,0.6) - 12",0.9432474011146706
MAPPO,RewardHard,MAPPO-RewardHard,"MAPPO-RewardHard (0.5,0.7,0.5,0.6) - 13",0.9432474011146706
MAPPO,RewardHard,MAPPO-RewardHard,"MAPPO-RewardHard (0.5,0.7,0.5,0.6) - 14",0.9432474011146706
MAPPO,RewardHard,MAPPO-RewardHard,"MAPPO-RewardHard (0.5,0.7,0.5,0.6) - 15",0.9432474011146706
MAPPO,RewardHard,MAPPO-RewardHard,"MAPPO-RewardHard (0.5,0.7,0.5,0.6) - 16",0.9432474011146706
MAPPO,RewardHard,MAPPO-RewardHard,"MAPPO-RewardHard (0.5,0.7,0.5,0.6) - 17",0.9432474011146706
MAPPO,RewardHard,MAPPO-RewardHard,"MAPPO-RewardHard (0.5,0.7,0.5,0.6) - 18",0.9432474011146706
MAPPO,RewardHard,MAPPO-RewardHard,"MAPPO-RewardHard (0.5,0.7,0.5,0.6) - 19",0.9432474011146706
MAPPO,RewardHard,MAPPO-RewardHard,"MAPPO-RewardHard (0.5,0.7,0.5,0.6) - 2",0.9432474011146706
MAPPO,RewardHard,MAPPO-RewardHard,"MAPPO-RewardHard (0.5,0.7,0.5,0.6) - 20",0.9432474011146706
MAPPO,RewardHard,MAPPO-RewardHard,"MAPPO-RewardHard (0.5,0.7,0.5,0.6) - 21",0.9432474011146706
MAPPO,RewardHard,MAPPO-RewardHard,"MAPPO-RewardHard (0.5,0.7,0.5,0.6) - 22",0.9432474011146706
MAPPO,RewardHard,MAPPO-RewardHard,"MAPPO-RewardHard (0.5,0.7,0.5,0.6) - 23",0.9432474011146706
MAPPO,RewardHard,MAPPO-RewardHard,"MAPPO-RewardHard (0.5,0.7,0.5,0.6) - 24",0.9432474011146706
MAPPO,RewardHard,MAPPO-RewardHard,"MAPPO-RewardHard (0.5,0.7,0.5,0.6) - 25",0.9432474011146706
MAPPO,RewardHard,MAPPO-RewardHard,"MAPPO-RewardHard (0.5,0.7,0.5,0.6) - 3",0.9432474011146706
MAPPO,RewardHard,MAPPO-RewardHard,"MAPPO-RewardHard (0.5,0.7,0.5,0.6) - 4",0.9432474011146706
MAPPO,RewardHard,MAPPO-RewardHard,"MAPPO-RewardHard (0.5,0.7,0.5,0.6) - 5",0.9432474011146706
MAPPO,RewardHard,MAPPO-RewardHard,"MAPPO-RewardHard (0.5,0.7,0.5,0.6) - 6",0.9432474011146706
MAPPO,RewardHard,MAPPO-RewardHard,"MAPPO-RewardHard (0.5,0.7,0.5,0.6) - 7",0.9432474011146706
MAPPO,RewardHard,MAPPO-RewardHard,"MAPPO-RewardHard (0.5,0.7,0.5,0.6) - 8",0.9432474011146706
MAPPO,RewardHard,MAPPO-RewardHard,"MAPPO-RewardHard (0.5,0.7,0.5,0.6) - 9",0.9432474011146706
MAPPO,RewardLowerQuantile,MAPPO-RewardLowerQuantile,"MAPPO-RewardLowerQuantile (0.5,0.7,0.5,0.6) - 1",0.538814592514365
MAPPO,RewardLowerQuantile,MAPPO-RewardLowerQuantile,"MAPPO-RewardLowerQuantile (0.5,0.7,0.5,0.6) - 10",0.538814592514365
MAPPO,RewardLowerQuantile,MAPPO-RewardLowerQuantile,"MAPPO-RewardLowerQuantile (0.5,0.7,0.5,0.6) - 11",0.538814592514365
MAPPO,RewardLowerQuantile,MAPPO-RewardLowerQuantile,"MAPPO-RewardLowerQuantile (0.5,0.7,0.5,0.6) - 12",0.538814592514365
MAPPO,RewardLowerQuantile,MAPPO-RewardLowerQuantile,"MAPPO-RewardLowerQuantile (0.5,0.7,0.5,0.6) - 13",0.538814592514365
MAPPO,RewardLowerQuantile,MAPPO-RewardLowerQuantile,"MAPPO-RewardLowerQuantile (0.5,0.7,0.5,0.6) - 14",0.538814592514365
MAPPO,RewardLowerQuantile,MAPPO-RewardLowerQuantile,"MAPPO-RewardLowerQuantile (0.5,0.7,0.5,0.6) - 15",0.538814592514365
MAPPO,RewardLowerQuantile,MAPPO-RewardLowerQuantile,"MAPPO-RewardLowerQuantile (0.5,0.7,0.5,0.6) - 16",0.538814592514365
MAPPO,RewardLowerQuantile,MAPPO-RewardLowerQuantile,"MAPPO-RewardLowerQuantile (0.5,0.7,0.5,0.6) - 17",0.538814592514365
MAPPO,RewardLowerQuantile,MAPPO-RewardLowerQuantile,"MAPPO-RewardLowerQuantile (0.5,0.7,0.5,0.6) - 18",0.538814592514365
MAPPO,RewardLowerQuantile,MAPPO-RewardLowerQuantile,"MAPPO-RewardLowerQuantile (0.5,0.7,0.5,0.6) - 19",0.538814592514365
MAPPO,RewardLowerQuantile,MAPPO-RewardLowerQuantile,"MAPPO-RewardLowerQuantile (0.5,0.7,0.5,0.6) - 2",0.538814592514365
MAPPO,RewardLowerQuantile,MAPPO-RewardLowerQuantile,"MAPPO-RewardLowerQuantile (0.5,0.7,0.5,0.6) - 20",0.538814592514365
MAPPO,RewardLowerQuantile,MAPPO-RewardLowerQuantile,"MAPPO-RewardLowerQuantile (0.5,0.7,0.5,0.6) - 21",0.538814592514365
MAPPO,RewardLowerQuantile,MAPPO-RewardLowerQuantile,"MAPPO-RewardLowerQuantile (0.5,0.7,0.5,0.6) - 22",0.538814592514365
MAPPO,RewardLowerQuantile,MAPPO-RewardLowerQuantile,"MAPPO-RewardLowerQuantile (0.5,0.7,0.5,0.6) - 23",0.538814592514365
MAPPO,RewardLowerQuantile,MAPPO-RewardLowerQuantile,"MAPPO-RewardLowerQuantile (0.5,0.7,0.5,0.6) - 24",0.538814592514365
MAPPO,RewardLowerQuantile,MAPPO-RewardLowerQuantile,"MAPPO-RewardLowerQuantile (0.5,0.7,0.5,0.6) - 25",0.538814592514365
MAPPO,RewardLowerQuantile,MAPPO-RewardLowerQuantile,"MAPPO-RewardLowerQuantile (0.5,0.7,0.5,0.6) - 3",0.538814592514365
MAPPO,RewardLowerQuantile,MAPPO-RewardLowerQuantile,"MAPPO-RewardLowerQuantile (0.5,0.7,0.5,0.6) - 4",0.538814592514365
MAPPO,RewardLowerQuantile,MAPPO-RewardLowerQuantile,"MAPPO-RewardLowerQuantile (0.5,0.7,0.5,0.6) - 5",0.538814592514365
MAPPO,RewardLowerQuantile,MAPPO-RewardLowerQuantile,"MAPPO-RewardLowerQuantile (0.5,0.7,0.5,0.6) - 6",0.538814592514365
MAPPO,RewardLowerQuantile,MAPPO-RewardLowerQuantile,"MAPPO-RewardLowerQuantile (0.5,0.7,0.5,0.6) - 7",0.538814592514365
MAPPO,RewardLowerQuantile,MAPPO-RewardLowerQuantile,"MAPPO-RewardLowerQuantile (0.5,0.7,0.5,0.6) - 8",0.538814592514365
MAPPO,RewardLowerQuantile,MAPPO-RewardLowerQuantile,"MAPPO-RewardLowerQuantile (0.5,0.7,0.5,0.6) - 9",0.538814592514365
MAPPO,RewardMaxMedian,MAPPO-RewardMaxMedian,"MAPPO-RewardMaxMedian (0.5,0.7,0.5,0.6) - 1",0.912518816468894
MAPPO,RewardMaxMedian,MAPPO-RewardMaxMedian,"MAPPO-RewardMaxMedian (0.5,0.7,0.5,0.6) - 10",0.912518816468894
MAPPO,RewardMaxMedian,MAPPO-RewardMaxMedian,"MAPPO-RewardMaxMedian (0.5,0.7,0.5,0.6) - 11",0.912518816468894
MAPPO,RewardMaxMedian,MAPPO-RewardMaxMedian,"MAPPO-RewardMaxMedian (0.5,0.7,0.5,0.6) - 12",0.912518816468894
MAPPO,RewardMaxMedian,MAPPO-RewardMaxMedian,"MAPPO-RewardMaxMedian (0.5,0.7,0.5,0.6) - 13",0.912518816468894
MAPPO,RewardMaxMedian,MAPPO-RewardMaxMedian,"MAPPO-RewardMaxMedian (0.5,0.7,0.5,0.6) - 14",0.912518816468894
MAPPO,RewardMaxMedian,MAPPO-RewardMaxMedian,"MAPPO-RewardMaxMedian (0.5,0.7,0.5,0.6) - 15",0.912518816468894
MAPPO,RewardMaxMedian,MAPPO-RewardMaxMedian,"MAPPO-RewardMaxMedian (0.5,0.7,0.5,0.6) - 16",0.912518816468894
MAPPO,RewardMaxMedian,MAPPO-RewardMaxMedian,"MAPPO-RewardMaxMedian (0.5,0.7,0.5,0.6) - 17",0.912518816468894
MAPPO,RewardMaxMedian,MAPPO-RewardMaxMedian,"MAPPO-RewardMaxMedian (0.5,0.7,0.5,0.6) - 18",0.912518816468894
MAPPO,RewardMaxMedian,MAPPO-RewardMaxMedian,"MAPPO-RewardMaxMedian (0.5,0.7,0.5,0.6) - 19",0.912518816468894
MAPPO,RewardMaxMedian,MAPPO-RewardMaxMedian,"MAPPO-RewardMaxMedian (0.5,0.7,0.5,0.6) - 2",0.912518816468894
MAPPO,RewardMaxMedian,MAPPO-RewardMaxMedian,"MAPPO-RewardMaxMedian (0.5,0.7,0.5,0.6) - 20",0.912518816468894
MAPPO,RewardMaxMedian,MAPPO-RewardMaxMedian,"MAPPO-RewardMaxMedian (0.5,0.7,0.5,0.6) - 21",0.912518816468894
MAPPO,RewardMaxMedian,MAPPO-RewardMaxMedian,"MAPPO-RewardMaxMedian (0.5,0.7,0.5,0.6) - 22",0.912518816468894
MAPPO,RewardMaxMedian,MAPPO-RewardMaxMedian,"MAPPO-RewardMaxMedian (0.5,0.7,0.5,0.6) - 23",0.912518816468894
MAPPO,RewardMaxMedian,MAPPO-RewardMaxMedian,"MAPPO-RewardMaxMedian (0.5,0.7,0.5,0.6) - 24",0.912518816468894
MAPPO,RewardMaxMedian,MAPPO-RewardMaxMedian,"MAPPO-RewardMaxMedian (0.5,0.7,0.5,0.6) - 25",0.912518816468894
MAPPO,RewardMaxMedian,MAPPO-RewardMaxMedian,"MAPPO-RewardMaxMedian (0.5,0.7,0.5,0.6) - 3",0.912518816468894
MAPPO,RewardMaxMedian,MAPPO-RewardMaxMedian,"MAPPO-RewardMaxMedian (0.5,0.7,0.5,0.6) - 4",0.912518816468894
MAPPO,RewardMaxMedian,MAPPO-RewardMaxMedian,"MAPPO-RewardMaxMedian (0.5,0.7,0.5,0.6) - 5",0.912518816468894
MAPPO,RewardMaxMedian,MAPPO-RewardMaxMedian,"MAPPO-RewardMaxMedian (0.5,0.7,0.5,0.6) - 6",0.912518816468894
MAPPO,RewardMaxMedian,MAPPO-RewardMaxMedian,"MAPPO-RewardMaxMedian (0.5,0.7,0.5,0.6) - 7",0.912518816468894
MAPPO,RewardMaxMedian,MAPPO-RewardMaxMedian,"MAPPO-RewardMaxMedian (0.5,0.7,0.5,0.6) - 8",0.912518816468894
MAPPO,RewardMaxMedian,MAPPO-RewardMaxMedian,"MAPPO-RewardMaxMedian (0.5,0.7,0.5,0.6) - 9",0.912518816468894
MATRPO,DefaultReward,MATRPO-DefaultReward,"MATRPO-DefaultReward (0.5,0.7,0.5,0.6) - 1",0.8539204493984488
MATRPO,DefaultReward,MATRPO-DefaultReward,"MATRPO-DefaultReward (0.5,0.7,0.5,0.6) - 10",0.8539204493984488
MATRPO,DefaultReward,MATRPO-DefaultReward,"MATRPO-DefaultReward (0.5,0.7,0.5,0.6) - 11",0.8539204493984488
MATRPO,DefaultReward,MATRPO-DefaultReward,"MATRPO-DefaultReward (0.5,0.7,0.5,0.6) - 12",0.8539204493984488
MATRPO,DefaultReward,MATRPO-DefaultReward,"MATRPO-DefaultReward (0.5,0.7,0.5,0.6) - 13",0.8539204493984488
MATRPO,DefaultReward,MATRPO-DefaultReward,"MATRPO-DefaultReward (0.5,0.7,0.5,0.6) - 14",0.8539204493984488
MATRPO,DefaultReward,MATRPO-DefaultReward,"MATRPO-DefaultReward (0.5,0.7,0.5,0.6) - 15",0.8539204493984488
MATRPO,DefaultReward,MATRPO-DefaultReward,"MATRPO-DefaultReward (0.5,0.7,0.5,0.6) - 16",0.8539204493984488
MATRPO,DefaultReward,MATRPO-DefaultReward,"MATRPO-DefaultReward (0.5,0.7,0.5,0.6) - 17",0.8539204493984488
MATRPO,DefaultReward,MATRPO-DefaultReward,"MATRPO-DefaultReward (0.5,0.7,0.5,0.6) - 18",0.8539204493984488
MATRPO,DefaultReward,MATRPO-DefaultReward,"MATRPO-DefaultReward (0.5,0.7,0.5,0.6) - 19",0.8539204493984488
MATRPO,DefaultReward,MATRPO-DefaultReward,"MATRPO-DefaultReward (0.5,0.7,0.5,0.6) - 2",0.8539204493984488
MATRPO,DefaultReward,MATRPO-DefaultReward,"MATRPO-DefaultReward (0.5,0.7,0.5,0.6) - 20",0.8539204493984488
MATRPO,DefaultReward,MATRPO-DefaultReward,"MATRPO-DefaultReward (0.5,0.7,0.5,0.6) - 21",0.8539204493984488
MATRPO,DefaultReward,MATRPO-DefaultReward,"MATRPO-DefaultReward (0.5,0.7,0.5,0.6) - 22",0.8539204493984488
MATRPO,DefaultReward,MATRPO-DefaultReward,"MATRPO-DefaultReward (0.5,0.7,0.5,0.6) - 23",0.8539204493984488
MATRPO,DefaultReward,MATRPO-DefaultReward,"MATRPO-DefaultReward (0.5,0.7,0.5,0.6) - 24",0.8539204493984488
MATRPO,DefaultReward,MATRPO-DefaultReward,"MATRPO-DefaultReward (0.5,0.7,0.5,0.6) - 25",0.8539204493984488
MATRPO,DefaultReward,MATRPO-DefaultReward,"MATRPO-DefaultReward (0.5,0.7,0.5,0.6) - 3",0.8539204493984488
MATRPO,DefaultReward,MATRPO-DefaultReward,"MATRPO-DefaultReward (0.5,0.7,0.5,0.6) - 4",0.8539204493984488
MATRPO,DefaultReward,MATRPO-DefaultReward,"MATRPO-DefaultReward (0.5,0.7,0.5,0.6) - 5",0.8539204493984488
MATRPO,DefaultReward,MATRPO-DefaultReward,"MATRPO-DefaultReward (0.5,0.7,0.5,0.6) - 6",0.8539204493984488
MATRPO,DefaultReward,MATRPO-DefaultReward,"MATRPO-DefaultReward (0.5,0.7,0.5,0.6) - 7",0.8539204493984488
MATRPO,DefaultReward,MATRPO-DefaultReward,"MATRPO-DefaultReward (0.5,0.7,0.5,0.6) - 8",0.8539204493984488
MATRPO,DefaultReward,MATRPO-DefaultReward,"MATRPO-DefaultReward (0.5,0.7,0.5,0.6) - 9",0.8539204493984488
MATRPO,RewardHard,MATRPO-RewardHard,"MATRPO-RewardHard (0.5,0.7,0.5,0.6) - 1",0.9358474488531536
MATRPO,RewardHard,MATRPO-RewardHard,"MATRPO-RewardHard (0.5,0.7,0.5,0.6) - 10",0.9358474488531536
MATRPO,RewardHard,MATRPO-RewardHard,"MATRPO-RewardHard (0.5,0.7,0.5,0.6) - 11",0.9358474488531536
MATRPO,RewardHard,MATRPO-RewardHard,"MATRPO-RewardHard (0.5,0.7,0.5,0.6) - 12",0.9358474488531536
MATRPO,RewardHard,MATRPO-RewardHard,"MATRPO-RewardHard (0.5,0.7,0.5,0.6) - 13",0.9358474488531536
MATRPO,RewardHard,MATRPO-RewardHard,"MATRPO-RewardHard (0.5,0.7,0.5,0.6) - 14",0.9358474488531536
MATRPO,RewardHard,MATRPO-RewardHard,"MATRPO-RewardHard (0.5,0.7,0.5,0.6) - 15",0.9358474488531536
MATRPO,RewardHard,MATRPO-RewardHard,"MATRPO-RewardHard (0.5,0.7,0.5,0.6) - 16",0.9358474488531536
MATRPO,RewardHard,MATRPO-RewardHard,"MATRPO-RewardHard (0.5,0.7,0.5,0.6) - 17",0.9358474488531536
MATRPO,RewardHard,MATRPO-RewardHard,"MATRPO-RewardHard (0.5,0.7,0.5,0.6) - 18",0.9358474488531536
MATRPO,RewardHard,MATRPO-RewardHard,"MATRPO-RewardHard (0.5,0.7,0.5,0.6) - 19",0.9358474488531536
MATRPO,RewardHard,MATRPO-RewardHard,"MATRPO-RewardHard (0.5,0.7,0.5,0.6) - 2",0.9358474488531536
MATRPO,RewardHard,MATRPO-RewardHard,"MATRPO-RewardHard (0.5,0.7,0.5,0.6) - 20",0.9358474488531536
MATRPO,RewardHard,MATRPO-RewardHard,"MATRPO-RewardHard (0.5,0.7,0.5,0.6) - 21",0.9358474488531536
MATRPO,RewardHard,MATRPO-RewardHard,"MATRPO-RewardHard (0.5,0.7,0.5,0.6) - 22",0.9358474488531536
MATRPO,RewardHard,MATRPO-RewardHard,"MATRPO-RewardHard (0.5,0.7,0.5,0.6) - 23",0.9358474488531536
MATRPO,RewardHard,MATRPO-RewardHard,"MATRPO-RewardHard (0.5,0.7,0.5,0.6) - 24",0.9358474488531536
MATRPO,RewardHard,MATRPO-RewardHard,"MATRPO-RewardHard (0.5,0.7,0.5,0.6) - 25",0.9358474488531536
MATRPO,RewardHard,MATRPO-RewardHard,"MATRPO-RewardHard (0.5,0.7,0.5,0.6) - 3",0.9358474488531536
MATRPO,RewardHard,MATRPO-RewardHard,"MATRPO-RewardHard (0.5,0.7,0.5,0.6) - 4",0.9358474488531536
MATRPO,RewardHard,MATRPO-RewardHard,"MATRPO-RewardHard (0.5,0.7,0.5,0.6) - 5",0.9358474488531536
MATRPO,RewardHard,MATRPO-RewardHard,"MATRPO-RewardHard (0.5,0.7,0.5,0.6) - 6",0.9358474488531536
MATRPO,RewardHard,MATRPO-RewardHard,"MATRPO-RewardHard (0.5,0.7,0.5,0.6) - 7",0.9358474488531536
MATRPO,RewardHard,MATRPO-RewardHard,"MATRPO-RewardHard (0.5,0.7,0.5,0.6) - 8",0.9358474488531536
MATRPO,RewardHard,MATRPO-RewardHard,"MATRPO-RewardHard (0.5,0.7,0.5,0.6) - 9",0.9358474488531536
MATRPO,RewardLowerQuantile,MATRPO-RewardLowerQuantile,"MATRPO-RewardLowerQuantile (0.5,0.7,0.5,0.6) - 1",0.6636607095362342
MATRPO,RewardLowerQuantile,MATRPO-RewardLowerQuantile,"MATRPO-RewardLowerQuantile (0.5,0.7,0.5,0.6) - 10",0.6636607095362342
MATRPO,RewardLowerQuantile,MATRPO-RewardLowerQuantile,"MATRPO-RewardLowerQuantile (0.5,0.7,0.5,0.6) - 11",0.6636607095362342
MATRPO,RewardLowerQuantile,MATRPO-RewardLowerQuantile,"MATRPO-RewardLowerQuantile (0.5,0.7,0.5,0.6) - 12",0.6636607095362342
MATRPO,RewardLowerQuantile,MATRPO-RewardLowerQuantile,"MATRPO-RewardLowerQuantile (0.5,0.7,0.5,0.6) - 13",0.6636607095362342
MATRPO,RewardLowerQuantile,MATRPO-RewardLowerQuantile,"MATRPO-RewardLowerQuantile (0.5,0.7,0.5,0.6) - 14",0.6636607095362342
MATRPO,RewardLowerQuantile,MATRPO-RewardLowerQuantile,"MATRPO-RewardLowerQuantile (0.5,0.7,0.5,0.6) - 15",0.6636607095362342
MATRPO,RewardLowerQuantile,MATRPO-RewardLowerQuantile,"MATRPO-RewardLowerQuantile (0.5,0.7,0.5,0.6) - 16",0.6636607095362342
MATRPO,RewardLowerQuantile,MATRPO-RewardLowerQuantile,"MATRPO-RewardLowerQuantile (0.5,0.7,0.5,0.6) - 17",0.6636607095362342
MATRPO,RewardLowerQuantile,MATRPO-RewardLowerQuantile,"MATRPO-RewardLowerQuantile (0.5,0.7,0.5,0.6) - 18",0.6636607095362342
MATRPO,RewardLowerQuantile,MATRPO-RewardLowerQuantile,"MATRPO-RewardLowerQuantile (0.5,0.7,0.5,0.6) - 19",0.6636607095362342
MATRPO,RewardLowerQuantile,MATRPO-RewardLowerQuantile,"MATRPO-RewardLowerQuantile (0.5,0.7,0.5,0.6) - 2",0.6636607095362342
MATRPO,RewardLowerQuantile,MATRPO-RewardLowerQuantile,"MATRPO-RewardLowerQuantile (0.5,0.7,0.5,0.6) - 20",0.6636607095362342
MATRPO,RewardLowerQuantile,MATRPO-RewardLowerQuantile,"MATRPO-RewardLowerQuantile (0.5,0.7,0.5,0.6) - 21",0.6636607095362342
MATRPO,RewardLowerQuantile,MATRPO-RewardLowerQuantile,"MATRPO-RewardLowerQuantile (0.5,0.7,0.5,0.6) - 22",0.6636607095362342
MATRPO,RewardLowerQuantile,MATRPO-RewardLowerQuantile,"MATRPO-RewardLowerQuantile (0.5,0.7,0.5,0.6) - 23",0.6636607095362342
MATRPO,RewardLowerQuantile,MATRPO-RewardLowerQuantile,"MATRPO-RewardLowerQuantile (0.5,0.7,0.5,0.6) - 24",0.6636607095362342
MATRPO,RewardLowerQuantile,MATRPO-RewardLowerQuantile,"MATRPO-RewardLowerQuantile (0.5,0.7,0.5,0.6) - 25",0.6636607095362342
MATRPO,RewardLowerQuantile,MATRPO-RewardLowerQuantile,"MATRPO-RewardLowerQuantile (0.5,0.7,0.5,0.6) - 3",0.6636607095362342
MATRPO,RewardLowerQuantile,MATRPO-RewardLowerQuantile,"MATRPO-RewardLowerQuantile (0.5,0.7,0.5,0.6) - 4",0.6636607095362342
MATRPO,RewardLowerQuantile,MATRPO-RewardLowerQuantile,"MATRPO-RewardLowerQuantile (0.5,0.7,0.5,0.6) - 5",0.6636607095362342
MATRPO,RewardLowerQuantile,MATRPO-RewardLowerQuantile,"MATRPO-RewardLowerQuantile (0.5,0.7,0.5,0.6) - 6",0.6636607095362342
MATRPO,RewardLowerQuantile,MATRPO-RewardLowerQuantile,"MATRPO-RewardLowerQuantile (0.5,0.7,0.5,0.6) - 7",0.6636607095362342
MATRPO,RewardLowerQuantile,MATRPO-RewardLowerQuantile,"MATRPO-RewardLowerQuantile (0.5,0.7,0.5,0.6) - 8",0.6636607095362342
MATRPO,RewardLowerQuantile,MATRPO-RewardLowerQuantile,"MATRPO-RewardLowerQuantile (0.5,0.7,0.5,0.6) - 9",0.6636607095362342
MATRPO,RewardMaxMedian,MATRPO-RewardMaxMedian,"MATRPO-RewardMaxMedian (0.5,0.7,0.5,0.6) - 1",0.8566661641948261
MATRPO,RewardMaxMedian,MATRPO-RewardMaxMedian,"MATRPO-RewardMaxMedian (0.5,0.7,0.5,0.6) - 10",0.8566661641948261
MATRPO,RewardMaxMedian,MATRPO-RewardMaxMedian,"MATRPO-RewardMaxMedian (0.5,0.7,0.5,0.6) - 11",0.8566661641948261
MATRPO,RewardMaxMedian,MATRPO-RewardMaxMedian,"MATRPO-RewardMaxMedian (0.5,0.7,0.5,0.6) - 12",0.8566661641948261
MATRPO,RewardMaxMedian,MATRPO-RewardMaxMedian,"MATRPO-RewardMaxMedian (0.5,0.7,0.5,0.6) - 13",0.8566661641948261
MATRPO,RewardMaxMedian,MATRPO-RewardMaxMedian,"MATRPO-RewardMaxMedian (0.5,0.7,0.5,0.6) - 14",0.8566661641948261
MATRPO,RewardMaxMedian,MATRPO-RewardMaxMedian,"MATRPO-RewardMaxMedian (0.5,0.7,0.5,0.6) - 15",0.8566661641948261
MATRPO,RewardMaxMedian,MATRPO-RewardMaxMedian,"MATRPO-RewardMaxMedian (0.5,0.7,0.5,0.6) - 16",0.8566661641948261
MATRPO,RewardMaxMedian,MATRPO-RewardMaxMedian,"MATRPO-RewardMaxMedian (0.5,0.7,0.5,0.6) - 17",0.8566661641948261
MATRPO,RewardMaxMedian,MATRPO-RewardMaxMedian,"MATRPO-RewardMaxMedian (0.5,0.7,0.5,0.6) - 18",0.8566661641948261
MATRPO,RewardMaxMedian,MATRPO-RewardMaxMedian,"MATRPO-RewardMaxMedian (0.5,0.7,0.5,0.6) - 19",0.8566661641948261
MATRPO,RewardMaxMedian,MATRPO-RewardMaxMedian,"MATRPO-RewardMaxMedian (0.5,0.7,0.5,0.6) - 2",0.8566661641948261
MATRPO,RewardMaxMedian,MATRPO-RewardMaxMedian,"MATRPO-RewardMaxMedian (0.5,0.7,0.5,0.6) - 20",0.8566661641948261
MATRPO,RewardMaxMedian,MATRPO-RewardMaxMedian,"MATRPO-RewardMaxMedian (0.5,0.7,0.5,0.6) - 21",0.8566661641948261
MATRPO,RewardMaxMedian,MATRPO-RewardMaxMedian,"MATRPO-RewardMaxMedian (0.5,0.7,0.5,0.6) - 22",0.8566661641948261
MATRPO,RewardMaxMedian,MATRPO-RewardMaxMedian,"MATRPO-RewardMaxMedian (0.5,0.7,0.5,0.6) - 23",0.8566661641948261
MATRPO,RewardMaxMedian,MATRPO-RewardMaxMedian,"MATRPO-RewardMaxMedian (0.5,0.7,0.5,0.6) - 24",0.8566661641948261
MATRPO,RewardMaxMedian,MATRPO-RewardMaxMedian,"MATRPO-RewardMaxMedian (0.5,0.7,0.5,0.6) - 25",0.8566661641948261
MATRPO,RewardMaxMedian,MATRPO-RewardMaxMedian,"MATRPO-RewardMaxMedian (0.5,0.7,0.5,0.6) - 3",0.8566661641948261
MATRPO,RewardMaxMedian,MATRPO-RewardMaxMedian,"MATRPO-RewardMaxMedian (0.5,0.7,0.5,0.6) - 4",0.8566661641948261
MATRPO,RewardMaxMedian,MATRPO-RewardMaxMedian,"MATRPO-RewardMaxMedian (0.5,0.7,0.5,0.6) - 5",0.8566661641948261
MATRPO,RewardMaxMedian,MATRPO-RewardMaxMedian,"MATRPO-RewardMaxMedian (0.5,0.7,0.5,0.6) - 6",0.8566661641948261
MATRPO,RewardMaxMedian,MATRPO-RewardMaxMedian,"MATRPO-RewardMaxMedian (0.5,0.7,0.5,0.6) - 7",0.8566661641948261
MATRPO,RewardMaxMedian,MATRPO-RewardMaxMedian,"MATRPO-RewardMaxMedian (0.5,0.7,0.5,0.6) - 8",0.8566661641948261
MATRPO,RewardMaxMedian,MATRPO-RewardMaxMedian,"MATRPO-RewardMaxMedian (0.5,0.7,0.5,0.6) - 9",0.8566661641948261
