algo,variant,group,seed,mean_reward
COMA,DefaultReward,COMA-DefaultReward,"COMA-DefaultReward (0.5,0.7,0.5,0.6) - 1",1061.5195023157191
COMA,DefaultReward,COMA-DefaultReward,"COMA-DefaultReward (0.5,0.7,0.5,0.6) - 10",1057.61793137485
COMA,DefaultReward,COMA-DefaultReward,"COMA-DefaultReward (0.5,0.7,0.5,0.6) - 11",1045.6000552831485
COMA,DefaultReward,COMA-DefaultReward,"COMA-DefaultReward (0.5,0.7,0.5,0.6) - 12",1043.468633625237
COMA,DefaultReward,COMA-DefaultReward,"COMA-DefaultReward (0.5,0.7,0.5,0.6) - 13",1049.6267738136685
COMA,DefaultReward,COMA-DefaultReward,"COMA-DefaultReward (0.5,0.7,0.5,0.6) - 14",1046.4345372375028
COMA,DefaultReward,COMA-DefaultReward,"COMA-DefaultReward (0.5,0.7,0.5,0.6) - 15",1049.0967727242698
COMA,DefaultReward,COMA-DefaultReward,"COMA-DefaultReward (0.5,0.7,0.5,0.6) - 16",1048.6526534396241
COMA,DefaultReward,COMA-DefaultReward,"COMA-DefaultReward (0.5,0.7,0.5,0.6) - 17",1046.862165453542
COMA,DefaultReward,COMA-DefaultReward,"COMA-DefaultReward (0.5,0.7,0.5,0.6) - 18",1055.3241247067526
COMA,DefaultReward,COMA-DefaultReward,"COMA-DefaultReward (0.5,0.7,0.5,0.6) - 19",1063.777631930843
COMA,DefaultReward,COMA-DefaultReward,"COMA-DefaultReward (0.5,0.7,0.5,0.6) - 2",1047.2956623191683
COMA,DefaultReward,COMA-DefaultReward,"COMA-DefaultReward (0.5,0.7,0.5,0.6) - 20",1041.43334823338
COMA,DefaultReward,COMA-DefaultReward,"COMA-DefaultReward (0.5,0.7,0.5,0.6) - 21",1045.3642897998013
COMA,DefaultReward,COMA-DefaultReward,"COMA-DefaultReward (0.5,0.7,0.5,0.6) - 22",1045.3055941619962
COMA,DefaultReward,COMA-DefaultReward,"COMA-DefaultReward (0.5,0.7,0.5,0.6) - 23",1045.4589511624772
COMA,DefaultReward,COMA-DefaultReward,"COMA-DefaultReward (0.5,0.7,0.5,0.6) - 24",1051.8672477305083
COMA,DefaultReward,COMA-DefaultReward,"COMA-DefaultReward (0.5,0.7,0.5,0.6) - 25",1045.9791571353935
COMA,DefaultReward,COMA-DefaultReward,"COMA-DefaultReward (0.5,0.7,0.5,0.6) - 3",1061.6820999579597
COMA,DefaultReward,COMA-DefaultReward,"COMA-DefaultReward (0.5,0.7,0.5,0.6) - 4",1052.1727208332877
COMA,DefaultReward,COMA-DefaultReward,"COMA-DefaultReward (0.5,0.7,0.5,0.6) - 5",1045.781608841583
COMA,DefaultReward,COMA-DefaultReward,"COMA-DefaultReward (0.5,0.7,0.5,0.6) - 6",1041.6534174818403
COMA,DefaultReward,COMA-DefaultReward,"COMA-DefaultReward (0.5,0.7,0.5,0.6) - 7",1041.43334823338
COMA,DefaultReward,COMA-DefaultReward,"COMA-DefaultReward (0.5,0.7,0.5,0.6) - 8",1050.0746380341266
COMA,DefaultReward,COMA-DefaultReward,"COMA-DefaultReward (0.5,0.7,0.5,0.6) - 9",1035.5505238394883
COMA,RewardHard,COMA-RewardHard,"COMA-RewardHardMax (0.5,0.7,0.5,0.6) - 1",-215.12157381249497
COMA,RewardHard,COMA-RewardHard,"COMA-RewardHardMax (0.5,0.7,0.5,0.6) - 10",-219.19762147312503
COMA,RewardHard,COMA-RewardHard,"COMA-RewardHardMax (0.5,0.7,0.5,0.6) - 11",-219.90263606596713
COMA,RewardHard,COMA-RewardHard,"COMA-RewardHardMax (0.5,0.7,0.5,0.6) - 12",-218.1701398612223
COMA,RewardHard,COMA-RewardHard,"COMA-RewardHardMax (0.5,0.7,0.5,0.6) - 13",-226.64873464985357
COMA,RewardHard,COMA-RewardHard,"COMA-RewardHardMax (0.5,0.7,0.5,0.6) - 14",-216.84252894595173
COMA,RewardHard,COMA-RewardHard,"COMA-RewardHardMax (0.5,0.7,0.5,0.6) - 15",-217.39957374921715
COMA,RewardHard,COMA-RewardHard,"COMA-RewardHardMax (0.5,0.7,0.5,0.6) - 16",-221.61994139188434
COMA,RewardHard,COMA-RewardHard,"COMA-RewardHardMax (0.5,0.7,0.5,0.6) - 17",-218.98049184952674
COMA,RewardHard,COMA-RewardHard,"COMA-RewardHardMax (0.5,0.7,0.5,0.6) - 18",-219.20402824454794
COMA,RewardHard,COMA-RewardHard,"COMA-RewardHardMax (0.5,0.7,0.5,0.6) - 19",-220.8795865595732
COMA,RewardHard,COMA-RewardHard,"COMA-RewardHardMax (0.5,0.7,0.5,0.6) - 2",-219.76075962534654
COMA,RewardHard,COMA-RewardHard,"COMA-RewardHardMax (0.5,0.7,0.5,0.6) - 20",-221.2059124248922
COMA,RewardHard,COMA-RewardHard,"COMA-RewardHardMax (0.5,0.7,0.5,0.6) - 21",-217.6803067004579
COMA,RewardHard,COMA-RewardHard,"COMA-RewardHardMax (0.5,0.7,0.5,0.6) - 22",-215.86910304706538
COMA,RewardHard,COMA-RewardHard,"COMA-RewardHardMax (0.5,0.7,0.5,0.6) - 23",-220.99363994175417
COMA,RewardHard,COMA-RewardHard,"COMA-RewardHardMax (0.5,0.7,0.5,0.6) - 24",-220.15411033679644
COMA,RewardHard,COMA-RewardHard,"COMA-RewardHardMax (0.5,0.7,0.5,0.6) - 25",-217.99785936689395
COMA,RewardHard,COMA-RewardHard,"COMA-RewardHardMax (0.5,0.7,0.5,0.6) - 3",-219.09225530557924
COMA,RewardHard,COMA-RewardHard,"COMA-RewardHardMax (0.5,0.7,0.5,0.6) - 4",-220.56621002489138
COMA,RewardHard,COMA-RewardHard,"COMA-RewardHardMax (0.5,0.7,0.5,0.6) - 5",-213.25921022786372
COMA,RewardHard,COMA-RewardHard,"COMA-RewardHardMax (0.5,0.7,0.5,0.6) - 6",-221.33901030253088
COMA,RewardHard,COMA-RewardHard,"COMA-RewardHardMax (0.5,0.7,0.5,0.6) - 7",-220.00268261174548
COMA,RewardHard,COMA-RewardHard,"COMA-RewardHardMax (0.5,0.7,0.5,0.6) - 8",-217.99530100539644
COMA,RewardHard,COMA-RewardHard,"COMA-RewardHardMax (0.5,0.7,0.5,0.6) - 9",-220.69216266854488
COMA,RewardLowerQuantile,COMA-RewardLowerQuantile,"COMA-RewardLowerQuantile (0.5,0.7,0.5,0.6) - 1",6.740461653052394
COMA,RewardLowerQuantile,COMA-RewardLowerQuantile,"COMA-RewardLowerQuantile (0.5,0.7,0.5,0.6) - 10",6.737938550800535
COMA,RewardLowerQuantile,COMA-RewardLowerQuantile,"COMA-RewardLowerQuantile (0.5,0.7,0.5,0.6) - 11",6.721253653198224
COMA,RewardLowerQuantile,COMA-RewardLowerQuantile,"COMA-RewardLowerQuantile (0.5,0.7,0.5,0.6) - 12",6.73979587772625
COMA,RewardLowerQuantile,COMA-RewardLowerQuantile,"COMA-RewardLowerQuantile (0.5,0.7,0.5,0.6) - 13",6.736389060836315
COMA,RewardLowerQuantile,COMA-RewardLowerQuantile,"COMA-RewardLowerQuantile (0.5,0.7,0.5,0.6) - 14",6.7310055300383755
COMA,RewardLowerQuantile,COMA-RewardLowerQuantile,"COMA-RewardLowerQuantile (0.5,0.7,0.5,0.6) - 15",6.730230284622463
COMA,RewardLowerQuantile,COMA-RewardLowerQuantile,"COMA-RewardLowerQuantile (0.5,0.7,0.5,0.6) - 16",6.727742891610117
COMA,RewardLowerQuantile,COMA-RewardLowerQuantile,"COMA-RewardLowerQuantile (0.5,0.7,0.5,0.6) - 17",6.734958256385464
COMA,RewardLowerQuantile,COMA-RewardLowerQuantile,"COMA-RewardLowerQuantile (0.5,0.7,0.5,0.6) - 18",6.738455655022536
COMA,RewardLowerQuantile,COMA-RewardLowerQuantile,"COMA-RewardLowerQuantile (0.5,0.7,0.5,0.6) - 19",6.748113038469613
COMA,RewardLowerQuantile,COMA-RewardLowerQuantile,"COMA-RewardLowerQuantile (0.5,0.7,0.5,0.6) - 2",6.735807847116363
COMA,RewardLowerQuantile,COMA-RewardLowerQuantile,"COMA-RewardLowerQuantile (0.5,0.7,0.5,0.6) - 20",6.729270503800086
COMA,RewardLowerQuantile,COMA-RewardLowerQuantile,"COMA-RewardLowerQuantile (0.5,0.7,0.5,0.6) - 21",6.728623330313799
COMA,RewardLowerQuantile,COMA-RewardLowerQuantile,"COMA-RewardLowerQuantile (0.5,0.7,0.5,0.6) - 22",6.745288064546044
COMA,RewardLowerQuantile,COMA-RewardLowerQuantile,"COMA-RewardLowerQuantile (0.5,0.7,0.5,0.6) - 23",6.748574139230423
COMA,RewardLowerQuantile,COMA-RewardLowerQuantile,"COMA-RewardLowerQuantile (0.5,0.7,0.5,0.6) - 24",6.7122880616146015
COMA,RewardLowerQuantile,COMA-RewardLowerQuantile,"COMA-RewardLowerQuantile (0.5,0.7,0.5,0.6) - 25",6.738176847498303
COMA,RewardLowerQuantile,COMA-RewardLowerQuantile,"COMA-RewardLowerQuantile (0.5,0.7,0.5,0.6) - 3",6.738615470228736
COMA,RewardLowerQuantile,COMA-RewardLowerQuantile,"COMA-RewardLowerQuantile (0.5,0.7,0.5,0.6) - 4",6.739479094483321
COMA,RewardLowerQuantile,COMA-RewardLowerQuantile,"COMA-RewardLowerQuantile (0.5,0.7,0.5,0.6) - 5",6.724346620008549
COMA,RewardLowerQuantile,COMA-RewardLowerQuantile,"COMA-RewardLowerQuantile (0.5,0.7,0.5,0.6) - 6",6.741172531977009
COMA,RewardLowerQuantile,COMA-RewardLowerQuantile,"COMA-RewardLowerQuantile (0.5,0.7,0.5,0.6) - 7",6.731910536229641
COMA,RewardLowerQuantile,COMA-RewardLowerQuantile,"COMA-RewardLowerQuantile (0.5,0.7,0.5,0.6) - 8",6.713859497980537
COMA,RewardLowerQuantile,COMA-RewardLowerQuantile,"COMA-RewardLowerQuantile (0.5,0.7,0.5,0.6) - 9",6.718712567077148
COMA,RewardMaxMedian,COMA-RewardMaxMedian,"COMA-RewardMaxMedian (0.5,0.7,0.5,0.6) - 1",1520.8756063284757
COMA,RewardMaxMedian,COMA-RewardMaxMedian,"COMA-RewardMaxMedian (0.5,0.7,0.5,0.6) - 10",1540.7198524202101
COMA,RewardMaxMedian,COMA-RewardMaxMedian,"COMA-RewardMaxMedian (0.5,0.7,0.5,0.6) - 11",1537.1695218852255
COMA,RewardMaxMedian,COMA-RewardMaxMedian,"COMA-RewardMaxMedian (0.5,0.7,0.5,0.6) - 12",1536.8571011846352
COMA,RewardMaxMedian,COMA-RewardMaxMedian,"COMA-RewardMaxMedian (0.5,0.7,0.5,0.6) - 13",1516.5401413856182
COMA,RewardMaxMedian,COMA-RewardMaxMedian,"COMA-RewardMaxMedian (0.5,0.7,0.5,0.6) - 14",1529.2686993836126
COMA,RewardMaxMedian,COMA-RewardMaxMedian,"COMA-RewardMaxMedian (0.5,0.7,0.5,0.6) - 15",1526.1244688965849
COMA,RewardMaxMedian,COMA-RewardMaxMedian,"COMA-RewardMaxMedian (0.5,0.7,0.5,0.6) - 16",1530.8556933627997
COMA,RewardMaxMedian,COMA-RewardMaxMedian,"COMA-RewardMaxMedian (0.5,0.7,0.5,0.6) - 17",1532.3117369465044
COMA,RewardMaxMedian,COMA-RewardMaxMedian,"COMA-RewardMaxMedian (0.5,0.7,0.5,0.6) - 18",1526.6195526198792
COMA,RewardMaxMedian,COMA-RewardMaxMedian,"COMA-RewardMaxMedian (0.5,0.7,0.5,0.6) - 19",1521.43407147923
COMA,RewardMaxMedian,COMA-RewardMaxMedian,"COMA-RewardMaxMedian (0.5,0.7,0.5,0.6) - 2",1536.7841182672619
COMA,RewardMaxMedian,COMA-RewardMaxMedian,"COMA-RewardMaxMedian (0.5,0.7,0.5,0.6) - 20",1529.1517862430849
COMA,RewardMaxMedian,COMA-RewardMaxMedian,"COMA-RewardMaxMedian (0.5,0.7,0.5,0.6) - 21",1536.9125109712206
COMA,RewardMaxMedian,COMA-RewardMaxMedian,"COMA-RewardMaxMedian (0.5,0.7,0.5,0.6) - 22",1527.910660131891
COMA,RewardMaxMedian,COMA-RewardMaxMedian,"COMA-RewardMaxMedian (0.5,0.7,0.5,0.6) - 23",1522.875416749797
COMA,RewardMaxMedian,COMA-RewardMaxMedian,"COMA-RewardMaxMedian (0.5,0.7,0.5,0.6) - 24",1529.439020799753
COMA,RewardMaxMedian,COMA-RewardMaxMedian,"COMA-RewardMaxMedian (0.5,0.7,0.5,0.6) - 25",1532.2982998988193
COMA,RewardMaxMedian,COMA-RewardMaxMedian,"COMA-RewardMaxMedian (0.5,0.7,0.5,0.6) - 3",1521.7508082764157
COMA,RewardMaxMedian,COMA-RewardMaxMedian,"COMA-RewardMaxMedian (0.5,0.7,0.5,0.6) - 4",1532.1106214850383
COMA,RewardMaxMedian,COMA-RewardMaxMedian,"COMA-RewardMaxMedian (0.5,0.7,0.5,0.6) - 5",1534.4283197518437
COMA,RewardMaxMedian,COMA-RewardMaxMedian,"COMA-RewardMaxMedian (0.5,0.7,0.5,0.6) - 6",1530.3434818622688
COMA,RewardMaxMedian,COMA-RewardMaxMedian,"COMA-RewardMaxMedian (0.5,0.7,0.5,0.6) - 7",1529.6743404933966
COMA,RewardMaxMedian,COMA-RewardMaxMedian,"COMA-RewardMaxMedian (0.5,0.7,0.5,0.6) - 8",1535.2053983357625
COMA,RewardMaxMedian,COMA-RewardMaxMedian,"COMA-RewardMaxMedian (0.5,0.7,0.5,0.6) - 9",1527.6908674571118
HAPPO,DefaultReward,HAPPO-DefaultReward,"HAPPO-DefaultReward (0.5,0.7,0.5,0.6) - 1",358.31294316873885
HAPPO,DefaultReward,HAPPO-DefaultReward,"HAPPO-DefaultReward (0.5,0.7,0.5,0.6) - 10",358.24838475006317
HAPPO,DefaultReward,HAPPO-DefaultReward,"HAPPO-DefaultReward (0.5,0.7,0.5,0.6) - 11",358.3766835682621
HAPPO,DefaultReward,HAPPO-DefaultReward,"HAPPO-DefaultReward (0.5,0.7,0.5,0.6) - 12",358.29670286889484
HAPPO,DefaultReward,HAPPO-DefaultReward,"HAPPO-DefaultReward (0.5,0.7,0.5,0.6) - 13",358.23604124848225
HAPPO,DefaultReward,HAPPO-DefaultReward,"HAPPO-DefaultReward (0.5,0.7,0.5,0.6) - 14",358.3766835682621
HAPPO,DefaultReward,HAPPO-DefaultReward,"HAPPO-DefaultReward (0.5,0.7,0.5,0.6) - 15",358.3279739393651
HAPPO,DefaultReward,HAPPO-DefaultReward,"HAPPO-DefaultReward (0.5,0.7,0.5,0.6) - 16",358.3326899805246
HAPPO,DefaultReward,HAPPO-DefaultReward,"HAPPO-DefaultReward (0.5,0.7,0.5,0.6) - 17",358.31294316873885
HAPPO,DefaultReward,HAPPO-DefaultReward,"HAPPO-DefaultReward (0.5,0.7,0.5,0.6) - 18",358.3326899805246
HAPPO,DefaultReward,HAPPO-DefaultReward,"HAPPO-DefaultReward (0.5,0.7,0.5,0.6) - 19",358.23604124848225
HAPPO,DefaultReward,HAPPO-DefaultReward,"HAPPO-DefaultReward (0.5,0.7,0.5,0.6) - 2",358.3279739393651
HAPPO,DefaultReward,HAPPO-DefaultReward,"HAPPO-DefaultReward (0.5,0.7,0.5,0.6) - 20",358.29824253935186
HAPPO,DefaultReward,HAPPO-DefaultReward,"HAPPO-DefaultReward (0.5,0.7,0.5,0.6) - 21",358.31294316873885
HAPPO,DefaultReward,HAPPO-DefaultReward,"HAPPO-DefaultReward (0.5,0.7,0.5,0.6) - 22",358.24838475006317
HAPPO,DefaultReward,HAPPO-DefaultReward,"HAPPO-DefaultReward (0.5,0.7,0.5,0.6) - 23",358.29824253935186
HAPPO,DefaultReward,HAPPO-DefaultReward,"HAPPO-DefaultReward (0.5,0.7,0.5,0.6) - 24",358.23604124848225
HAPPO,DefaultReward,HAPPO-DefaultReward,"HAPPO-DefaultReward (0.5,0.7,0.5,0.6) - 25",358.23604124848225
HAPPO,DefaultReward,HAPPO-DefaultReward,"HAPPO-DefaultReward (0.5,0.7,0.5,0.6) - 3",358.24838475006317
HAPPO,DefaultReward,HAPPO-DefaultReward,"HAPPO-DefaultReward (0.5,0.7,0.5,0.6) - 4",358.3766835682621
HAPPO,DefaultReward,HAPPO-DefaultReward,"HAPPO-DefaultReward (0.5,0.7,0.5,0.6) - 5",358.29824253935186
HAPPO,DefaultReward,HAPPO-DefaultReward,"HAPPO-DefaultReward (0.5,0.7,0.5,0.6) - 6",358.24838475006317
HAPPO,DefaultReward,HAPPO-DefaultReward,"HAPPO-DefaultReward (0.5,0.7,0.5,0.6) - 7",358.29824253935186
HAPPO,DefaultReward,HAPPO-DefaultReward,"HAPPO-DefaultReward (0.5,0.7,0.5,0.6) - 8",358.3766835682621
HAPPO,DefaultReward,HAPPO-DefaultReward,"HAPPO-DefaultReward (0.5,0.7,0.5,0.6) - 9",358.25447794434945
HAPPO,RewardHard,HAPPO-RewardHard,"HAPPO-RewardHardMax (0.5,0.7,0.5,0.6) - 1",-529.6927656743411
HAPPO,RewardHard,HAPPO-RewardHard,"HAPPO-RewardHardMax (0.5,0.7,0.5,0.6) - 10",-529.6211258680958
HAPPO,RewardHard,HAPPO-RewardHard,"HAPPO-RewardHardMax (0.5,0.7,0.5,0.6) - 11",-529.6379546373458
HAPPO,RewardHard,HAPPO-RewardHard,"HAPPO-RewardHardMax (0.5,0.7,0.5,0.6) - 12",-529.5314984106733
HAPPO,RewardHard,HAPPO-RewardHard,"HAPPO-RewardHardMax (0.5,0.7,0.5,0.6) - 13",-529.6728118033938
HAPPO,RewardHard,HAPPO-RewardHard,"HAPPO-RewardHardMax (0.5,0.7,0.5,0.6) - 14",-529.5799511178155
HAPPO,RewardHard,HAPPO-RewardHard,"HAPPO-RewardHardMax (0.5,0.7,0.5,0.6) - 15",-529.582432010208
HAPPO,RewardHard,HAPPO-RewardHard,"HAPPO-RewardHardMax (0.5,0.7,0.5,0.6) - 16",-529.6178350419385
HAPPO,RewardHard,HAPPO-RewardHard,"HAPPO-RewardHardMax (0.5,0.7,0.5,0.6) - 17",-529.582432010208
HAPPO,RewardHard,HAPPO-RewardHard,"HAPPO-RewardHardMax (0.5,0.7,0.5,0.6) - 18",-529.5314984106733
HAPPO,RewardHard,HAPPO-RewardHard,"HAPPO-RewardHardMax (0.5,0.7,0.5,0.6) - 19",-529.6178350419385
HAPPO,RewardHard,HAPPO-RewardHard,"HAPPO-RewardHardMax (0.5,0.7,0.5,0.6) - 2",-529.6211258680958
HAPPO,RewardHard,HAPPO-RewardHard,"HAPPO-RewardHardMax (0.5,0.7,0.5,0.6) - 20",-529.5314984106733
HAPPO,RewardHard,HAPPO-RewardHard,"HAPPO-RewardHardMax (0.5,0.7,0.5,0.6) - 21",-529.5706184291882
HAPPO,RewardHard,HAPPO-RewardHard,"HAPPO-RewardHardMax (0.5,0.7,0.5,0.6) - 22",-529.6211258680958
HAPPO,RewardHard,HAPPO-RewardHard,"HAPPO-RewardHardMax (0.5,0.7,0.5,0.6) - 23",-529.5799511178155
HAPPO,RewardHard,HAPPO-RewardHard,"HAPPO-RewardHardMax (0.5,0.7,0.5,0.6) - 24",-529.5314984106733
HAPPO,RewardHard,HAPPO-RewardHard,"HAPPO-RewardHardMax (0.5,0.7,0.5,0.6) - 25",-529.6178350419385
HAPPO,RewardHard,HAPPO-RewardHard,"HAPPO-RewardHardMax (0.5,0.7,0.5,0.6) - 3",-529.6178350419385
HAPPO,RewardHard,HAPPO-RewardHard,"HAPPO-RewardHardMax (0.5,0.7,0.5,0.6) - 4",-529.6625614385802
HAPPO,RewardHard,HAPPO-RewardHard,"HAPPO-RewardHardMax (0.5,0.7,0.5,0.6) - 5",-529.6571193348892
HAPPO,RewardHard,HAPPO-RewardHard,"HAPPO-RewardHardMax (0.5,0.7,0.5,0.6) - 6",-529.6927656743411
HAPPO,RewardHard,HAPPO-RewardHard,"HAPPO-RewardHardMax (0.5,0.7,0.5,0.6) - 7",-529.6625614385802
HAPPO,RewardHard,HAPPO-RewardHard,"HAPPO-RewardHardMax (0.5,0.7,0.5,0.6) - 8",-529.6571193348892
HAPPO,RewardHard,HAPPO-RewardHard,"HAPPO-RewardHardMax (0.5,0.7,0.5,0.6) - 9",-529.6728118033938
HAPPO,RewardLowerQuantile,HAPPO-RewardLowerQuantile,"HAPPO-RewardLowerQuantile (0.5,0.7,0.5,0.6) - 1",5.973797385049901
HAPPO,RewardLowerQuantile,HAPPO-RewardLowerQuantile,"HAPPO-RewardLowerQuantile (0.5,0.7,0.5,0.6) - 10",5.9244115090036
HAPPO,RewardLowerQuantile,HAPPO-RewardLowerQuantile,"HAPPO-RewardLowerQuantile (0.5,0.7,0.5,0.6) - 11",5.9196395363412
HAPPO,RewardLowerQuantile,HAPPO-RewardLowerQuantile,"HAPPO-RewardLowerQuantile (0.5,0.7,0.5,0.6) - 12",5.862008958553467
HAPPO,RewardLowerQuantile,HAPPO-RewardLowerQuantile,"HAPPO-RewardLowerQuantile (0.5,0.7,0.5,0.6) - 13",5.9196395363412
HAPPO,RewardLowerQuantile,HAPPO-RewardLowerQuantile,"HAPPO-RewardLowerQuantile (0.5,0.7,0.5,0.6) - 14",5.9196395363412
HAPPO,RewardLowerQuantile,HAPPO-RewardLowerQuantile,"HAPPO-RewardLowerQuantile (0.5,0.7,0.5,0.6) - 15",5.936847656853691
HAPPO,RewardLowerQuantile,HAPPO-RewardLowerQuantile,"HAPPO-RewardLowerQuantile (0.5,0.7,0.5,0.6) - 16",5.906256218777228
HAPPO,RewardLowerQuantile,HAPPO-RewardLowerQuantile,"HAPPO-RewardLowerQuantile (0.5,0.7,0.5,0.6) - 17",5.824717362075389
HAPPO,RewardLowerQuantile,HAPPO-RewardLowerQuantile,"HAPPO-RewardLowerQuantile (0.5,0.7,0.5,0.6) - 18",5.824717362075389
HAPPO,RewardLowerQuantile,HAPPO-RewardLowerQuantile,"HAPPO-RewardLowerQuantile (0.5,0.7,0.5,0.6) - 19",5.753983120593999
HAPPO,RewardLowerQuantile,HAPPO-RewardLowerQuantile,"HAPPO-RewardLowerQuantile (0.5,0.7,0.5,0.6) - 2",5.897436100837267
HAPPO,RewardLowerQuantile,HAPPO-RewardLowerQuantile,"HAPPO-RewardLowerQuantile (0.5,0.7,0.5,0.6) - 20",5.936847656853691
HAPPO,RewardLowerQuantile,HAPPO-RewardLowerQuantile,"HAPPO-RewardLowerQuantile (0.5,0.7,0.5,0.6) - 21",5.9196395363412
HAPPO,RewardLowerQuantile,HAPPO-RewardLowerQuantile,"HAPPO-RewardLowerQuantile (0.5,0.7,0.5,0.6) - 22",5.951567373628157
HAPPO,RewardLowerQuantile,HAPPO-RewardLowerQuantile,"HAPPO-RewardLowerQuantile (0.5,0.7,0.5,0.6) - 23",5.906256218777228
HAPPO,RewardLowerQuantile,HAPPO-RewardLowerQuantile,"HAPPO-RewardLowerQuantile (0.5,0.7,0.5,0.6) - 24",5.824717362075389
HAPPO,RewardLowerQuantile,HAPPO-RewardLowerQuantile,"HAPPO-RewardLowerQuantile (0.5,0.7,0.5,0.6) - 25",5.973797385049901
HAPPO,RewardLowerQuantile,HAPPO-RewardLowerQuantile,"HAPPO-RewardLowerQuantile (0.5,0.7,0.5,0.6) - 3",5.973797385049901
HAPPO,RewardLowerQuantile,HAPPO-RewardLowerQuantile,"HAPPO-RewardLowerQuantile (0.5,0.7,0.5,0.6) - 4",5.936847656853691
HAPPO,RewardLowerQuantile,HAPPO-RewardLowerQuantile,"HAPPO-RewardLowerQuantile (0.5,0.7,0.5,0.6) - 5",5.753983120593999
HAPPO,RewardLowerQuantile,HAPPO-RewardLowerQuantile,"HAPPO-RewardLowerQuantile (0.5,0.7,0.5,0.6) - 6",5.824717362075389
HAPPO,RewardLowerQuantile,HAPPO-RewardLowerQuantile,"HAPPO-RewardLowerQuantile (0.5,0.7,0.5,0.6) - 7",5.862008958553467
HAPPO,RewardLowerQuantile,HAPPO-RewardLowerQuantile,"HAPPO-RewardLowerQuantile (0.5,0.7,0.5,0.6) - 8",5.9196395363412
HAPPO,RewardLowerQuantile,HAPPO-RewardLowerQuantile,"HAPPO-RewardLowerQuantile (0.5,0.7,0.5,0.6) - 9",5.936847656853691
HAPPO,RewardMaxMedian,HAPPO-RewardMaxMedian,"HAPPO-RewardMaxMedian (0.5,0.7,0.5,0.6) - 1",501.6956319344134
HAPPO,RewardMaxMedian,HAPPO-RewardMaxMedian,"HAPPO-RewardMaxMedian (0.5,0.7,0.5,0.6) - 10",491.7551806084765
HAPPO,RewardMaxMedian,HAPPO-RewardMaxMedian,"HAPPO-RewardMaxMedian (0.5,0.7,0.5,0.6) - 11",501.6956319344134
HAPPO,RewardMaxMedian,HAPPO-RewardMaxMedian,"HAPPO-RewardMaxMedian (0.5,0.7,0.5,0.6) - 12",501.6956319344134
HAPPO,RewardMaxMedian,HAPPO-RewardMaxMedian,"HAPPO-RewardMaxMedian (0.5,0.7,0.5,0.6) - 13",483.5890339358633
HAPPO,RewardMaxMedian,HAPPO-RewardMaxMedian,"HAPPO-RewardMaxMedian (0.5,0.7,0.5,0.6) - 14",501.7650440079829
HAPPO,RewardMaxMedian,HAPPO-RewardMaxMedian,"HAPPO-RewardMaxMedian (0.5,0.7,0.5,0.6) - 15",501.68914585232346
HAPPO,RewardMaxMedian,HAPPO-RewardMaxMedian,"HAPPO-RewardMaxMedian (0.5,0.7,0.5,0.6) - 16",501.720160559755
HAPPO,RewardMaxMedian,HAPPO-RewardMaxMedian,"HAPPO-RewardMaxMedian (0.5,0.7,0.5,0.6) - 17",491.6518025724118
HAPPO,RewardMaxMedian,HAPPO-RewardMaxMedian,"HAPPO-RewardMaxMedian (0.5,0.7,0.5,0.6) - 18",501.7650440079829
HAPPO,RewardMaxMedian,HAPPO-RewardMaxMedian,"HAPPO-RewardMaxMedian (0.5,0.7,0.5,0.6) - 19",491.78480944356045
HAPPO,RewardMaxMedian,HAPPO-RewardMaxMedian,"HAPPO-RewardMaxMedian (0.5,0.7,0.5,0.6) - 2",491.6805047270099
HAPPO,RewardMaxMedian,HAPPO-RewardMaxMedian,"HAPPO-RewardMaxMedian (0.5,0.7,0.5,0.6) - 20",501.68914585232346
HAPPO,RewardMaxMedian,HAPPO-RewardMaxMedian,"HAPPO-RewardMaxMedian (0.5,0.7,0.5,0.6) - 21",501.7650440079829
HAPPO,RewardMaxMedian,HAPPO-RewardMaxMedian,"HAPPO-RewardMaxMedian (0.5,0.7,0.5,0.6) - 22",501.6956319344134
HAPPO,RewardMaxMedian,HAPPO-RewardMaxMedian,"HAPPO-RewardMaxMedian (0.5,0.7,0.5,0.6) - 23",491.6805047270099
HAPPO,RewardMaxMedian,HAPPO-RewardMaxMedian,"HAPPO-RewardMaxMedian (0.5,0.7,0.5,0.6) - 24",501.7650440079829
HAPPO,RewardMaxMedian,HAPPO-RewardMaxMedian,"HAPPO-RewardMaxMedian (0.5,0.7,0.5,0.6) - 25",501.7650440079829
HAPPO,RewardMaxMedian,HAPPO-RewardMaxMedian,"HAPPO-RewardMaxMedian (0.5,0.7,0.5,0.6) - 3",501.7694263757231
HAPPO,RewardMaxMedian,HAPPO-RewardMaxMedian,"HAPPO-RewardMaxMedian (0.5,0.7,0.5,0.6) - 4",501.70309420425724
HAPPO,RewardMaxMedian,HAPPO-RewardMaxMedian,"HAPPO-RewardMaxMedian (0.5,0.7,0.5,0.6) - 5",491.85898584878737
HAPPO,RewardMaxMedian,HAPPO-RewardMaxMedian,"HAPPO-RewardMaxMedian (0.5,0.7,0.5,0.6) - 6",501.7650440079829
HAPPO,RewardMaxMedian,HAPPO-RewardMaxMedian,"HAPPO-RewardMaxMedian (0.5,0.7,0.5,0.6) - 7",501.80054774295667
HAPPO,RewardMaxMedian,HAPPO-RewardMaxMedian,"HAPPO-RewardMaxMedian (0.5,0.7,0.5,0.6) - 8",491.6805047270099
HAPPO,RewardMaxMedian,HAPPO-RewardMaxMedian,"HAPPO-RewardMaxMedian (0.5,0.7,0.5,0.6) - 9",501.70309420425724
HATRPO,DefaultReward,HATRPO-DefaultReward,"HATRPO-DefaultReward (0.5,0.7,0.5,0.6) - 1",1380.8018886214609
HATRPO,DefaultReward,HATRPO-DefaultReward,"HATRPO-DefaultReward (0.5,0.7,0.5,0.6) - 10",1366.8480549229237
HATRPO,DefaultReward,HATRPO-DefaultReward,"HATRPO-DefaultReward (0.5,0.7,0.5,0.6) - 11",1350.9502099445733
HATRPO,DefaultReward,HATRPO-DefaultReward,"HATRPO-DefaultReward (0.5,0.7,0.5,0.6) - 12",1366.8480549229237
HATRPO,DefaultReward,HATRPO-DefaultReward,"HATRPO-DefaultReward (0.5,0.7,0.5,0.6) - 13",1359.3398051657896
HATRPO,DefaultReward,HATRPO-DefaultReward,"HATRPO-DefaultReward (0.5,0.7,0.5,0.6) - 14",1380.8018886214609
HATRPO,DefaultReward,HATRPO-DefaultReward,"HATRPO-DefaultReward (0.5,0.7,0.5,0.6) - 15",1359.9746461753
HATRPO,DefaultReward,HATRPO-DefaultReward,"HATRPO-DefaultReward (0.5,0.7,0.5,0.6) - 16",1359.3398051657896
HATRPO,DefaultReward,HATRPO-DefaultReward,"HATRPO-DefaultReward (0.5,0.7,0.5,0.6) - 17",1366.8480549229237
HATRPO,DefaultReward,HATRPO-DefaultReward,"HATRPO-DefaultReward (0.5,0.7,0.5,0.6) - 18",1359.3398051657896
HATRPO,DefaultReward,HATRPO-DefaultReward,"HATRPO-DefaultReward (0.5,0.7,0.5,0.6) - 19",1357.823296908942
HATRPO,DefaultReward,HATRPO-DefaultReward,"HATRPO-DefaultReward (0.5,0.7,0.5,0.6) - 2",1359.9746461753
HATRPO,DefaultReward,HATRPO-DefaultReward,"HATRPO-DefaultReward (0.5,0.7,0.5,0.6) - 20",1359.9746461753
HATRPO,DefaultReward,HATRPO-DefaultReward,"HATRPO-DefaultReward (0.5,0.7,0.5,0.6) - 21",1384.6792690473378
HATRPO,DefaultReward,HATRPO-DefaultReward,"HATRPO-DefaultReward (0.5,0.7,0.5,0.6) - 22",1359.9746461753
HATRPO,DefaultReward,HATRPO-DefaultReward,"HATRPO-DefaultReward (0.5,0.7,0.5,0.6) - 23",1373.9834662610986
HATRPO,DefaultReward,HATRPO-DefaultReward,"HATRPO-DefaultReward (0.5,0.7,0.5,0.6) - 24",1359.7977770977143
HATRPO,DefaultReward,HATRPO-DefaultReward,"HATRPO-DefaultReward (0.5,0.7,0.5,0.6) - 25",1373.9834662610986
HATRPO,DefaultReward,HATRPO-DefaultReward,"HATRPO-DefaultReward (0.5,0.7,0.5,0.6) - 3",1380.8018886214609
HATRPO,DefaultReward,HATRPO-DefaultReward,"HATRPO-DefaultReward (0.5,0.7,0.5,0.6) - 4",1359.7977770977143
HATRPO,DefaultReward,HATRPO-DefaultReward,"HATRPO-DefaultReward (0.5,0.7,0.5,0.6) - 5",1357.823296908942
HATRPO,DefaultReward,HATRPO-DefaultReward,"HATRPO-DefaultReward (0.5,0.7,0.5,0.6) - 6",1353.099263769236
HATRPO,DefaultReward,HATRPO-DefaultReward,"HATRPO-DefaultReward (0.5,0.7,0.5,0.6) - 7",1384.6792690473378
HATRPO,DefaultReward,HATRPO-DefaultReward,"HATRPO-DefaultReward (0.5,0.7,0.5,0.6) - 8",1359.7977770977143
HATRPO,DefaultReward,HATRPO-DefaultReward,"HATRPO-DefaultReward (0.5,0.7,0.5,0.6) - 9",1380.8018886214609
HATRPO,RewardHard,HATRPO-RewardHard,"HATRPO-RewardHard (0.5,0.7,0.5,0.6) - 1",-32.162416494476126
HATRPO,RewardHard,HATRPO-RewardHard,"HATRPO-RewardHard (0.5,0.7,0.5,0.6) - 10",-31.800022835756952
HATRPO,RewardHard,HATRPO-RewardHard,"HATRPO-RewardHard (0.5,0.7,0.5,0.6) - 11",-31.577829113769592
HATRPO,RewardHard,HATRPO-RewardHard,"HATRPO-RewardHard (0.5,0.7,0.5,0.6) - 12",-31.535687991650907
HATRPO,RewardHard,HATRPO-RewardHard,"HATRPO-RewardHard (0.5,0.7,0.5,0.6) - 13",-32.7948218627109
HATRPO,RewardHard,HATRPO-RewardHard,"HATRPO-RewardHard (0.5,0.7,0.5,0.6) - 14",-33.368698345031596
HATRPO,RewardHard,HATRPO-RewardHard,"HATRPO-RewardHard (0.5,0.7,0.5,0.6) - 15",-32.7948218627109
HATRPO,RewardHard,HATRPO-RewardHard,"HATRPO-RewardHard (0.5,0.7,0.5,0.6) - 16",-31.96482620120226
HATRPO,RewardHard,HATRPO-RewardHard,"HATRPO-RewardHard (0.5,0.7,0.5,0.6) - 17",-32.184937944237916
HATRPO,RewardHard,HATRPO-RewardHard,"HATRPO-RewardHard (0.5,0.7,0.5,0.6) - 18",-32.25196034451762
HATRPO,RewardHard,HATRPO-RewardHard,"HATRPO-RewardHard (0.5,0.7,0.5,0.6) - 19",-32.989573927514975
HATRPO,RewardHard,HATRPO-RewardHard,"HATRPO-RewardHard (0.5,0.7,0.5,0.6) - 2",-32.51613244945154
HATRPO,RewardHard,HATRPO-RewardHard,"HATRPO-RewardHard (0.5,0.7,0.5,0.6) - 20",-31.800022835756952
HATRPO,RewardHard,HATRPO-RewardHard,"HATRPO-RewardHard (0.5,0.7,0.5,0.6) - 21",-31.834901879450328
HATRPO,RewardHard,HATRPO-RewardHard,"HATRPO-RewardHard (0.5,0.7,0.5,0.6) - 22",-32.25196034451762
HATRPO,RewardHard,HATRPO-RewardHard,"HATRPO-RewardHard (0.5,0.7,0.5,0.6) - 23",-31.800022835756952
HATRPO,RewardHard,HATRPO-RewardHard,"HATRPO-RewardHard (0.5,0.7,0.5,0.6) - 24",-32.25196034451762
HATRPO,RewardHard,HATRPO-RewardHard,"HATRPO-RewardHard (0.5,0.7,0.5,0.6) - 25",-31.577829113769592
HATRPO,RewardHard,HATRPO-RewardHard,"HATRPO-RewardHard (0.5,0.7,0.5,0.6) - 3",-32.51613244945154
HATRPO,RewardHard,HATRPO-RewardHard,"HATRPO-RewardHard (0.5,0.7,0.5,0.6) - 4",-32.51613244945154
HATRPO,RewardHard,HATRPO-RewardHard,"HATRPO-RewardHard (0.5,0.7,0.5,0.6) - 5",-31.834901879450328
HATRPO,RewardHard,HATRPO-RewardHard,"HATRPO-RewardHard (0.5,0.7,0.5,0.6) - 6",-33.368698345031596
HATRPO,RewardHard,HATRPO-RewardHard,"HATRPO-RewardHard (0.5,0.7,0.5,0.6) - 7",-31.577829113769592
HATRPO,RewardHard,HATRPO-RewardHard,"HATRPO-RewardHard (0.5,0.7,0.5,0.6) - 8",-31.535687991650907
HATRPO,RewardHard,HATRPO-RewardHard,"HATRPO-RewardHard (0.5,0.7,0.5,0.6) - 9",-32.51613244945154
HATRPO,RewardLowerQuantile,HATRPO-RewardLowerQuantile,"HATRPO-RewardLowerQuantile (0.5,0.7,0.5,0.6) - 1",5.584779123396695
HATRPO,RewardLowerQuantile,HATRPO-RewardLowerQuantile,"HATRPO-RewardLowerQuantile (0.5,0.7,0.5,0.6) - 10",5.761755527230199
HATRPO,RewardLowerQuantile,HATRPO-RewardLowerQuantile,"HATRPO-RewardLowerQuantile (0.5,0.7,0.5,0.6) - 11",7.001028371871474
HATRPO,RewardLowerQuantile,HATRPO-RewardLowerQuantile,"HATRPO-RewardLowerQuantile (0.5,0.7,0.5,0.6) - 12",4.679561761853032
HATRPO,RewardLowerQuantile,HATRPO-RewardLowerQuantile,"HATRPO-RewardLowerQuantile (0.5,0.7,0.5,0.6) - 13",5.584779123396695
HATRPO,RewardLowerQuantile,HATRPO-RewardLowerQuantile,"HATRPO-RewardLowerQuantile (0.5,0.7,0.5,0.6) - 14",5.761755527230199
HATRPO,RewardLowerQuantile,HATRPO-RewardLowerQuantile,"HATRPO-RewardLowerQuantile (0.5,0.7,0.5,0.6) - 15",5.584779123396695
HATRPO,RewardLowerQuantile,HATRPO-RewardLowerQuantile,"HATRPO-RewardLowerQuantile (0.5,0.7,0.5,0.6) - 16",5.321391546679011
HATRPO,RewardLowerQuantile,HATRPO-RewardLowerQuantile,"HATRPO-RewardLowerQuantile (0.5,0.7,0.5,0.6) - 17",5.878445608423597
HATRPO,RewardLowerQuantile,HATRPO-RewardLowerQuantile,"HATRPO-RewardLowerQuantile (0.5,0.7,0.5,0.6) - 18",6.546481564089741
HATRPO,RewardLowerQuantile,HATRPO-RewardLowerQuantile,"HATRPO-RewardLowerQuantile (0.5,0.7,0.5,0.6) - 19",5.878445608423597
HATRPO,RewardLowerQuantile,HATRPO-RewardLowerQuantile,"HATRPO-RewardLowerQuantile (0.5,0.7,0.5,0.6) - 2",5.321391546679011
HATRPO,RewardLowerQuantile,HATRPO-RewardLowerQuantile,"HATRPO-RewardLowerQuantile (0.5,0.7,0.5,0.6) - 20",5.321391546679011
HATRPO,RewardLowerQuantile,HATRPO-RewardLowerQuantile,"HATRPO-RewardLowerQuantile (0.5,0.7,0.5,0.6) - 21",5.878445608423597
HATRPO,RewardLowerQuantile,HATRPO-RewardLowerQuantile,"HATRPO-RewardLowerQuantile (0.5,0.7,0.5,0.6) - 22",5.755237316904233
HATRPO,RewardLowerQuantile,HATRPO-RewardLowerQuantile,"HATRPO-RewardLowerQuantile (0.5,0.7,0.5,0.6) - 23",5.584779123396695
HATRPO,RewardLowerQuantile,HATRPO-RewardLowerQuantile,"HATRPO-RewardLowerQuantile (0.5,0.7,0.5,0.6) - 24",7.001028371871474
HATRPO,RewardLowerQuantile,HATRPO-RewardLowerQuantile,"HATRPO-RewardLowerQuantile (0.5,0.7,0.5,0.6) - 25",4.679561761853032
HATRPO,RewardLowerQuantile,HATRPO-RewardLowerQuantile,"HATRPO-RewardLowerQuantile (0.5,0.7,0.5,0.6) - 3",5.321391546679011
HATRPO,RewardLowerQuantile,HATRPO-RewardLowerQuantile,"HATRPO-RewardLowerQuantile (0.5,0.7,0.5,0.6) - 4",7.170383802190549
HATRPO,RewardLowerQuantile,HATRPO-RewardLowerQuantile,"HATRPO-RewardLowerQuantile (0.5,0.7,0.5,0.6) - 5",5.196793821184334
HATRPO,RewardLowerQuantile,HATRPO-RewardLowerQuantile,"HATRPO-RewardLowerQuantile (0.5,0.7,0.5,0.6) - 6",5.755237316904233
HATRPO,RewardLowerQuantile,HATRPO-RewardLowerQuantile,"HATRPO-RewardLowerQuantile (0.5,0.7,0.5,0.6) - 7",5.584779123396695
HATRPO,RewardLowerQuantile,HATRPO-RewardLowerQuantile,"HATRPO-RewardLowerQuantile (0.5,0.7,0.5,0.6) - 8",6.546481564089741
HATRPO,RewardLowerQuantile,HATRPO-RewardLowerQuantile,"HATRPO-RewardLowerQuantile (0.5,0.7,0.5,0.6) - 9",5.878445608423597
HATRPO,RewardMaxMedian,HATRPO-RewardMaxMedian,"HATRPO-RewardMaxMedian (0.5,0.7,0.5,0.6) - 1",1963.0344171630786
HATRPO,RewardMaxMedian,HATRPO-RewardMaxMedian,"HATRPO-RewardMaxMedian (0.5,0.7,0.5,0.6) - 10",2008.040943196093
HATRPO,RewardMaxMedian,HATRPO-RewardMaxMedian,"HATRPO-RewardMaxMedian (0.5,0.7,0.5,0.6) - 11",1996.6432607349325
HATRPO,RewardMaxMedian,HATRPO-RewardMaxMedian,"HATRPO-RewardMaxMedian (0.5,0.7,0.5,0.6) - 12",1962.396958256775
HATRPO,RewardMaxMedian,HATRPO-RewardMaxMedian,"HATRPO-RewardMaxMedian (0.5,0.7,0.5,0.6) - 13",1963.0344171630786
HATRPO,RewardMaxMedian,HATRPO-RewardMaxMedian,"HATRPO-RewardMaxMedian (0.5,0.7,0.5,0.6) - 14",1980.047788489975
HATRPO,RewardMaxMedian,HATRPO-RewardMaxMedian,"HATRPO-RewardMaxMedian (0.5,0.7,0.5,0.6) - 15",1992.2164091962015
HATRPO,RewardMaxMedian,HATRPO-RewardMaxMedian,"HATRPO-RewardMaxMedian (0.5,0.7,0.5,0.6) - 16",1998.768326847491
HATRPO,RewardMaxMedian,HATRPO-RewardMaxMedian,"HATRPO-RewardMaxMedian (0.5,0.7,0.5,0.6) - 17",1992.2164091962015
HATRPO,RewardMaxMedian,HATRPO-RewardMaxMedian,"HATRPO-RewardMaxMedian (0.5,0.7,0.5,0.6) - 18",1998.768326847491
HATRPO,RewardMaxMedian,HATRPO-RewardMaxMedian,"HATRPO-RewardMaxMedian (0.5,0.7,0.5,0.6) - 19",1988.0857654982026
HATRPO,RewardMaxMedian,HATRPO-RewardMaxMedian,"HATRPO-RewardMaxMedian (0.5,0.7,0.5,0.6) - 2",2008.6236562496201
HATRPO,RewardMaxMedian,HATRPO-RewardMaxMedian,"HATRPO-RewardMaxMedian (0.5,0.7,0.5,0.6) - 20",2008.6236562496201
HATRPO,RewardMaxMedian,HATRPO-RewardMaxMedian,"HATRPO-RewardMaxMedian (0.5,0.7,0.5,0.6) - 21",2022.3436684626279
HATRPO,RewardMaxMedian,HATRPO-RewardMaxMedian,"HATRPO-RewardMaxMedian (0.5,0.7,0.5,0.6) - 22",1996.6432607349325
HATRPO,RewardMaxMedian,HATRPO-RewardMaxMedian,"HATRPO-RewardMaxMedian (0.5,0.7,0.5,0.6) - 23",1998.768326847491
HATRPO,RewardMaxMedian,HATRPO-RewardMaxMedian,"HATRPO-RewardMaxMedian (0.5,0.7,0.5,0.6) - 24",1996.6432607349325
HATRPO,RewardMaxMedian,HATRPO-RewardMaxMedian,"HATRPO-RewardMaxMedian (0.5,0.7,0.5,0.6) - 25",2008.040943196093
HATRPO,RewardMaxMedian,HATRPO-RewardMaxMedian,"HATRPO-RewardMaxMedian (0.5,0.7,0.5,0.6) - 3",1998.768326847491
HATRPO,RewardMaxMedian,HATRPO-RewardMaxMedian,"HATRPO-RewardMaxMedian (0.5,0.7,0.5,0.6) - 4",1963.0883803457225
HATRPO,RewardMaxMedian,HATRPO-RewardMaxMedian,"HATRPO-RewardMaxMedian (0.5,0.7,0.5,0.6) - 5",1963.0344171630786
HATRPO,RewardMaxMedian,HATRPO-RewardMaxMedian,"HATRPO-RewardMaxMedian (0.5,0.7,0.5,0.6) - 6",1963.0344171630786
HATRPO,RewardMaxMedian,HATRPO-RewardMaxMedian,"HATRPO-RewardMaxMedian (0.5,0.7,0.5,0.6) - 7",1996.6432607349325
HATRPO,RewardMaxMedian,HATRPO-RewardMaxMedian,"HATRPO-RewardMaxMedian (0.5,0.7,0.5,0.6) - 8",1992.2164091962015
HATRPO,RewardMaxMedian,HATRPO-RewardMaxMedian,"HATRPO-RewardMaxMedian (0.5,0.7,0.5,0.6) - 9",1963.0883803457225
IA2C,DefaultReward,IA2C-DefaultReward,"IA2C-DefaultReward (0.5,0.7,0.5,0.6) - 1",1453.9940084135449
IA2C,DefaultReward,IA2C-DefaultReward,"IA2C-DefaultReward (0.5,0.7,0.5,0.6) - 10",1446.6145887104544
IA2C,DefaultReward,IA2C-DefaultReward,"IA2C-DefaultReward (0.5,0.7,0.5,0.6) - 11",1452.3341527038135
IA2C,DefaultReward,IA2C-DefaultReward,"IA2C-DefaultReward (0.5,0.7,0.5,0.6) - 12",1452.3341527038135
IA2C,DefaultReward,IA2C-DefaultReward,"IA2C-DefaultReward (0.5,0.7,0.5,0.6) - 13",1457.296976575056
IA2C,DefaultReward,IA2C-DefaultReward,"IA2C-DefaultReward (0.5,0.7,0.5,0.6) - 14",1453.704328236707
IA2C,DefaultReward,IA2C-DefaultReward,"IA2C-DefaultReward (0.5,0.7,0.5,0.6) - 15",1455.2996483447555
IA2C,DefaultReward,IA2C-DefaultReward,"IA2C-DefaultReward (0.5,0.7,0.5,0.6) - 16",1458.7111090376002
IA2C,DefaultReward,IA2C-DefaultReward,"IA2C-DefaultReward (0.5,0.7,0.5,0.6) - 17",1452.267853116205
IA2C,DefaultReward,IA2C-DefaultReward,"IA2C-DefaultReward (0.5,0.7,0.5,0.6) - 18",1461.411001509892
IA2C,DefaultReward,IA2C-DefaultReward,"IA2C-DefaultReward (0.5,0.7,0.5,0.6) - 19",1472.8580240508966
IA2C,DefaultReward,IA2C-DefaultReward,"IA2C-DefaultReward (0.5,0.7,0.5,0.6) - 2",1454.7827824653587
IA2C,DefaultReward,IA2C-DefaultReward,"IA2C-DefaultReward (0.5,0.7,0.5,0.6) - 20",1446.5539840328968
IA2C,DefaultReward,IA2C-DefaultReward,"IA2C-DefaultReward (0.5,0.7,0.5,0.6) - 21",1452.267853116205
IA2C,DefaultReward,IA2C-DefaultReward,"IA2C-DefaultReward (0.5,0.7,0.5,0.6) - 22",1457.296976575056
IA2C,DefaultReward,IA2C-DefaultReward,"IA2C-DefaultReward (0.5,0.7,0.5,0.6) - 23",1455.2965823066809
IA2C,DefaultReward,IA2C-DefaultReward,"IA2C-DefaultReward (0.5,0.7,0.5,0.6) - 24",1452.267853116205
IA2C,DefaultReward,IA2C-DefaultReward,"IA2C-DefaultReward (0.5,0.7,0.5,0.6) - 25",1458.6683655705197
IA2C,DefaultReward,IA2C-DefaultReward,"IA2C-DefaultReward (0.5,0.7,0.5,0.6) - 3",1469.6426482362401
IA2C,DefaultReward,IA2C-DefaultReward,"IA2C-DefaultReward (0.5,0.7,0.5,0.6) - 4",1452.3341527038135
IA2C,DefaultReward,IA2C-DefaultReward,"IA2C-DefaultReward (0.5,0.7,0.5,0.6) - 5",1452.2673143654579
IA2C,DefaultReward,IA2C-DefaultReward,"IA2C-DefaultReward (0.5,0.7,0.5,0.6) - 6",1452.3069071556613
IA2C,DefaultReward,IA2C-DefaultReward,"IA2C-DefaultReward (0.5,0.7,0.5,0.6) - 7",1452.267853116205
IA2C,DefaultReward,IA2C-DefaultReward,"IA2C-DefaultReward (0.5,0.7,0.5,0.6) - 8",1457.296976575056
IA2C,DefaultReward,IA2C-DefaultReward,"IA2C-DefaultReward (0.5,0.7,0.5,0.6) - 9",1446.5539840328968
IA2C,RewardHard,IA2C-RewardHard,"IA2C-RewardHardMax (0.5,0.7,0.5,0.6) - 1",-44.19273304100605
IA2C,RewardHard,IA2C-RewardHard,"IA2C-RewardHardMax (0.5,0.7,0.5,0.6) - 10",-42.767201856291074
IA2C,RewardHard,IA2C-RewardHard,"IA2C-RewardHardMax (0.5,0.7,0.5,0.6) - 11",-42.78820185570773
IA2C,RewardHard,IA2C-RewardHard,"IA2C-RewardHardMax (0.5,0.7,0.5,0.6) - 12",-41.65603522049015
IA2C,RewardHard,IA2C-RewardHard,"IA2C-RewardHardMax (0.5,0.7,0.5,0.6) - 13",-39.58380205511072
IA2C,RewardHard,IA2C-RewardHard,"IA2C-RewardHardMax (0.5,0.7,0.5,0.6) - 14",-42.51603519660125
IA2C,RewardHard,IA2C-RewardHard,"IA2C-RewardHardMax (0.5,0.7,0.5,0.6) - 15",-42.79170185561051
IA2C,RewardHard,IA2C-RewardHard,"IA2C-RewardHardMax (0.5,0.7,0.5,0.6) - 16",-42.834118521098944
IA2C,RewardHard,IA2C-RewardHard,"IA2C-RewardHardMax (0.5,0.7,0.5,0.6) - 17",-43.34723917991229
IA2C,RewardHard,IA2C-RewardHard,"IA2C-RewardHardMax (0.5,0.7,0.5,0.6) - 18",-42.65236852614755
IA2C,RewardHard,IA2C-RewardHard,"IA2C-RewardHardMax (0.5,0.7,0.5,0.6) - 19",-41.63611855437672
IA2C,RewardHard,IA2C-RewardHard,"IA2C-RewardHardMax (0.5,0.7,0.5,0.6) - 2",-44.19306637433012
IA2C,RewardHard,IA2C-RewardHard,"IA2C-RewardHardMax (0.5,0.7,0.5,0.6) - 20",-44.1137330432005
IA2C,RewardHard,IA2C-RewardHard,"IA2C-RewardHardMax (0.5,0.7,0.5,0.6) - 21",-42.33427310635533
IA2C,RewardHard,IA2C-RewardHard,"IA2C-RewardHardMax (0.5,0.7,0.5,0.6) - 22",-41.63128522117765
IA2C,RewardHard,IA2C-RewardHard,"IA2C-RewardHardMax (0.5,0.7,0.5,0.6) - 23",-43.05745022906548
IA2C,RewardHard,IA2C-RewardHard,"IA2C-RewardHardMax (0.5,0.7,0.5,0.6) - 24",-41.45938889119118
IA2C,RewardHard,IA2C-RewardHard,"IA2C-RewardHardMax (0.5,0.7,0.5,0.6) - 25",-42.71628519103875
IA2C,RewardHard,IA2C-RewardHard,"IA2C-RewardHardMax (0.5,0.7,0.5,0.6) - 3",-41.65611855382117
IA2C,RewardHard,IA2C-RewardHard,"IA2C-RewardHardMax (0.5,0.7,0.5,0.6) - 4",-41.656618553807284
IA2C,RewardHard,IA2C-RewardHard,"IA2C-RewardHardMax (0.5,0.7,0.5,0.6) - 5",-42.3817307321557
IA2C,RewardHard,IA2C-RewardHard,"IA2C-RewardHardMax (0.5,0.7,0.5,0.6) - 6",-43.48308663376586
IA2C,RewardHard,IA2C-RewardHard,"IA2C-RewardHardMax (0.5,0.7,0.5,0.6) - 7",-44.09239971045975
IA2C,RewardHard,IA2C-RewardHard,"IA2C-RewardHardMax (0.5,0.7,0.5,0.6) - 8",-43.337069688669345
IA2C,RewardHard,IA2C-RewardHard,"IA2C-RewardHardMax (0.5,0.7,0.5,0.6) - 9",-43.48495104049374
IA2C,RewardLowerQuantile,IA2C-RewardLowerQuantile,"IA2C-RewardLowerQuantile (0.5,0.7,0.5,0.6) - 1",7.265347217098524
IA2C,RewardLowerQuantile,IA2C-RewardLowerQuantile,"IA2C-RewardLowerQuantile (0.5,0.7,0.5,0.6) - 10",7.232639056895768
IA2C,RewardLowerQuantile,IA2C-RewardLowerQuantile,"IA2C-RewardLowerQuantile (0.5,0.7,0.5,0.6) - 11",7.250396365131321
IA2C,RewardLowerQuantile,IA2C-RewardLowerQuantile,"IA2C-RewardLowerQuantile (0.5,0.7,0.5,0.6) - 12",7.27504562555853
IA2C,RewardLowerQuantile,IA2C-RewardLowerQuantile,"IA2C-RewardLowerQuantile (0.5,0.7,0.5,0.6) - 13",7.266924044535829
IA2C,RewardLowerQuantile,IA2C-RewardLowerQuantile,"IA2C-RewardLowerQuantile (0.5,0.7,0.5,0.6) - 14",7.259047067800637
IA2C,RewardLowerQuantile,IA2C-RewardLowerQuantile,"IA2C-RewardLowerQuantile (0.5,0.7,0.5,0.6) - 15",7.267523528660336
IA2C,RewardLowerQuantile,IA2C-RewardLowerQuantile,"IA2C-RewardLowerQuantile (0.5,0.7,0.5,0.6) - 16",7.267665624377624
IA2C,RewardLowerQuantile,IA2C-RewardLowerQuantile,"IA2C-RewardLowerQuantile (0.5,0.7,0.5,0.6) - 17",7.278614691700119
IA2C,RewardLowerQuantile,IA2C-RewardLowerQuantile,"IA2C-RewardLowerQuantile (0.5,0.7,0.5,0.6) - 18",7.2724255253721335
IA2C,RewardLowerQuantile,IA2C-RewardLowerQuantile,"IA2C-RewardLowerQuantile (0.5,0.7,0.5,0.6) - 19",7.285586314552114
IA2C,RewardLowerQuantile,IA2C-RewardLowerQuantile,"IA2C-RewardLowerQuantile (0.5,0.7,0.5,0.6) - 2",7.248226653527631
IA2C,RewardLowerQuantile,IA2C-RewardLowerQuantile,"IA2C-RewardLowerQuantile (0.5,0.7,0.5,0.6) - 20",7.2690797942882295
IA2C,RewardLowerQuantile,IA2C-RewardLowerQuantile,"IA2C-RewardLowerQuantile (0.5,0.7,0.5,0.6) - 21",7.266352382537335
IA2C,RewardLowerQuantile,IA2C-RewardLowerQuantile,"IA2C-RewardLowerQuantile (0.5,0.7,0.5,0.6) - 22",7.265893774027596
IA2C,RewardLowerQuantile,IA2C-RewardLowerQuantile,"IA2C-RewardLowerQuantile (0.5,0.7,0.5,0.6) - 23",7.280516648595232
IA2C,RewardLowerQuantile,IA2C-RewardLowerQuantile,"IA2C-RewardLowerQuantile (0.5,0.7,0.5,0.6) - 24",7.27033347178698
IA2C,RewardLowerQuantile,IA2C-RewardLowerQuantile,"IA2C-RewardLowerQuantile (0.5,0.7,0.5,0.6) - 25",7.30021078850684
IA2C,RewardLowerQuantile,IA2C-RewardLowerQuantile,"IA2C-RewardLowerQuantile (0.5,0.7,0.5,0.6) - 3",7.258801379895977
IA2C,RewardLowerQuantile,IA2C-RewardLowerQuantile,"IA2C-RewardLowerQuantile (0.5,0.7,0.5,0.6) - 4",7.272828973805618
IA2C,RewardLowerQuantile,IA2C-RewardLowerQuantile,"IA2C-RewardLowerQuantile (0.5,0.7,0.5,0.6) - 5",7.279814389832022
IA2C,RewardLowerQuantile,IA2C-RewardLowerQuantile,"IA2C-RewardLowerQuantile (0.5,0.7,0.5,0.6) - 6",7.274720891537576
IA2C,RewardLowerQuantile,IA2C-RewardLowerQuantile,"IA2C-RewardLowerQuantile (0.5,0.7,0.5,0.6) - 7",7.25230389262173
IA2C,RewardLowerQuantile,IA2C-RewardLowerQuantile,"IA2C-RewardLowerQuantile (0.5,0.7,0.5,0.6) - 8",7.247425930574684
IA2C,RewardLowerQuantile,IA2C-RewardLowerQuantile,"IA2C-RewardLowerQuantile (0.5,0.7,0.5,0.6) - 9",7.272319716922702
IA2C,RewardMaxMedian,IA2C-RewardMaxMedian,"IA2C-RewardMaxMedian (0.5,0.7,0.5,0.6) - 1",2127.7138105900176
IA2C,RewardMaxMedian,IA2C-RewardMaxMedian,"IA2C-RewardMaxMedian (0.5,0.7,0.5,0.6) - 10",2125.2449341336246
IA2C,RewardMaxMedian,IA2C-RewardMaxMedian,"IA2C-RewardMaxMedian (0.5,0.7,0.5,0.6) - 11",2124.9291879650596
IA2C,RewardMaxMedian,IA2C-RewardMaxMedian,"IA2C-RewardMaxMedian (0.5,0.7,0.5,0.6) - 12",2118.8043574946737
IA2C,RewardMaxMedian,IA2C-RewardMaxMedian,"IA2C-RewardMaxMedian (0.5,0.7,0.5,0.6) - 13",2120.247479355267
IA2C,RewardMaxMedian,IA2C-RewardMaxMedian,"IA2C-RewardMaxMedian (0.5,0.7,0.5,0.6) - 14",2125.2146273956464
IA2C,RewardMaxMedian,IA2C-RewardMaxMedian,"IA2C-RewardMaxMedian (0.5,0.7,0.5,0.6) - 15",2134.5565880911267
IA2C,RewardMaxMedian,IA2C-RewardMaxMedian,"IA2C-RewardMaxMedian (0.5,0.7,0.5,0.6) - 16",2128.9787127074455
IA2C,RewardMaxMedian,IA2C-RewardMaxMedian,"IA2C-RewardMaxMedian (0.5,0.7,0.5,0.6) - 17",2127.587347918019
IA2C,RewardMaxMedian,IA2C-RewardMaxMedian,"IA2C-RewardMaxMedian (0.5,0.7,0.5,0.6) - 18",2125.7831167459776
IA2C,RewardMaxMedian,IA2C-RewardMaxMedian,"IA2C-RewardMaxMedian (0.5,0.7,0.5,0.6) - 19",2124.409661478828
IA2C,RewardMaxMedian,IA2C-RewardMaxMedian,"IA2C-RewardMaxMedian (0.5,0.7,0.5,0.6) - 2",2115.116097036061
IA2C,RewardMaxMedian,IA2C-RewardMaxMedian,"IA2C-RewardMaxMedian (0.5,0.7,0.5,0.6) - 20",2130.5431557488296
IA2C,RewardMaxMedian,IA2C-RewardMaxMedian,"IA2C-RewardMaxMedian (0.5,0.7,0.5,0.6) - 21",2122.7211512479666
IA2C,RewardMaxMedian,IA2C-RewardMaxMedian,"IA2C-RewardMaxMedian (0.5,0.7,0.5,0.6) - 22",2121.429475204908
IA2C,RewardMaxMedian,IA2C-RewardMaxMedian,"IA2C-RewardMaxMedian (0.5,0.7,0.5,0.6) - 23",2119.801931704998
IA2C,RewardMaxMedian,IA2C-RewardMaxMedian,"IA2C-RewardMaxMedian (0.5,0.7,0.5,0.6) - 24",2127.090463691872
IA2C,RewardMaxMedian,IA2C-RewardMaxMedian,"IA2C-RewardMaxMedian (0.5,0.7,0.5,0.6) - 25",2122.470577615103
IA2C,RewardMaxMedian,IA2C-RewardMaxMedian,"IA2C-RewardMaxMedian (0.5,0.7,0.5,0.6) - 3",2125.697906584857
IA2C,RewardMaxMedian,IA2C-RewardMaxMedian,"IA2C-RewardMaxMedian (0.5,0.7,0.5,0.6) - 4",2121.5018461965487
IA2C,RewardMaxMedian,IA2C-RewardMaxMedian,"IA2C-RewardMaxMedian (0.5,0.7,0.5,0.6) - 5",2127.964402348296
IA2C,RewardMaxMedian,IA2C-RewardMaxMedian,"IA2C-RewardMaxMedian (0.5,0.7,0.5,0.6) - 6",2135.457361942912
IA2C,RewardMaxMedian,IA2C-RewardMaxMedian,"IA2C-RewardMaxMedian (0.5,0.7,0.5,0.6) - 7",2121.7346753517963
IA2C,RewardMaxMedian,IA2C-RewardMaxMedian,"IA2C-RewardMaxMedian (0.5,0.7,0.5,0.6) - 8",2133.3233105405534
IA2C,RewardMaxMedian,IA2C-RewardMaxMedian,"IA2C-RewardMaxMedian (0.5,0.7,0.5,0.6) - 9",2134.1160049747637
IPPO,DefaultReward,IPPO-DefaultReward,"IPPO-DefaultReward (0.5,0.7,0.5,0.6) - 1",1536.3558394282074
IPPO,DefaultReward,IPPO-DefaultReward,"IPPO-DefaultReward (0.5,0.7,0.5,0.6) - 10",1536.3558394282074
IPPO,DefaultReward,IPPO-DefaultReward,"IPPO-DefaultReward (0.5,0.7,0.5,0.6) - 11",1536.3558394282074
IPPO,DefaultReward,IPPO-DefaultReward,"IPPO-DefaultReward (0.5,0.7,0.5,0.6) - 12",1536.3558394282074
IPPO,DefaultReward,IPPO-DefaultReward,"IPPO-DefaultReward (0.5,0.7,0.5,0.6) - 13",1536.3558394282074
IPPO,DefaultReward,IPPO-DefaultReward,"IPPO-DefaultReward (0.5,0.7,0.5,0.6) - 14",1536.3558394282074
IPPO,DefaultReward,IPPO-DefaultReward,"IPPO-DefaultReward (0.5,0.7,0.5,0.6) - 15",1536.3558394282074
IPPO,DefaultReward,IPPO-DefaultReward,"IPPO-DefaultReward (0.5,0.7,0.5,0.6) - 16",1536.3558394282074
IPPO,DefaultReward,IPPO-DefaultReward,"IPPO-DefaultReward (0.5,0.7,0.5,0.6) - 17",1536.3558394282074
IPPO,DefaultReward,IPPO-DefaultReward,"IPPO-DefaultReward (0.5,0.7,0.5,0.6) - 18",1536.3558394282074
IPPO,DefaultReward,IPPO-DefaultReward,"IPPO-DefaultReward (0.5,0.7,0.5,0.6) - 19",1536.3558394282074
IPPO,DefaultReward,IPPO-DefaultReward,"IPPO-DefaultReward (0.5,0.7,0.5,0.6) - 2",1536.3558394282074
IPPO,DefaultReward,IPPO-DefaultReward,"IPPO-DefaultReward (0.5,0.7,0.5,0.6) - 20",1536.3558394282074
IPPO,DefaultReward,IPPO-DefaultReward,"IPPO-DefaultReward (0.5,0.7,0.5,0.6) - 21",1536.3558394282074
IPPO,DefaultReward,IPPO-DefaultReward,"IPPO-DefaultReward (0.5,0.7,0.5,0.6) - 22",1536.3558394282074
IPPO,DefaultReward,IPPO-DefaultReward,"IPPO-DefaultReward (0.5,0.7,0.5,0.6) - 23",1536.3558394282074
IPPO,DefaultReward,IPPO-DefaultReward,"IPPO-DefaultReward (0.5,0.7,0.5,0.6) - 24",1536.3558394282074
IPPO,DefaultReward,IPPO-DefaultReward,"IPPO-DefaultReward (0.5,0.7,0.5,0.6) - 25",1536.3558394282074
IPPO,DefaultReward,IPPO-DefaultReward,"IPPO-DefaultReward (0.5,0.7,0.5,0.6) - 3",1536.3558394282074
IPPO,DefaultReward,IPPO-DefaultReward,"IPPO-DefaultReward (0.5,0.7,0.5,0.6) - 4",1536.3558394282074
IPPO,DefaultReward,IPPO-DefaultReward,"IPPO-DefaultReward (0.5,0.7,0.5,0.6) - 5",1536.3558394282074
IPPO,DefaultReward,IPPO-DefaultReward,"IPPO-DefaultReward (0.5,0.7,0.5,0.6) - 6",1536.3558394282074
IPPO,DefaultReward,IPPO-DefaultReward,"IPPO-DefaultReward (0.5,0.7,0.5,0.6) - 7",1536.3558394282074
IPPO,DefaultReward,IPPO-DefaultReward,"IPPO-DefaultReward (0.5,0.7,0.5,0.6) - 8",1536.3558394282074
IPPO,DefaultReward,IPPO-DefaultReward,"IPPO-DefaultReward (0.5,0.7,0.5,0.6) - 9",1536.3558394282074
IPPO,RewardHard,IPPO-RewardHard,"IPPO-RewardHardMax (0.5,0.7,0.5,0.6) - 1",-14.469320992490715
IPPO,RewardHard,IPPO-RewardHard,"IPPO-RewardHardMax (0.5,0.7,0.5,0.6) - 10",-14.469320992490715
IPPO,RewardHard,IPPO-RewardHard,"IPPO-RewardHardMax (0.5,0.7,0.5,0.6) - 11",-14.469320992490715
IPPO,RewardHard,IPPO-RewardHard,"IPPO-RewardHardMax (0.5,0.7,0.5,0.6) - 12",-14.469320992490715
IPPO,RewardHard,IPPO-RewardHard,"IPPO-RewardHardMax (0.5,0.7,0.5,0.6) - 13",-21.449582109446876
IPPO,RewardHard,IPPO-RewardHard,"IPPO-RewardHardMax (0.5,0.7,0.5,0.6) - 14",-14.469320992490715
IPPO,RewardHard,IPPO-RewardHard,"IPPO-RewardHardMax (0.5,0.7,0.5,0.6) - 15",-14.469320992490715
IPPO,RewardHard,IPPO-RewardHard,"IPPO-RewardHardMax (0.5,0.7,0.5,0.6) - 16",-14.469320992490715
IPPO,RewardHard,IPPO-RewardHard,"IPPO-RewardHardMax (0.5,0.7,0.5,0.6) - 17",-14.469320992490715
IPPO,RewardHard,IPPO-RewardHard,"IPPO-RewardHardMax (0.5,0.7,0.5,0.6) - 18",-14.469320992490715
IPPO,RewardHard,IPPO-RewardHard,"IPPO-RewardHardMax (0.5,0.7,0.5,0.6) - 19",-14.469320992490715
IPPO,RewardHard,IPPO-RewardHard,"IPPO-RewardHardMax (0.5,0.7,0.5,0.6) - 2",-14.469320992490715
IPPO,RewardHard,IPPO-RewardHard,"IPPO-RewardHardMax (0.5,0.7,0.5,0.6) - 20",-14.469320992490715
IPPO,RewardHard,IPPO-RewardHard,"IPPO-RewardHardMax (0.5,0.7,0.5,0.6) - 21",-14.469320992490715
IPPO,RewardHard,IPPO-RewardHard,"IPPO-RewardHardMax (0.5,0.7,0.5,0.6) - 22",-14.469320992490715
IPPO,RewardHard,IPPO-RewardHard,"IPPO-RewardHardMax (0.5,0.7,0.5,0.6) - 23",-14.469320992490715
IPPO,RewardHard,IPPO-RewardHard,"IPPO-RewardHardMax (0.5,0.7,0.5,0.6) - 24",-14.469320992490715
IPPO,RewardHard,IPPO-RewardHard,"IPPO-RewardHardMax (0.5,0.7,0.5,0.6) - 25",-14.469320992490715
IPPO,RewardHard,IPPO-RewardHard,"IPPO-RewardHardMax (0.5,0.7,0.5,0.6) - 3",-14.469320992490715
IPPO,RewardHard,IPPO-RewardHard,"IPPO-RewardHardMax (0.5,0.7,0.5,0.6) - 4",-14.469320992490715
IPPO,RewardHard,IPPO-RewardHard,"IPPO-RewardHardMax (0.5,0.7,0.5,0.6) - 5",-14.469320992490715
IPPO,RewardHard,IPPO-RewardHard,"IPPO-RewardHardMax (0.5,0.7,0.5,0.6) - 6",-14.469320992490715
IPPO,RewardHard,IPPO-RewardHard,"IPPO-RewardHardMax (0.5,0.7,0.5,0.6) - 7",-14.469320992490715
IPPO,RewardHard,IPPO-RewardHard,"IPPO-RewardHardMax (0.5,0.7,0.5,0.6) - 8",-14.469320992490715
IPPO,RewardHard,IPPO-RewardHard,"IPPO-RewardHardMax (0.5,0.7,0.5,0.6) - 9",-14.469320992490715
IPPO,RewardLowerQuantile,IPPO-RewardLowerQuantile,"IPPO-RewardLowerQuantile (0.5,0.7,0.5,0.6) - 1",4.160788903538332
IPPO,RewardLowerQuantile,IPPO-RewardLowerQuantile,"IPPO-RewardLowerQuantile (0.5,0.7,0.5,0.6) - 10",4.160788903538332
IPPO,RewardLowerQuantile,IPPO-RewardLowerQuantile,"IPPO-RewardLowerQuantile (0.5,0.7,0.5,0.6) - 11",4.160788903538332
IPPO,RewardLowerQuantile,IPPO-RewardLowerQuantile,"IPPO-RewardLowerQuantile (0.5,0.7,0.5,0.6) - 12",4.160788903538332
IPPO,RewardLowerQuantile,IPPO-RewardLowerQuantile,"IPPO-RewardLowerQuantile (0.5,0.7,0.5,0.6) - 13",4.160788903538332
IPPO,RewardLowerQuantile,IPPO-RewardLowerQuantile,"IPPO-RewardLowerQuantile (0.5,0.7,0.5,0.6) - 14",4.160788903538332
IPPO,RewardLowerQuantile,IPPO-RewardLowerQuantile,"IPPO-RewardLowerQuantile (0.5,0.7,0.5,0.6) - 15",4.160788903538332
IPPO,RewardLowerQuantile,IPPO-RewardLowerQuantile,"IPPO-RewardLowerQuantile (0.5,0.7,0.5,0.6) - 16",4.160788903538332
IPPO,RewardLowerQuantile,IPPO-RewardLowerQuantile,"IPPO-RewardLowerQuantile (0.5,0.7,0.5,0.6) - 17",4.160788903538332
IPPO,RewardLowerQuantile,IPPO-RewardLowerQuantile,"IPPO-RewardLowerQuantile (0.5,0.7,0.5,0.6) - 18",4.160788903538332
IPPO,RewardLowerQuantile,IPPO-RewardLowerQuantile,"IPPO-RewardLowerQuantile (0.5,0.7,0.5,0.6) - 19",4.160788903538332
IPPO,RewardLowerQuantile,IPPO-RewardLowerQuantile,"IPPO-RewardLowerQuantile (0.5,0.7,0.5,0.6) - 2",4.160788903538332
IPPO,RewardLowerQuantile,IPPO-RewardLowerQuantile,"IPPO-RewardLowerQuantile (0.5,0.7,0.5,0.6) - 20",4.160788903538332
IPPO,RewardLowerQuantile,IPPO-RewardLowerQuantile,"IPPO-RewardLowerQuantile (0.5,0.7,0.5,0.6) - 21",4.160788903538332
IPPO,RewardLowerQuantile,IPPO-RewardLowerQuantile,"IPPO-RewardLowerQuantile (0.5,0.7,0.5,0.6) - 22",4.160788903538332
IPPO,RewardLowerQuantile,IPPO-RewardLowerQuantile,"IPPO-RewardLowerQuantile (0.5,0.7,0.5,0.6) - 23",4.160788903538332
IPPO,RewardLowerQuantile,IPPO-RewardLowerQuantile,"IPPO-RewardLowerQuantile (0.5,0.7,0.5,0.6) - 24",4.160788903538332
IPPO,RewardLowerQuantile,IPPO-RewardLowerQuantile,"IPPO-RewardLowerQuantile (0.5,0.7,0.5,0.6) - 25",4.160788903538332
IPPO,RewardLowerQuantile,IPPO-RewardLowerQuantile,"IPPO-RewardLowerQuantile (0.5,0.7,0.5,0.6) - 3",4.160788903538332
IPPO,RewardLowerQuantile,IPPO-RewardLowerQuantile,"IPPO-RewardLowerQuantile (0.5,0.7,0.5,0.6) - 4",4.160788903538332
IPPO,RewardLowerQuantile,IPPO-RewardLowerQuantile,"IPPO-RewardLowerQuantile (0.5,0.7,0.5,0.6) - 5",4.160788903538332
IPPO,RewardLowerQuantile,IPPO-RewardLowerQuantile,"IPPO-RewardLowerQuantile (0.5,0.7,0.5,0.6) - 6",4.160788903538332
IPPO,RewardLowerQuantile,IPPO-RewardLowerQuantile,"IPPO-RewardLowerQuantile (0.5,0.7,0.5,0.6) - 7",4.160788903538332
IPPO,RewardLowerQuantile,IPPO-RewardLowerQuantile,"IPPO-RewardLowerQuantile (0.5,0.7,0.5,0.6) - 8",4.160788903538332
IPPO,RewardLowerQuantile,IPPO-RewardLowerQuantile,"IPPO-RewardLowerQuantile (0.5,0.7,0.5,0.6) - 9",4.160788903538332
IPPO,RewardMaxMedian,IPPO-RewardMaxMedian,"IPPO-RewardMaxMedian (0.5,0.7,0.5,0.6) - 1",2221.93004861992
IPPO,RewardMaxMedian,IPPO-RewardMaxMedian,"IPPO-RewardMaxMedian (0.5,0.7,0.5,0.6) - 10",2221.93004861992
IPPO,RewardMaxMedian,IPPO-RewardMaxMedian,"IPPO-RewardMaxMedian (0.5,0.7,0.5,0.6) - 11",2221.93004861992
IPPO,RewardMaxMedian,IPPO-RewardMaxMedian,"IPPO-RewardMaxMedian (0.5,0.7,0.5,0.6) - 12",2221.93004861992
IPPO,RewardMaxMedian,IPPO-RewardMaxMedian,"IPPO-RewardMaxMedian (0.5,0.7,0.5,0.6) - 13",2221.93004861992
IPPO,RewardMaxMedian,IPPO-RewardMaxMedian,"IPPO-RewardMaxMedian (0.5,0.7,0.5,0.6) - 14",2221.93004861992
IPPO,RewardMaxMedian,IPPO-RewardMaxMedian,"IPPO-RewardMaxMedian (0.5,0.7,0.5,0.6) - 15",2221.93004861992
IPPO,RewardMaxMedian,IPPO-RewardMaxMedian,"IPPO-RewardMaxMedian (0.5,0.7,0.5,0.6) - 16",2221.93004861992
IPPO,RewardMaxMedian,IPPO-RewardMaxMedian,"IPPO-RewardMaxMedian (0.5,0.7,0.5,0.6) - 17",2221.93004861992
IPPO,RewardMaxMedian,IPPO-RewardMaxMedian,"IPPO-RewardMaxMedian (0.5,0.7,0.5,0.6) - 18",2221.93004861992
IPPO,RewardMaxMedian,IPPO-RewardMaxMedian,"IPPO-RewardMaxMedian (0.5,0.7,0.5,0.6) - 19",2221.93004861992
IPPO,RewardMaxMedian,IPPO-RewardMaxMedian,"IPPO-RewardMaxMedian (0.5,0.7,0.5,0.6) - 2",2221.93004861992
IPPO,RewardMaxMedian,IPPO-RewardMaxMedian,"IPPO-RewardMaxMedian (0.5,0.7,0.5,0.6) - 20",2221.93004861992
IPPO,RewardMaxMedian,IPPO-RewardMaxMedian,"IPPO-RewardMaxMedian (0.5,0.7,0.5,0.6) - 21",2221.93004861992
IPPO,RewardMaxMedian,IPPO-RewardMaxMedian,"IPPO-RewardMaxMedian (0.5,0.7,0.5,0.6) - 22",2221.93004861992
IPPO,RewardMaxMedian,IPPO-RewardMaxMedian,"IPPO-RewardMaxMedian (0.5,0.7,0.5,0.6) - 23",2221.93004861992
IPPO,RewardMaxMedian,IPPO-RewardMaxMedian,"IPPO-RewardMaxMedian (0.5,0.7,0.5,0.6) - 24",2221.93004861992
IPPO,RewardMaxMedian,IPPO-RewardMaxMedian,"IPPO-RewardMaxMedian (0.5,0.7,0.5,0.6) - 25",2221.93004861992
IPPO,RewardMaxMedian,IPPO-RewardMaxMedian,"IPPO-RewardMaxMedian (0.5,0.7,0.5,0.6) - 3",2221.93004861992
IPPO,RewardMaxMedian,IPPO-RewardMaxMedian,"IPPO-RewardMaxMedian (0.5,0.7,0.5,0.6) - 4",2221.93004861992
IPPO,RewardMaxMedian,IPPO-RewardMaxMedian,"IPPO-RewardMaxMedian (0.5,0.7,0.5,0.6) - 5",2221.93004861992
IPPO,RewardMaxMedian,IPPO-RewardMaxMedian,"IPPO-RewardMaxMedian (0.5,0.7,0.5,0.6) - 6",2221.93004861992
IPPO,RewardMaxMedian,IPPO-RewardMaxMedian,"IPPO-RewardMaxMedian (0.5,0.7,0.5,0.6) - 7",2221.93004861992
IPPO,RewardMaxMedian,IPPO-RewardMaxMedian,"IPPO-RewardMaxMedian (0.5,0.7,0.5,0.6) - 8",2221.93004861992
IPPO,RewardMaxMedian,IPPO-RewardMaxMedian,"IPPO-RewardMaxMedian (0.5,0.7,0.5,0.6) - 9",2221.93004861992
ITRPO,DefaultReward,ITRPO-DefaultReward,"ITRPO-DefaultReward (0.5,0.7,0.5,0.6) - 1",1385.3191715487999
ITRPO,DefaultReward,ITRPO-DefaultReward,"ITRPO-DefaultReward (0.5,0.7,0.5,0.6) - 10",1385.3191715487999
ITRPO,DefaultReward,ITRPO-DefaultReward,"ITRPO-DefaultReward (0.5,0.7,0.5,0.6) - 11",1385.3191715487999
ITRPO,DefaultReward,ITRPO-DefaultReward,"ITRPO-DefaultReward (0.5,0.7,0.5,0.6) - 12",1385.3191715487999
ITRPO,DefaultReward,ITRPO-DefaultReward,"ITRPO-DefaultReward (0.5,0.7,0.5,0.6) - 13",1385.3191715487999
ITRPO,DefaultReward,ITRPO-DefaultReward,"ITRPO-DefaultReward (0.5,0.7,0.5,0.6) - 14",1385.3191715487999
ITRPO,DefaultReward,ITRPO-DefaultReward,"ITRPO-DefaultReward (0.5,0.7,0.5,0.6) - 15",1385.3191715487999
ITRPO,DefaultReward,ITRPO-DefaultReward,"ITRPO-DefaultReward (0.5,0.7,0.5,0.6) - 16",1385.3191715487999
ITRPO,DefaultReward,ITRPO-DefaultReward,"ITRPO-DefaultReward (0.5,0.7,0.5,0.6) - 17",1385.3191715487999
ITRPO,DefaultReward,ITRPO-DefaultReward,"ITRPO-DefaultReward (0.5,0.7,0.5,0.6) - 18",1385.3191715487999
ITRPO,DefaultReward,ITRPO-DefaultReward,"ITRPO-DefaultReward (0.5,0.7,0.5,0.6) - 19",1385.3191715487999
ITRPO,DefaultReward,ITRPO-DefaultReward,"ITRPO-DefaultReward (0.5,0.7,0.5,0.6) - 2",1385.3191715487999
ITRPO,DefaultReward,ITRPO-DefaultReward,"ITRPO-DefaultReward (0.5,0.7,0.5,0.6) - 20",1385.3191715487999
ITRPO,DefaultReward,ITRPO-DefaultReward,"ITRPO-DefaultReward (0.5,0.7,0.5,0.6) - 21",1385.3191715487999
ITRPO,DefaultReward,ITRPO-DefaultReward,"ITRPO-DefaultReward (0.5,0.7,0.5,0.6) - 22",1385.3191715487999
ITRPO,DefaultReward,ITRPO-DefaultReward,"ITRPO-DefaultReward (0.5,0.7,0.5,0.6) - 23",1385.3191715487999
ITRPO,DefaultReward,ITRPO-DefaultReward,"ITRPO-DefaultReward (0.5,0.7,0.5,0.6) - 24",1385.3191715487999
ITRPO,DefaultReward,ITRPO-DefaultReward,"ITRPO-DefaultReward (0.5,0.7,0.5,0.6) - 25",1385.3191715487999
ITRPO,DefaultReward,ITRPO-DefaultReward,"ITRPO-DefaultReward (0.5,0.7,0.5,0.6) - 3",1385.3191715487999
ITRPO,DefaultReward,ITRPO-DefaultReward,"ITRPO-DefaultReward (0.5,0.7,0.5,0.6) - 4",1385.3191715487999
ITRPO,DefaultReward,ITRPO-DefaultReward,"ITRPO-DefaultReward (0.5,0.7,0.5,0.6) - 5",1385.3191715487999
ITRPO,DefaultReward,ITRPO-DefaultReward,"ITRPO-DefaultReward (0.5,0.7,0.5,0.6) - 6",1385.3191715487999
ITRPO,DefaultReward,ITRPO-DefaultReward,"ITRPO-DefaultReward (0.5,0.7,0.5,0.6) - 7",1385.3191715487999
ITRPO,DefaultReward,ITRPO-DefaultReward,"ITRPO-DefaultReward (0.5,0.7,0.5,0.6) - 8",1385.3191715487999
ITRPO,DefaultReward,ITRPO-DefaultReward,"ITRPO-DefaultReward (0.5,0.7,0.5,0.6) - 9",1385.3191715487999
ITRPO,RewardHard,ITRPO-RewardHard,"ITRPO-RewardHardMax (0.5,0.7,0.5,0.6) - 1",-29.88163022314651
ITRPO,RewardHard,ITRPO-RewardHard,"ITRPO-RewardHardMax (0.5,0.7,0.5,0.6) - 10",-29.88163022314651
ITRPO,RewardHard,ITRPO-RewardHard,"ITRPO-RewardHardMax (0.5,0.7,0.5,0.6) - 11",-29.88163022314651
ITRPO,RewardHard,ITRPO-RewardHard,"ITRPO-RewardHardMax (0.5,0.7,0.5,0.6) - 12",-29.88163022314651
ITRPO,RewardHard,ITRPO-RewardHard,"ITRPO-RewardHardMax (0.5,0.7,0.5,0.6) - 13",-29.88163022314651
ITRPO,RewardHard,ITRPO-RewardHard,"ITRPO-RewardHardMax (0.5,0.7,0.5,0.6) - 14",-29.88163022314651
ITRPO,RewardHard,ITRPO-RewardHard,"ITRPO-RewardHardMax (0.5,0.7,0.5,0.6) - 15",-29.88163022314651
ITRPO,RewardHard,ITRPO-RewardHard,"ITRPO-RewardHardMax (0.5,0.7,0.5,0.6) - 16",-29.88163022314651
ITRPO,RewardHard,ITRPO-RewardHard,"ITRPO-RewardHardMax (0.5,0.7,0.5,0.6) - 17",-29.88163022314651
ITRPO,RewardHard,ITRPO-RewardHard,"ITRPO-RewardHardMax (0.5,0.7,0.5,0.6) - 18",-29.88163022314651
ITRPO,RewardHard,ITRPO-RewardHard,"ITRPO-RewardHardMax (0.5,0.7,0.5,0.6) - 19",-29.88163022314651
ITRPO,RewardHard,ITRPO-RewardHard,"ITRPO-RewardHardMax (0.5,0.7,0.5,0.6) - 2",-29.88163022314651
ITRPO,RewardHard,ITRPO-RewardHard,"ITRPO-RewardHardMax (0.5,0.7,0.5,0.6) - 20",-29.88163022314651
ITRPO,RewardHard,ITRPO-RewardHard,"ITRPO-RewardHardMax (0.5,0.7,0.5,0.6) - 21",-29.88163022314651
ITRPO,RewardHard,ITRPO-RewardHard,"ITRPO-RewardHardMax (0.5,0.7,0.5,0.6) - 22",-29.88163022314651
ITRPO,RewardHard,ITRPO-RewardHard,"ITRPO-RewardHardMax (0.5,0.7,0.5,0.6) - 23",-29.88163022314651
ITRPO,RewardHard,ITRPO-RewardHard,"ITRPO-RewardHardMax (0.5,0.7,0.5,0.6) - 24",-29.88163022314651
ITRPO,RewardHard,ITRPO-RewardHard,"ITRPO-RewardHardMax (0.5,0.7,0.5,0.6) - 25",-29.88163022314651
ITRPO,RewardHard,ITRPO-RewardHard,"ITRPO-RewardHardMax (0.5,0.7,0.5,0.6) - 3",-29.88163022314651
ITRPO,RewardHard,ITRPO-RewardHard,"ITRPO-RewardHardMax (0.5,0.7,0.5,0.6) - 4",-29.88163022314651
ITRPO,RewardHard,ITRPO-RewardHard,"ITRPO-RewardHardMax (0.5,0.7,0.5,0.6) - 5",-29.88163022314651
ITRPO,RewardHard,ITRPO-RewardHard,"ITRPO-RewardHardMax (0.5,0.7,0.5,0.6) - 6",-29.88163022314651
ITRPO,RewardHard,ITRPO-RewardHard,"ITRPO-RewardHardMax (0.5,0.7,0.5,0.6) - 7",-29.88163022314651
ITRPO,RewardHard,ITRPO-RewardHard,"ITRPO-RewardHardMax (0.5,0.7,0.5,0.6) - 8",-29.88163022314651
ITRPO,RewardHard,ITRPO-RewardHard,"ITRPO-RewardHardMax (0.5,0.7,0.5,0.6) - 9",-29.88163022314651
ITRPO,RewardLowerQuantile,ITRPO-RewardLowerQuantile,"ITRPO-RewardLowerQuantile (0.5,0.7,0.5,0.6) - 1",7.814926145391549
ITRPO,RewardLowerQuantile,ITRPO-RewardLowerQuantile,"ITRPO-RewardLowerQuantile (0.5,0.7,0.5,0.6) - 10",7.814926145391549
ITRPO,RewardLowerQuantile,ITRPO-RewardLowerQuantile,"ITRPO-RewardLowerQuantile (0.5,0.7,0.5,0.6) - 11",7.814926145391549
ITRPO,RewardLowerQuantile,ITRPO-RewardLowerQuantile,"ITRPO-RewardLowerQuantile (0.5,0.7,0.5,0.6) - 12",7.814926145391549
ITRPO,RewardLowerQuantile,ITRPO-RewardLowerQuantile,"ITRPO-RewardLowerQuantile (0.5,0.7,0.5,0.6) - 13",7.814926145391549
ITRPO,RewardLowerQuantile,ITRPO-RewardLowerQuantile,"ITRPO-RewardLowerQuantile (0.5,0.7,0.5,0.6) - 14",7.814926145391549
ITRPO,RewardLowerQuantile,ITRPO-RewardLowerQuantile,"ITRPO-RewardLowerQuantile (0.5,0.7,0.5,0.6) - 15",7.814926145391549
ITRPO,RewardLowerQuantile,ITRPO-RewardLowerQuantile,"ITRPO-RewardLowerQuantile (0.5,0.7,0.5,0.6) - 16",7.814926145391549
ITRPO,RewardLowerQuantile,ITRPO-RewardLowerQuantile,"ITRPO-RewardLowerQuantile (0.5,0.7,0.5,0.6) - 17",7.814926145391549
ITRPO,RewardLowerQuantile,ITRPO-RewardLowerQuantile,"ITRPO-RewardLowerQuantile (0.5,0.7,0.5,0.6) - 18",7.814926145391549
ITRPO,RewardLowerQuantile,ITRPO-RewardLowerQuantile,"ITRPO-RewardLowerQuantile (0.5,0.7,0.5,0.6) - 19",7.814926145391549
ITRPO,RewardLowerQuantile,ITRPO-RewardLowerQuantile,"ITRPO-RewardLowerQuantile (0.5,0.7,0.5,0.6) - 2",7.814926145391549
ITRPO,RewardLowerQuantile,ITRPO-RewardLowerQuantile,"ITRPO-RewardLowerQuantile (0.5,0.7,0.5,0.6) - 20",7.814926145391549
ITRPO,RewardLowerQuantile,ITRPO-RewardLowerQuantile,"ITRPO-RewardLowerQuantile (0.5,0.7,0.5,0.6) - 21",7.814926145391549
ITRPO,RewardLowerQuantile,ITRPO-RewardLowerQuantile,"ITRPO-RewardLowerQuantile (0.5,0.7,0.5,0.6) - 22",7.814926145391549
ITRPO,RewardLowerQuantile,ITRPO-RewardLowerQuantile,"ITRPO-RewardLowerQuantile (0.5,0.7,0.5,0.6) - 23",7.814926145391549
ITRPO,RewardLowerQuantile,ITRPO-RewardLowerQuantile,"ITRPO-RewardLowerQuantile (0.5,0.7,0.5,0.6) - 24",7.814926145391549
ITRPO,RewardLowerQuantile,ITRPO-RewardLowerQuantile,"ITRPO-RewardLowerQuantile (0.5,0.7,0.5,0.6) - 25",7.814926145391549
ITRPO,RewardLowerQuantile,ITRPO-RewardLowerQuantile,"ITRPO-RewardLowerQuantile (0.5,0.7,0.5,0.6) - 3",7.814926145391549
ITRPO,RewardLowerQuantile,ITRPO-RewardLowerQuantile,"ITRPO-RewardLowerQuantile (0.5,0.7,0.5,0.6) - 4",7.814926145391549
ITRPO,RewardLowerQuantile,ITRPO-RewardLowerQuantile,"ITRPO-RewardLowerQuantile (0.5,0.7,0.5,0.6) - 5",7.814926145391549
ITRPO,RewardLowerQuantile,ITRPO-RewardLowerQuantile,"ITRPO-RewardLowerQuantile (0.5,0.7,0.5,0.6) - 6",7.814926145391549
ITRPO,RewardLowerQuantile,ITRPO-RewardLowerQuantile,"ITRPO-RewardLowerQuantile (0.5,0.7,0.5,0.6) - 7",7.814926145391549
ITRPO,RewardLowerQuantile,ITRPO-RewardLowerQuantile,"ITRPO-RewardLowerQuantile (0.5,0.7,0.5,0.6) - 8",7.814926145391549
ITRPO,RewardLowerQuantile,ITRPO-RewardLowerQuantile,"ITRPO-RewardLowerQuantile (0.5,0.7,0.5,0.6) - 9",7.814926145391549
ITRPO,RewardMaxMedian,ITRPO-RewardMaxMedian,"ITRPO-RewardMaxMedian (0.5,0.7,0.5,0.6) - 1",1969.567500221693
ITRPO,RewardMaxMedian,ITRPO-RewardMaxMedian,"ITRPO-RewardMaxMedian (0.5,0.7,0.5,0.6) - 10",2029.5505071880168
ITRPO,RewardMaxMedian,ITRPO-RewardMaxMedian,"ITRPO-RewardMaxMedian (0.5,0.7,0.5,0.6) - 11",1969.567500221693
ITRPO,RewardMaxMedian,ITRPO-RewardMaxMedian,"ITRPO-RewardMaxMedian (0.5,0.7,0.5,0.6) - 12",1969.567500221693
ITRPO,RewardMaxMedian,ITRPO-RewardMaxMedian,"ITRPO-RewardMaxMedian (0.5,0.7,0.5,0.6) - 13",1786.9257680102817
ITRPO,RewardMaxMedian,ITRPO-RewardMaxMedian,"ITRPO-RewardMaxMedian (0.5,0.7,0.5,0.6) - 14",1969.567500221693
ITRPO,RewardMaxMedian,ITRPO-RewardMaxMedian,"ITRPO-RewardMaxMedian (0.5,0.7,0.5,0.6) - 15",1969.567500221693
ITRPO,RewardMaxMedian,ITRPO-RewardMaxMedian,"ITRPO-RewardMaxMedian (0.5,0.7,0.5,0.6) - 16",1969.567500221693
ITRPO,RewardMaxMedian,ITRPO-RewardMaxMedian,"ITRPO-RewardMaxMedian (0.5,0.7,0.5,0.6) - 17",2029.5505071880168
ITRPO,RewardMaxMedian,ITRPO-RewardMaxMedian,"ITRPO-RewardMaxMedian (0.5,0.7,0.5,0.6) - 18",1969.567500221693
ITRPO,RewardMaxMedian,ITRPO-RewardMaxMedian,"ITRPO-RewardMaxMedian (0.5,0.7,0.5,0.6) - 19",2029.5505071880168
ITRPO,RewardMaxMedian,ITRPO-RewardMaxMedian,"ITRPO-RewardMaxMedian (0.5,0.7,0.5,0.6) - 2",2029.5505071880168
ITRPO,RewardMaxMedian,ITRPO-RewardMaxMedian,"ITRPO-RewardMaxMedian (0.5,0.7,0.5,0.6) - 20",1969.567500221693
ITRPO,RewardMaxMedian,ITRPO-RewardMaxMedian,"ITRPO-RewardMaxMedian (0.5,0.7,0.5,0.6) - 21",1969.567500221693
ITRPO,RewardMaxMedian,ITRPO-RewardMaxMedian,"ITRPO-RewardMaxMedian (0.5,0.7,0.5,0.6) - 22",1969.567500221693
ITRPO,RewardMaxMedian,ITRPO-RewardMaxMedian,"ITRPO-RewardMaxMedian (0.5,0.7,0.5,0.6) - 23",2029.5505071880168
ITRPO,RewardMaxMedian,ITRPO-RewardMaxMedian,"ITRPO-RewardMaxMedian (0.5,0.7,0.5,0.6) - 24",1969.567500221693
ITRPO,RewardMaxMedian,ITRPO-RewardMaxMedian,"ITRPO-RewardMaxMedian (0.5,0.7,0.5,0.6) - 25",1969.567500221693
ITRPO,RewardMaxMedian,ITRPO-RewardMaxMedian,"ITRPO-RewardMaxMedian (0.5,0.7,0.5,0.6) - 3",1969.567500221693
ITRPO,RewardMaxMedian,ITRPO-RewardMaxMedian,"ITRPO-RewardMaxMedian (0.5,0.7,0.5,0.6) - 4",1969.567500221693
ITRPO,RewardMaxMedian,ITRPO-RewardMaxMedian,"ITRPO-RewardMaxMedian (0.5,0.7,0.5,0.6) - 5",2029.5505071880168
ITRPO,RewardMaxMedian,ITRPO-RewardMaxMedian,"ITRPO-RewardMaxMedian (0.5,0.7,0.5,0.6) - 6",1969.567500221693
ITRPO,RewardMaxMedian,ITRPO-RewardMaxMedian,"ITRPO-RewardMaxMedian (0.5,0.7,0.5,0.6) - 7",1969.567500221693
ITRPO,RewardMaxMedian,ITRPO-RewardMaxMedian,"ITRPO-RewardMaxMedian (0.5,0.7,0.5,0.6) - 8",2029.5505071880168
ITRPO,RewardMaxMedian,ITRPO-RewardMaxMedian,"ITRPO-RewardMaxMedian (0.5,0.7,0.5,0.6) - 9",1969.567500221693
MAA2C,DefaultReward,MAA2C-DefaultReward,"MAA2C-DefaultReward (0.5,0.7,0.5,0.6) - 1",1447.441365576625
MAA2C,DefaultReward,MAA2C-DefaultReward,"MAA2C-DefaultReward (0.5,0.7,0.5,0.6) - 10",1451.0028992146563
MAA2C,DefaultReward,MAA2C-DefaultReward,"MAA2C-DefaultReward (0.5,0.7,0.5,0.6) - 11",1451.1746716002058
MAA2C,DefaultReward,MAA2C-DefaultReward,"MAA2C-DefaultReward (0.5,0.7,0.5,0.6) - 12",1445.3746490014044
MAA2C,DefaultReward,MAA2C-DefaultReward,"MAA2C-DefaultReward (0.5,0.7,0.5,0.6) - 13",1439.4580881633503
MAA2C,DefaultReward,MAA2C-DefaultReward,"MAA2C-DefaultReward (0.5,0.7,0.5,0.6) - 14",1451.0149687201697
MAA2C,DefaultReward,MAA2C-DefaultReward,"MAA2C-DefaultReward (0.5,0.7,0.5,0.6) - 15",1445.8566128482114
MAA2C,DefaultReward,MAA2C-DefaultReward,"MAA2C-DefaultReward (0.5,0.7,0.5,0.6) - 16",1450.9798033781328
MAA2C,DefaultReward,MAA2C-DefaultReward,"MAA2C-DefaultReward (0.5,0.7,0.5,0.6) - 17",1439.4804399269044
MAA2C,DefaultReward,MAA2C-DefaultReward,"MAA2C-DefaultReward (0.5,0.7,0.5,0.6) - 18",1451.1746716002058
MAA2C,DefaultReward,MAA2C-DefaultReward,"MAA2C-DefaultReward (0.5,0.7,0.5,0.6) - 19",1451.0149687201697
MAA2C,DefaultReward,MAA2C-DefaultReward,"MAA2C-DefaultReward (0.5,0.7,0.5,0.6) - 2",1451.1746716002058
MAA2C,DefaultReward,MAA2C-DefaultReward,"MAA2C-DefaultReward (0.5,0.7,0.5,0.6) - 20",1439.140276204541
MAA2C,DefaultReward,MAA2C-DefaultReward,"MAA2C-DefaultReward (0.5,0.7,0.5,0.6) - 21",1451.1746716002058
MAA2C,DefaultReward,MAA2C-DefaultReward,"MAA2C-DefaultReward (0.5,0.7,0.5,0.6) - 22",1441.657333074415
MAA2C,DefaultReward,MAA2C-DefaultReward,"MAA2C-DefaultReward (0.5,0.7,0.5,0.6) - 23",1447.358978299732
MAA2C,DefaultReward,MAA2C-DefaultReward,"MAA2C-DefaultReward (0.5,0.7,0.5,0.6) - 24",1451.0149687201697
MAA2C,DefaultReward,MAA2C-DefaultReward,"MAA2C-DefaultReward (0.5,0.7,0.5,0.6) - 25",1448.4654042680752
MAA2C,DefaultReward,MAA2C-DefaultReward,"MAA2C-DefaultReward (0.5,0.7,0.5,0.6) - 3",1442.3184446192531
MAA2C,DefaultReward,MAA2C-DefaultReward,"MAA2C-DefaultReward (0.5,0.7,0.5,0.6) - 4",1447.5593533709764
MAA2C,DefaultReward,MAA2C-DefaultReward,"MAA2C-DefaultReward (0.5,0.7,0.5,0.6) - 5",1448.4456619547316
MAA2C,DefaultReward,MAA2C-DefaultReward,"MAA2C-DefaultReward (0.5,0.7,0.5,0.6) - 6",1451.1811181695043
MAA2C,DefaultReward,MAA2C-DefaultReward,"MAA2C-DefaultReward (0.5,0.7,0.5,0.6) - 7",1441.9096076805254
MAA2C,DefaultReward,MAA2C-DefaultReward,"MAA2C-DefaultReward (0.5,0.7,0.5,0.6) - 8",1450.4641439502861
MAA2C,DefaultReward,MAA2C-DefaultReward,"MAA2C-DefaultReward (0.5,0.7,0.5,0.6) - 9",1447.53145915837
MAA2C,RewardHard,MAA2C-RewardHard,"MAA2C-RewardHardMax (0.5,0.7,0.5,0.6) - 1",-39.205164067958556
MAA2C,RewardHard,MAA2C-RewardHard,"MAA2C-RewardHardMax (0.5,0.7,0.5,0.6) - 10",-38.93370953004441
MAA2C,RewardHard,MAA2C-RewardHard,"MAA2C-RewardHardMax (0.5,0.7,0.5,0.6) - 11",-38.42706693735784
MAA2C,RewardHard,MAA2C-RewardHard,"MAA2C-RewardHardMax (0.5,0.7,0.5,0.6) - 12",-39.93053747664245
MAA2C,RewardHard,MAA2C-RewardHard,"MAA2C-RewardHardMax (0.5,0.7,0.5,0.6) - 13",-39.447891333943396
MAA2C,RewardHard,MAA2C-RewardHard,"MAA2C-RewardHardMax (0.5,0.7,0.5,0.6) - 14",-38.20447385658788
MAA2C,RewardHard,MAA2C-RewardHard,"MAA2C-RewardHardMax (0.5,0.7,0.5,0.6) - 15",-38.140746585630815
MAA2C,RewardHard,MAA2C-RewardHard,"MAA2C-RewardHardMax (0.5,0.7,0.5,0.6) - 16",-38.79919826776301
MAA2C,RewardHard,MAA2C-RewardHard,"MAA2C-RewardHardMax (0.5,0.7,0.5,0.6) - 17",-39.19124165264697
MAA2C,RewardHard,MAA2C-RewardHard,"MAA2C-RewardHardMax (0.5,0.7,0.5,0.6) - 18",-42.45814946697399
MAA2C,RewardHard,MAA2C-RewardHard,"MAA2C-RewardHardMax (0.5,0.7,0.5,0.6) - 19",-39.262529979972136
MAA2C,RewardHard,MAA2C-RewardHard,"MAA2C-RewardHardMax (0.5,0.7,0.5,0.6) - 2",-38.19049181242208
MAA2C,RewardHard,MAA2C-RewardHard,"MAA2C-RewardHardMax (0.5,0.7,0.5,0.6) - 20",-38.96998453355293
MAA2C,RewardHard,MAA2C-RewardHard,"MAA2C-RewardHardMax (0.5,0.7,0.5,0.6) - 21",-39.04145706852806
MAA2C,RewardHard,MAA2C-RewardHard,"MAA2C-RewardHardMax (0.5,0.7,0.5,0.6) - 22",-38.90503795689337
MAA2C,RewardHard,MAA2C-RewardHard,"MAA2C-RewardHardMax (0.5,0.7,0.5,0.6) - 23",-38.18274658446415
MAA2C,RewardHard,MAA2C-RewardHard,"MAA2C-RewardHardMax (0.5,0.7,0.5,0.6) - 24",-38.814353320564
MAA2C,RewardHard,MAA2C-RewardHard,"MAA2C-RewardHardMax (0.5,0.7,0.5,0.6) - 25",-38.65234641999038
MAA2C,RewardHard,MAA2C-RewardHard,"MAA2C-RewardHardMax (0.5,0.7,0.5,0.6) - 3",-37.115934223025704
MAA2C,RewardHard,MAA2C-RewardHard,"MAA2C-RewardHardMax (0.5,0.7,0.5,0.6) - 4",-37.258116037258034
MAA2C,RewardHard,MAA2C-RewardHard,"MAA2C-RewardHardMax (0.5,0.7,0.5,0.6) - 5",-37.17955213334671
MAA2C,RewardHard,MAA2C-RewardHard,"MAA2C-RewardHardMax (0.5,0.7,0.5,0.6) - 6",-37.25293421922015
MAA2C,RewardHard,MAA2C-RewardHard,"MAA2C-RewardHardMax (0.5,0.7,0.5,0.6) - 7",-38.51676453063167
MAA2C,RewardHard,MAA2C-RewardHard,"MAA2C-RewardHardMax (0.5,0.7,0.5,0.6) - 8",-38.45483449625978
MAA2C,RewardHard,MAA2C-RewardHard,"MAA2C-RewardHardMax (0.5,0.7,0.5,0.6) - 9",-38.519764530548336
MAA2C,RewardLowerQuantile,MAA2C-RewardLowerQuantile,"MAA2C-RewardLowerQuantile (0.5,0.7,0.5,0.6) - 1",7.169778023796233
MAA2C,RewardLowerQuantile,MAA2C-RewardLowerQuantile,"MAA2C-RewardLowerQuantile (0.5,0.7,0.5,0.6) - 10",7.169664194237482
MAA2C,RewardLowerQuantile,MAA2C-RewardLowerQuantile,"MAA2C-RewardLowerQuantile (0.5,0.7,0.5,0.6) - 11",7.170100522034627
MAA2C,RewardLowerQuantile,MAA2C-RewardLowerQuantile,"MAA2C-RewardLowerQuantile (0.5,0.7,0.5,0.6) - 12",7.166627347169966
MAA2C,RewardLowerQuantile,MAA2C-RewardLowerQuantile,"MAA2C-RewardLowerQuantile (0.5,0.7,0.5,0.6) - 13",7.154240946741461
MAA2C,RewardLowerQuantile,MAA2C-RewardLowerQuantile,"MAA2C-RewardLowerQuantile (0.5,0.7,0.5,0.6) - 14",7.147387061661435
MAA2C,RewardLowerQuantile,MAA2C-RewardLowerQuantile,"MAA2C-RewardLowerQuantile (0.5,0.7,0.5,0.6) - 15",7.15199765694874
MAA2C,RewardLowerQuantile,MAA2C-RewardLowerQuantile,"MAA2C-RewardLowerQuantile (0.5,0.7,0.5,0.6) - 16",7.161073937821529
MAA2C,RewardLowerQuantile,MAA2C-RewardLowerQuantile,"MAA2C-RewardLowerQuantile (0.5,0.7,0.5,0.6) - 17",7.167338330428196
MAA2C,RewardLowerQuantile,MAA2C-RewardLowerQuantile,"MAA2C-RewardLowerQuantile (0.5,0.7,0.5,0.6) - 18",7.161321698832084
MAA2C,RewardLowerQuantile,MAA2C-RewardLowerQuantile,"MAA2C-RewardLowerQuantile (0.5,0.7,0.5,0.6) - 19",7.164796405856471
MAA2C,RewardLowerQuantile,MAA2C-RewardLowerQuantile,"MAA2C-RewardLowerQuantile (0.5,0.7,0.5,0.6) - 2",7.166103068674858
MAA2C,RewardLowerQuantile,MAA2C-RewardLowerQuantile,"MAA2C-RewardLowerQuantile (0.5,0.7,0.5,0.6) - 20",7.151238773300256
MAA2C,RewardLowerQuantile,MAA2C-RewardLowerQuantile,"MAA2C-RewardLowerQuantile (0.5,0.7,0.5,0.6) - 21",7.16111348485405
MAA2C,RewardLowerQuantile,MAA2C-RewardLowerQuantile,"MAA2C-RewardLowerQuantile (0.5,0.7,0.5,0.6) - 22",7.150293006577592
MAA2C,RewardLowerQuantile,MAA2C-RewardLowerQuantile,"MAA2C-RewardLowerQuantile (0.5,0.7,0.5,0.6) - 23",7.143874751489303
MAA2C,RewardLowerQuantile,MAA2C-RewardLowerQuantile,"MAA2C-RewardLowerQuantile (0.5,0.7,0.5,0.6) - 24",7.1757139585329535
MAA2C,RewardLowerQuantile,MAA2C-RewardLowerQuantile,"MAA2C-RewardLowerQuantile (0.5,0.7,0.5,0.6) - 25",7.187471504801526
MAA2C,RewardLowerQuantile,MAA2C-RewardLowerQuantile,"MAA2C-RewardLowerQuantile (0.5,0.7,0.5,0.6) - 3",7.1585819306966645
MAA2C,RewardLowerQuantile,MAA2C-RewardLowerQuantile,"MAA2C-RewardLowerQuantile (0.5,0.7,0.5,0.6) - 4",7.146288548862065
MAA2C,RewardLowerQuantile,MAA2C-RewardLowerQuantile,"MAA2C-RewardLowerQuantile (0.5,0.7,0.5,0.6) - 5",7.157324809009205
MAA2C,RewardLowerQuantile,MAA2C-RewardLowerQuantile,"MAA2C-RewardLowerQuantile (0.5,0.7,0.5,0.6) - 6",7.179649186054238
MAA2C,RewardLowerQuantile,MAA2C-RewardLowerQuantile,"MAA2C-RewardLowerQuantile (0.5,0.7,0.5,0.6) - 7",7.166127420483637
MAA2C,RewardLowerQuantile,MAA2C-RewardLowerQuantile,"MAA2C-RewardLowerQuantile (0.5,0.7,0.5,0.6) - 8",7.17293998626934
MAA2C,RewardLowerQuantile,MAA2C-RewardLowerQuantile,"MAA2C-RewardLowerQuantile (0.5,0.7,0.5,0.6) - 9",7.160981629459714
MAA2C,RewardMaxMedian,MAA2C-RewardMaxMedian,"MAA2C-RewardMaxMedian (0.5,0.7,0.5,0.6) - 1",2113.1785422051003
MAA2C,RewardMaxMedian,MAA2C-RewardMaxMedian,"MAA2C-RewardMaxMedian (0.5,0.7,0.5,0.6) - 10",2143.7078875518514
MAA2C,RewardMaxMedian,MAA2C-RewardMaxMedian,"MAA2C-RewardMaxMedian (0.5,0.7,0.5,0.6) - 11",2116.911032981666
MAA2C,RewardMaxMedian,MAA2C-RewardMaxMedian,"MAA2C-RewardMaxMedian (0.5,0.7,0.5,0.6) - 12",2122.6398777959407
MAA2C,RewardMaxMedian,MAA2C-RewardMaxMedian,"MAA2C-RewardMaxMedian (0.5,0.7,0.5,0.6) - 13",2131.030219310579
MAA2C,RewardMaxMedian,MAA2C-RewardMaxMedian,"MAA2C-RewardMaxMedian (0.5,0.7,0.5,0.6) - 14",2104.502116712981
MAA2C,RewardMaxMedian,MAA2C-RewardMaxMedian,"MAA2C-RewardMaxMedian (0.5,0.7,0.5,0.6) - 15",2116.881551186617
MAA2C,RewardMaxMedian,MAA2C-RewardMaxMedian,"MAA2C-RewardMaxMedian (0.5,0.7,0.5,0.6) - 16",2116.9913667220135
MAA2C,RewardMaxMedian,MAA2C-RewardMaxMedian,"MAA2C-RewardMaxMedian (0.5,0.7,0.5,0.6) - 17",2133.8265620629018
MAA2C,RewardMaxMedian,MAA2C-RewardMaxMedian,"MAA2C-RewardMaxMedian (0.5,0.7,0.5,0.6) - 18",2115.027569099219
MAA2C,RewardMaxMedian,MAA2C-RewardMaxMedian,"MAA2C-RewardMaxMedian (0.5,0.7,0.5,0.6) - 19",2141.9170835798136
MAA2C,RewardMaxMedian,MAA2C-RewardMaxMedian,"MAA2C-RewardMaxMedian (0.5,0.7,0.5,0.6) - 2",2145.2263211211816
MAA2C,RewardMaxMedian,MAA2C-RewardMaxMedian,"MAA2C-RewardMaxMedian (0.5,0.7,0.5,0.6) - 20",2119.8792356991885
MAA2C,RewardMaxMedian,MAA2C-RewardMaxMedian,"MAA2C-RewardMaxMedian (0.5,0.7,0.5,0.6) - 21",2092.43556206365
MAA2C,RewardMaxMedian,MAA2C-RewardMaxMedian,"MAA2C-RewardMaxMedian (0.5,0.7,0.5,0.6) - 22",2102.8614609101387
MAA2C,RewardMaxMedian,MAA2C-RewardMaxMedian,"MAA2C-RewardMaxMedian (0.5,0.7,0.5,0.6) - 23",2136.221136090427
MAA2C,RewardMaxMedian,MAA2C-RewardMaxMedian,"MAA2C-RewardMaxMedian (0.5,0.7,0.5,0.6) - 24",2125.702194294021
MAA2C,RewardMaxMedian,MAA2C-RewardMaxMedian,"MAA2C-RewardMaxMedian (0.5,0.7,0.5,0.6) - 25",2116.323829584872
MAA2C,RewardMaxMedian,MAA2C-RewardMaxMedian,"MAA2C-RewardMaxMedian (0.5,0.7,0.5,0.6) - 3",2104.072635991027
MAA2C,RewardMaxMedian,MAA2C-RewardMaxMedian,"MAA2C-RewardMaxMedian (0.5,0.7,0.5,0.6) - 4",2083.6437339556405
MAA2C,RewardMaxMedian,MAA2C-RewardMaxMedian,"MAA2C-RewardMaxMedian (0.5,0.7,0.5,0.6) - 5",2137.9842790210546
MAA2C,RewardMaxMedian,MAA2C-RewardMaxMedian,"MAA2C-RewardMaxMedian (0.5,0.7,0.5,0.6) - 6",2104.5202220092815
MAA2C,RewardMaxMedian,MAA2C-RewardMaxMedian,"MAA2C-RewardMaxMedian (0.5,0.7,0.5,0.6) - 7",2113.2363430606915
MAA2C,RewardMaxMedian,MAA2C-RewardMaxMedian,"MAA2C-RewardMaxMedian (0.5,0.7,0.5,0.6) - 8",2138.971280301038
MAA2C,RewardMaxMedian,MAA2C-RewardMaxMedian,"MAA2C-RewardMaxMedian (0.5,0.7,0.5,0.6) - 9",2113.048162599689
MAPPO,DefaultReward,MAPPO-DefaultReward,"MAPPO-DefaultReward (0.5,0.7,0.5,0.6) - 1",1527.6093843023314
MAPPO,DefaultReward,MAPPO-DefaultReward,"MAPPO-DefaultReward (0.5,0.7,0.5,0.6) - 10",1527.6093843023314
MAPPO,DefaultReward,MAPPO-DefaultReward,"MAPPO-DefaultReward (0.5,0.7,0.5,0.6) - 11",1527.6093843023314
MAPPO,DefaultReward,MAPPO-DefaultReward,"MAPPO-DefaultReward (0.5,0.7,0.5,0.6) - 12",1527.6093843023314
MAPPO,DefaultReward,MAPPO-DefaultReward,"MAPPO-DefaultReward (0.5,0.7,0.5,0.6) - 13",1527.6093843023314
MAPPO,DefaultReward,MAPPO-DefaultReward,"MAPPO-DefaultReward (0.5,0.7,0.5,0.6) - 14",1527.6093843023314
MAPPO,DefaultReward,MAPPO-DefaultReward,"MAPPO-DefaultReward (0.5,0.7,0.5,0.6) - 15",1527.6093843023314
MAPPO,DefaultReward,MAPPO-DefaultReward,"MAPPO-DefaultReward (0.5,0.7,0.5,0.6) - 16",1527.6093843023314
MAPPO,DefaultReward,MAPPO-DefaultReward,"MAPPO-DefaultReward (0.5,0.7,0.5,0.6) - 17",1527.6093843023314
MAPPO,DefaultReward,MAPPO-DefaultReward,"MAPPO-DefaultReward (0.5,0.7,0.5,0.6) - 18",1527.6093843023314
MAPPO,DefaultReward,MAPPO-DefaultReward,"MAPPO-DefaultReward (0.5,0.7,0.5,0.6) - 19",1527.6093843023314
MAPPO,DefaultReward,MAPPO-DefaultReward,"MAPPO-DefaultReward (0.5,0.7,0.5,0.6) - 2",1527.6093843023314
MAPPO,DefaultReward,MAPPO-DefaultReward,"MAPPO-DefaultReward (0.5,0.7,0.5,0.6) - 20",1527.6093843023314
MAPPO,DefaultReward,MAPPO-DefaultReward,"MAPPO-DefaultReward (0.5,0.7,0.5,0.6) - 21",1527.6093843023314
MAPPO,DefaultReward,MAPPO-DefaultReward,"MAPPO-DefaultReward (0.5,0.7,0.5,0.6) - 22",1527.6093843023314
MAPPO,DefaultReward,MAPPO-DefaultReward,"MAPPO-DefaultReward (0.5,0.7,0.5,0.6) - 23",1527.6093843023314
MAPPO,DefaultReward,MAPPO-DefaultReward,"MAPPO-DefaultReward (0.5,0.7,0.5,0.6) - 24",1527.6093843023314
MAPPO,DefaultReward,MAPPO-DefaultReward,"MAPPO-DefaultReward (0.5,0.7,0.5,0.6) - 25",1527.6093843023314
MAPPO,DefaultReward,MAPPO-DefaultReward,"MAPPO-DefaultReward (0.5,0.7,0.5,0.6) - 3",1527.6093843023314
MAPPO,DefaultReward,MAPPO-DefaultReward,"MAPPO-DefaultReward (0.5,0.7,0.5,0.6) - 4",1527.6093843023314
MAPPO,DefaultReward,MAPPO-DefaultReward,"MAPPO-DefaultReward (0.5,0.7,0.5,0.6) - 5",1527.6093843023314
MAPPO,DefaultReward,MAPPO-DefaultReward,"MAPPO-DefaultReward (0.5,0.7,0.5,0.6) - 6",1527.6093843023314
MAPPO,DefaultReward,MAPPO-DefaultReward,"MAPPO-DefaultReward (0.5,0.7,0.5,0.6) - 7",1527.6093843023314
MAPPO,DefaultReward,MAPPO-DefaultReward,"MAPPO-DefaultReward (0.5,0.7,0.5,0.6) - 8",1527.6093843023314
MAPPO,DefaultReward,MAPPO-DefaultReward,"MAPPO-DefaultReward (0.5,0.7,0.5,0.6) - 9",1527.6093843023314
MAPPO,RewardHard,MAPPO-RewardHard,"MAPPO-RewardHard (0.5,0.7,0.5,0.6) - 1",-24.079517920424763
MAPPO,RewardHard,MAPPO-RewardHard,"MAPPO-RewardHard (0.5,0.7,0.5,0.6) - 10",-24.079517920424763
MAPPO,RewardHard,MAPPO-RewardHard,"MAPPO-RewardHard (0.5,0.7,0.5,0.6) - 11",-24.079517920424763
MAPPO,RewardHard,MAPPO-RewardHard,"MAPPO-RewardHard (0.5,0.7,0.5,0.6) - 12",-24.079517920424763
MAPPO,RewardHard,MAPPO-RewardHard,"MAPPO-RewardHard (0.5,0.7,0.5,0.6) - 13",-24.079517920424763
MAPPO,RewardHard,MAPPO-RewardHard,"MAPPO-RewardHard (0.5,0.7,0.5,0.6) - 14",-24.079517920424763
MAPPO,RewardHard,MAPPO-RewardHard,"MAPPO-RewardHard (0.5,0.7,0.5,0.6) - 15",-24.079517920424763
MAPPO,RewardHard,MAPPO-RewardHard,"MAPPO-RewardHard (0.5,0.7,0.5,0.6) - 16",-24.079517920424763
MAPPO,RewardHard,MAPPO-RewardHard,"MAPPO-RewardHard (0.5,0.7,0.5,0.6) - 17",-24.079517920424763
MAPPO,RewardHard,MAPPO-RewardHard,"MAPPO-RewardHard (0.5,0.7,0.5,0.6) - 18",-24.079517920424763
MAPPO,RewardHard,MAPPO-RewardHard,"MAPPO-RewardHard (0.5,0.7,0.5,0.6) - 19",-24.079517920424763
MAPPO,RewardHard,MAPPO-RewardHard,"MAPPO-RewardHard (0.5,0.7,0.5,0.6) - 2",-24.079517920424763
MAPPO,RewardHard,MAPPO-RewardHard,"MAPPO-RewardHard (0.5,0.7,0.5,0.6) - 20",-24.079517920424763
MAPPO,RewardHard,MAPPO-RewardHard,"MAPPO-RewardHard (0.5,0.7,0.5,0.6) - 21",-24.079517920424763
MAPPO,RewardHard,MAPPO-RewardHard,"MAPPO-RewardHard (0.5,0.7,0.5,0.6) - 22",-24.079517920424763
MAPPO,RewardHard,MAPPO-RewardHard,"MAPPO-RewardHard (0.5,0.7,0.5,0.6) - 23",-24.079517920424763
MAPPO,RewardHard,MAPPO-RewardHard,"MAPPO-RewardHard (0.5,0.7,0.5,0.6) - 24",-24.079517920424763
MAPPO,RewardHard,MAPPO-RewardHard,"MAPPO-RewardHard (0.5,0.7,0.5,0.6) - 25",-24.079517920424763
MAPPO,RewardHard,MAPPO-RewardHard,"MAPPO-RewardHard (0.5,0.7,0.5,0.6) - 3",-24.079517920424763
MAPPO,RewardHard,MAPPO-RewardHard,"MAPPO-RewardHard (0.5,0.7,0.5,0.6) - 4",-24.079517920424763
MAPPO,RewardHard,MAPPO-RewardHard,"MAPPO-RewardHard (0.5,0.7,0.5,0.6) - 5",-24.079517920424763
MAPPO,RewardHard,MAPPO-RewardHard,"MAPPO-RewardHard (0.5,0.7,0.5,0.6) - 6",-24.079517920424763
MAPPO,RewardHard,MAPPO-RewardHard,"MAPPO-RewardHard (0.5,0.7,0.5,0.6) - 7",-24.079517920424763
MAPPO,RewardHard,MAPPO-RewardHard,"MAPPO-RewardHard (0.5,0.7,0.5,0.6) - 8",-24.079517920424763
MAPPO,RewardHard,MAPPO-RewardHard,"MAPPO-RewardHard (0.5,0.7,0.5,0.6) - 9",-24.079517920424763
MAPPO,RewardLowerQuantile,MAPPO-RewardLowerQuantile,"MAPPO-RewardLowerQuantile (0.5,0.7,0.5,0.6) - 1",7.363988447583175
MAPPO,RewardLowerQuantile,MAPPO-RewardLowerQuantile,"MAPPO-RewardLowerQuantile (0.5,0.7,0.5,0.6) - 10",7.363988447583175
MAPPO,RewardLowerQuantile,MAPPO-RewardLowerQuantile,"MAPPO-RewardLowerQuantile (0.5,0.7,0.5,0.6) - 11",7.363988447583175
MAPPO,RewardLowerQuantile,MAPPO-RewardLowerQuantile,"MAPPO-RewardLowerQuantile (0.5,0.7,0.5,0.6) - 12",7.363988447583175
MAPPO,RewardLowerQuantile,MAPPO-RewardLowerQuantile,"MAPPO-RewardLowerQuantile (0.5,0.7,0.5,0.6) - 13",7.363988447583175
MAPPO,RewardLowerQuantile,MAPPO-RewardLowerQuantile,"MAPPO-RewardLowerQuantile (0.5,0.7,0.5,0.6) - 14",7.363988447583175
MAPPO,RewardLowerQuantile,MAPPO-RewardLowerQuantile,"MAPPO-RewardLowerQuantile (0.5,0.7,0.5,0.6) - 15",7.363988447583175
MAPPO,RewardLowerQuantile,MAPPO-RewardLowerQuantile,"MAPPO-RewardLowerQuantile (0.5,0.7,0.5,0.6) - 16",7.363988447583175
MAPPO,RewardLowerQuantile,MAPPO-RewardLowerQuantile,"MAPPO-RewardLowerQuantile (0.5,0.7,0.5,0.6) - 17",7.363988447583175
MAPPO,RewardLowerQuantile,MAPPO-RewardLowerQuantile,"MAPPO-RewardLowerQuantile (0.5,0.7,0.5,0.6) - 18",7.363988447583175
MAPPO,RewardLowerQuantile,MAPPO-RewardLowerQuantile,"MAPPO-RewardLowerQuantile (0.5,0.7,0.5,0.6) - 19",7.363988447583175
MAPPO,RewardLowerQuantile,MAPPO-RewardLowerQuantile,"MAPPO-RewardLowerQuantile (0.5,0.7,0.5,0.6) - 2",7.363988447583175
MAPPO,RewardLowerQuantile,MAPPO-RewardLowerQuantile,"MAPPO-RewardLowerQuantile (0.5,0.7,0.5,0.6) - 20",7.363988447583175
MAPPO,RewardLowerQuantile,MAPPO-RewardLowerQuantile,"MAPPO-RewardLowerQuantile (0.5,0.7,0.5,0.6) - 21",7.363988447583175
MAPPO,RewardLowerQuantile,MAPPO-RewardLowerQuantile,"MAPPO-RewardLowerQuantile (0.5,0.7,0.5,0.6) - 22",7.363988447583175
MAPPO,RewardLowerQuantile,MAPPO-RewardLowerQuantile,"MAPPO-RewardLowerQuantile (0.5,0.7,0.5,0.6) - 23",7.363988447583175
MAPPO,RewardLowerQuantile,MAPPO-RewardLowerQuantile,"MAPPO-RewardLowerQuantile (0.5,0.7,0.5,0.6) - 24",7.363988447583175
MAPPO,RewardLowerQuantile,MAPPO-RewardLowerQuantile,"MAPPO-RewardLowerQuantile (0.5,0.7,0.5,0.6) - 25",7.363988447583175
MAPPO,RewardLowerQuantile,MAPPO-RewardLowerQuantile,"MAPPO-RewardLowerQuantile (0.5,0.7,0.5,0.6) - 3",7.363988447583175
MAPPO,RewardLowerQuantile,MAPPO-RewardLowerQuantile,"MAPPO-RewardLowerQuantile (0.5,0.7,0.5,0.6) - 4",7.363988447583175
MAPPO,RewardLowerQuantile,MAPPO-RewardLowerQuantile,"MAPPO-RewardLowerQuantile (0.5,0.7,0.5,0.6) - 5",7.363988447583175
MAPPO,RewardLowerQuantile,MAPPO-RewardLowerQuantile,"MAPPO-RewardLowerQuantile (0.5,0.7,0.5,0.6) - 6",7.363988447583175
MAPPO,RewardLowerQuantile,MAPPO-RewardLowerQuantile,"MAPPO-RewardLowerQuantile (0.5,0.7,0.5,0.6) - 7",7.363988447583175
MAPPO,RewardLowerQuantile,MAPPO-RewardLowerQuantile,"MAPPO-RewardLowerQuantile (0.5,0.7,0.5,0.6) - 8",7.363988447583175
MAPPO,RewardLowerQuantile,MAPPO-RewardLowerQuantile,"MAPPO-RewardLowerQuantile (0.5,0.7,0.5,0.6) - 9",7.363988447583175
MAPPO,RewardMaxMedian,MAPPO-RewardMaxMedian,"MAPPO-RewardMaxMedian (0.5,0.7,0.5,0.6) - 1",2230.403124872519
MAPPO,RewardMaxMedian,MAPPO-RewardMaxMedian,"MAPPO-RewardMaxMedian (0.5,0.7,0.5,0.6) - 10",2230.403124872519
MAPPO,RewardMaxMedian,MAPPO-RewardMaxMedian,"MAPPO-RewardMaxMedian (0.5,0.7,0.5,0.6) - 11",2230.403124872519
MAPPO,RewardMaxMedian,MAPPO-RewardMaxMedian,"MAPPO-RewardMaxMedian (0.5,0.7,0.5,0.6) - 12",2230.403124872519
MAPPO,RewardMaxMedian,MAPPO-RewardMaxMedian,"MAPPO-RewardMaxMedian (0.5,0.7,0.5,0.6) - 13",2230.403124872519
MAPPO,RewardMaxMedian,MAPPO-RewardMaxMedian,"MAPPO-RewardMaxMedian (0.5,0.7,0.5,0.6) - 14",2230.403124872519
MAPPO,RewardMaxMedian,MAPPO-RewardMaxMedian,"MAPPO-RewardMaxMedian (0.5,0.7,0.5,0.6) - 15",2230.403124872519
MAPPO,RewardMaxMedian,MAPPO-RewardMaxMedian,"MAPPO-RewardMaxMedian (0.5,0.7,0.5,0.6) - 16",2230.403124872519
MAPPO,RewardMaxMedian,MAPPO-RewardMaxMedian,"MAPPO-RewardMaxMedian (0.5,0.7,0.5,0.6) - 17",2230.403124872519
MAPPO,RewardMaxMedian,MAPPO-RewardMaxMedian,"MAPPO-RewardMaxMedian (0.5,0.7,0.5,0.6) - 18",2230.403124872519
MAPPO,RewardMaxMedian,MAPPO-RewardMaxMedian,"MAPPO-RewardMaxMedian (0.5,0.7,0.5,0.6) - 19",2230.403124872519
MAPPO,RewardMaxMedian,MAPPO-RewardMaxMedian,"MAPPO-RewardMaxMedian (0.5,0.7,0.5,0.6) - 2",2230.403124872519
MAPPO,RewardMaxMedian,MAPPO-RewardMaxMedian,"MAPPO-RewardMaxMedian (0.5,0.7,0.5,0.6) - 20",2230.403124872519
MAPPO,RewardMaxMedian,MAPPO-RewardMaxMedian,"MAPPO-RewardMaxMedian (0.5,0.7,0.5,0.6) - 21",2230.403124872519
MAPPO,RewardMaxMedian,MAPPO-RewardMaxMedian,"MAPPO-RewardMaxMedian (0.5,0.7,0.5,0.6) - 22",2230.403124872519
MAPPO,RewardMaxMedian,MAPPO-RewardMaxMedian,"MAPPO-RewardMaxMedian (0.5,0.7,0.5,0.6) - 23",2230.403124872519
MAPPO,RewardMaxMedian,MAPPO-RewardMaxMedian,"MAPPO-RewardMaxMedian (0.5,0.7,0.5,0.6) - 24",2230.403124872519
MAPPO,RewardMaxMedian,MAPPO-RewardMaxMedian,"MAPPO-RewardMaxMedian (0.5,0.7,0.5,0.6) - 25",2230.403124872519
MAPPO,RewardMaxMedian,MAPPO-RewardMaxMedian,"MAPPO-RewardMaxMedian (0.5,0.7,0.5,0.6) - 3",2230.403124872519
MAPPO,RewardMaxMedian,MAPPO-RewardMaxMedian,"MAPPO-RewardMaxMedian (0.5,0.7,0.5,0.6) - 4",2230.403124872519
MAPPO,RewardMaxMedian,MAPPO-RewardMaxMedian,"MAPPO-RewardMaxMedian (0.5,0.7,0.5,0.6) - 5",2230.403124872519
MAPPO,RewardMaxMedian,MAPPO-RewardMaxMedian,"MAPPO-RewardMaxMedian (0.5,0.7,0.5,0.6) - 6",2230.403124872519
MAPPO,RewardMaxMedian,MAPPO-RewardMaxMedian,"MAPPO-RewardMaxMedian (0.5,0.7,0.5,0.6) - 7",2230.403124872519
MAPPO,RewardMaxMedian,MAPPO-RewardMaxMedian,"MAPPO-RewardMaxMedian (0.5,0.7,0.5,0.6) - 8",2230.403124872519
MAPPO,RewardMaxMedian,MAPPO-RewardMaxMedian,"MAPPO-RewardMaxMedian (0.5,0.7,0.5,0.6) - 9",2230.403124872519
MATRPO,DefaultReward,MATRPO-DefaultReward,"MATRPO-DefaultReward (0.5,0.7,0.5,0.6) - 1",1445.151538487912
MATRPO,DefaultReward,MATRPO-DefaultReward,"MATRPO-DefaultReward (0.5,0.7,0.5,0.6) - 10",1445.151538487912
MATRPO,DefaultReward,MATRPO-DefaultReward,"MATRPO-DefaultReward (0.5,0.7,0.5,0.6) - 11",1445.151538487912
MATRPO,DefaultReward,MATRPO-DefaultReward,"MATRPO-DefaultReward (0.5,0.7,0.5,0.6) - 12",1445.151538487912
MATRPO,DefaultReward,MATRPO-DefaultReward,"MATRPO-DefaultReward (0.5,0.7,0.5,0.6) - 13",1445.151538487912
MATRPO,DefaultReward,MATRPO-DefaultReward,"MATRPO-DefaultReward (0.5,0.7,0.5,0.6) - 14",1445.151538487912
MATRPO,DefaultReward,MATRPO-DefaultReward,"MATRPO-DefaultReward (0.5,0.7,0.5,0.6) - 15",1445.151538487912
MATRPO,DefaultReward,MATRPO-DefaultReward,"MATRPO-DefaultReward (0.5,0.7,0.5,0.6) - 16",1445.151538487912
MATRPO,DefaultReward,MATRPO-DefaultReward,"MATRPO-DefaultReward (0.5,0.7,0.5,0.6) - 17",1445.151538487912
MATRPO,DefaultReward,MATRPO-DefaultReward,"MATRPO-DefaultReward (0.5,0.7,0.5,0.6) - 18",1445.151538487912
MATRPO,DefaultReward,MATRPO-DefaultReward,"MATRPO-DefaultReward (0.5,0.7,0.5,0.6) - 19",1445.151538487912
MATRPO,DefaultReward,MATRPO-DefaultReward,"MATRPO-DefaultReward (0.5,0.7,0.5,0.6) - 2",1445.151538487912
MATRPO,DefaultReward,MATRPO-DefaultReward,"MATRPO-DefaultReward (0.5,0.7,0.5,0.6) - 20",1445.151538487912
MATRPO,DefaultReward,MATRPO-DefaultReward,"MATRPO-DefaultReward (0.5,0.7,0.5,0.6) - 21",1445.151538487912
MATRPO,DefaultReward,MATRPO-DefaultReward,"MATRPO-DefaultReward (0.5,0.7,0.5,0.6) - 22",1445.151538487912
MATRPO,DefaultReward,MATRPO-DefaultReward,"MATRPO-DefaultReward (0.5,0.7,0.5,0.6) - 23",1445.151538487912
MATRPO,DefaultReward,MATRPO-DefaultReward,"MATRPO-DefaultReward (0.5,0.7,0.5,0.6) - 24",1445.151538487912
MATRPO,DefaultReward,MATRPO-DefaultReward,"MATRPO-DefaultReward (0.5,0.7,0.5,0.6) - 25",1445.151538487912
MATRPO,DefaultReward,MATRPO-DefaultReward,"MATRPO-DefaultReward (0.5,0.7,0.5,0.6) - 3",1445.151538487912
MATRPO,DefaultReward,MATRPO-DefaultReward,"MATRPO-DefaultReward (0.5,0.7,0.5,0.6) - 4",1445.151538487912
MATRPO,DefaultReward,MATRPO-DefaultReward,"MATRPO-DefaultReward (0.5,0.7,0.5,0.6) - 5",1445.151538487912
MATRPO,DefaultReward,MATRPO-DefaultReward,"MATRPO-DefaultReward (0.5,0.7,0.5,0.6) - 6",1445.151538487912
MATRPO,DefaultReward,MATRPO-DefaultReward,"MATRPO-DefaultReward (0.5,0.7,0.5,0.6) - 7",1445.151538487912
MATRPO,DefaultReward,MATRPO-DefaultReward,"MATRPO-DefaultReward (0.5,0.7,0.5,0.6) - 8",1445.151538487912
MATRPO,DefaultReward,MATRPO-DefaultReward,"MATRPO-DefaultReward (0.5,0.7,0.5,0.6) - 9",1445.151538487912
MATRPO,RewardHard,MATRPO-RewardHard,"MATRPO-RewardHard (0.5,0.7,0.5,0.6) - 1",-30.437399947396695
MATRPO,RewardHard,MATRPO-RewardHard,"MATRPO-RewardHard (0.5,0.7,0.5,0.6) - 10",-30.437399947396695
MATRPO,RewardHard,MATRPO-RewardHard,"MATRPO-RewardHard (0.5,0.7,0.5,0.6) - 11",-30.437399947396695
MATRPO,RewardHard,MATRPO-RewardHard,"MATRPO-RewardHard (0.5,0.7,0.5,0.6) - 12",-30.437399947396695
MATRPO,RewardHard,MATRPO-RewardHard,"MATRPO-RewardHard (0.5,0.7,0.5,0.6) - 13",-30.437399947396695
MATRPO,RewardHard,MATRPO-RewardHard,"MATRPO-RewardHard (0.5,0.7,0.5,0.6) - 14",-30.437399947396695
MATRPO,RewardHard,MATRPO-RewardHard,"MATRPO-RewardHard (0.5,0.7,0.5,0.6) - 15",-30.437399947396695
MATRPO,RewardHard,MATRPO-RewardHard,"MATRPO-RewardHard (0.5,0.7,0.5,0.6) - 16",-30.437399947396695
MATRPO,RewardHard,MATRPO-RewardHard,"MATRPO-RewardHard (0.5,0.7,0.5,0.6) - 17",-30.437399947396695
MATRPO,RewardHard,MATRPO-RewardHard,"MATRPO-RewardHard (0.5,0.7,0.5,0.6) - 18",-30.437399947396695
MATRPO,RewardHard,MATRPO-RewardHard,"MATRPO-RewardHard (0.5,0.7,0.5,0.6) - 19",-30.437399947396695
MATRPO,RewardHard,MATRPO-RewardHard,"MATRPO-RewardHard (0.5,0.7,0.5,0.6) - 2",-30.437399947396695
MATRPO,RewardHard,MATRPO-RewardHard,"MATRPO-RewardHard (0.5,0.7,0.5,0.6) - 20",-30.437399947396695
MATRPO,RewardHard,MATRPO-RewardHard,"MATRPO-RewardHard (0.5,0.7,0.5,0.6) - 21",-30.437399947396695
MATRPO,RewardHard,MATRPO-RewardHard,"MATRPO-RewardHard (0.5,0.7,0.5,0.6) - 22",-30.437399947396695
MATRPO,RewardHard,MATRPO-RewardHard,"MATRPO-RewardHard (0.5,0.7,0.5,0.6) - 23",-30.437399947396695
MATRPO,RewardHard,MATRPO-RewardHard,"MATRPO-RewardHard (0.5,0.7,0.5,0.6) - 24",-30.437399947396695
MATRPO,RewardHard,MATRPO-RewardHard,"MATRPO-RewardHard (0.5,0.7,0.5,0.6) - 25",-30.437399947396695
MATRPO,RewardHard,MATRPO-RewardHard,"MATRPO-RewardHard (0.5,0.7,0.5,0.6) - 3",-30.437399947396695
MATRPO,RewardHard,MATRPO-RewardHard,"MATRPO-RewardHard (0.5,0.7,0.5,0.6) - 4",-30.437399947396695
MATRPO,RewardHard,MATRPO-RewardHard,"MATRPO-RewardHard (0.5,0.7,0.5,0.6) - 5",-30.437399947396695
MATRPO,RewardHard,MATRPO-RewardHard,"MATRPO-RewardHard (0.5,0.7,0.5,0.6) - 6",-30.437399947396695
MATRPO,RewardHard,MATRPO-RewardHard,"MATRPO-RewardHard (0.5,0.7,0.5,0.6) - 7",-30.437399947396695
MATRPO,RewardHard,MATRPO-RewardHard,"MATRPO-RewardHard (0.5,0.7,0.5,0.6) - 8",-30.437399947396695
MATRPO,RewardHard,MATRPO-RewardHard,"MATRPO-RewardHard (0.5,0.7,0.5,0.6) - 9",-30.437399947396695
MATRPO,RewardLowerQuantile,MATRPO-RewardLowerQuantile,"MATRPO-RewardLowerQuantile (0.5,0.7,0.5,0.6) - 1",11.206553913383349
MATRPO,RewardLowerQuantile,MATRPO-RewardLowerQuantile,"MATRPO-RewardLowerQuantile (0.5,0.7,0.5,0.6) - 10",11.206553913383349
MATRPO,RewardLowerQuantile,MATRPO-RewardLowerQuantile,"MATRPO-RewardLowerQuantile (0.5,0.7,0.5,0.6) - 11",11.206553913383349
MATRPO,RewardLowerQuantile,MATRPO-RewardLowerQuantile,"MATRPO-RewardLowerQuantile (0.5,0.7,0.5,0.6) - 12",11.206553913383349
MATRPO,RewardLowerQuantile,MATRPO-RewardLowerQuantile,"MATRPO-RewardLowerQuantile (0.5,0.7,0.5,0.6) - 13",11.206553913383349
MATRPO,RewardLowerQuantile,MATRPO-RewardLowerQuantile,"MATRPO-RewardLowerQuantile (0.5,0.7,0.5,0.6) - 14",11.206553913383349
MATRPO,RewardLowerQuantile,MATRPO-RewardLowerQuantile,"MATRPO-RewardLowerQuantile (0.5,0.7,0.5,0.6) - 15",11.206553913383349
MATRPO,RewardLowerQuantile,MATRPO-RewardLowerQuantile,"MATRPO-RewardLowerQuantile (0.5,0.7,0.5,0.6) - 16",11.206553913383349
MATRPO,RewardLowerQuantile,MATRPO-RewardLowerQuantile,"MATRPO-RewardLowerQuantile (0.5,0.7,0.5,0.6) - 17",11.206553913383349
MATRPO,RewardLowerQuantile,MATRPO-RewardLowerQuantile,"MATRPO-RewardLowerQuantile (0.5,0.7,0.5,0.6) - 18",11.206553913383349
MATRPO,RewardLowerQuantile,MATRPO-RewardLowerQuantile,"MATRPO-RewardLowerQuantile (0.5,0.7,0.5,0.6) - 19",11.206553913383349
MATRPO,RewardLowerQuantile,MATRPO-RewardLowerQuantile,"MATRPO-RewardLowerQuantile (0.5,0.7,0.5,0.6) - 2",11.206553913383349
MATRPO,RewardLowerQuantile,MATRPO-RewardLowerQuantile,"MATRPO-RewardLowerQuantile (0.5,0.7,0.5,0.6) - 20",11.206553913383349
MATRPO,RewardLowerQuantile,MATRPO-RewardLowerQuantile,"MATRPO-RewardLowerQuantile (0.5,0.7,0.5,0.6) - 21",11.206553913383349
MATRPO,RewardLowerQuantile,MATRPO-RewardLowerQuantile,"MATRPO-RewardLowerQuantile (0.5,0.7,0.5,0.6) - 22",11.206553913383349
MATRPO,RewardLowerQuantile,MATRPO-RewardLowerQuantile,"MATRPO-RewardLowerQuantile (0.5,0.7,0.5,0.6) - 23",11.206553913383349
MATRPO,RewardLowerQuantile,MATRPO-RewardLowerQuantile,"MATRPO-RewardLowerQuantile (0.5,0.7,0.5,0.6) - 24",11.206553913383349
MATRPO,RewardLowerQuantile,MATRPO-RewardLowerQuantile,"MATRPO-RewardLowerQuantile (0.5,0.7,0.5,0.6) - 25",11.206553913383349
MATRPO,RewardLowerQuantile,MATRPO-RewardLowerQuantile,"MATRPO-RewardLowerQuantile (0.5,0.7,0.5,0.6) - 3",11.206553913383349
MATRPO,RewardLowerQuantile,MATRPO-RewardLowerQuantile,"MATRPO-RewardLowerQuantile (0.5,0.7,0.5,0.6) - 4",11.206553913383349
MATRPO,RewardLowerQuantile,MATRPO-RewardLowerQuantile,"MATRPO-RewardLowerQuantile (0.5,0.7,0.5,0.6) - 5",11.206553913383349
MATRPO,RewardLowerQuantile,MATRPO-RewardLowerQuantile,"MATRPO-RewardLowerQuantile (0.5,0.7,0.5,0.6) - 6",11.206553913383349
MATRPO,RewardLowerQuantile,MATRPO-RewardLowerQuantile,"MATRPO-RewardLowerQuantile (0.5,0.7,0.5,0.6) - 7",11.206553913383349
MATRPO,RewardLowerQuantile,MATRPO-RewardLowerQuantile,"MATRPO-RewardLowerQuantile (0.5,0.7,0.5,0.6) - 8",11.206553913383349
MATRPO,RewardLowerQuantile,MATRPO-RewardLowerQuantile,"MATRPO-RewardLowerQuantile (0.5,0.7,0.5,0.6) - 9",11.206553913383349
MATRPO,RewardMaxMedian,MATRPO-RewardMaxMedian,"MATRPO-RewardMaxMedian (0.5,0.7,0.5,0.6) - 1",2089.011197483918
MATRPO,RewardMaxMedian,MATRPO-RewardMaxMedian,"MATRPO-RewardMaxMedian (0.5,0.7,0.5,0.6) - 10",2089.011197483918
MATRPO,RewardMaxMedian,MATRPO-RewardMaxMedian,"MATRPO-RewardMaxMedian (0.5,0.7,0.5,0.6) - 11",2089.011197483918
MATRPO,RewardMaxMedian,MATRPO-RewardMaxMedian,"MATRPO-RewardMaxMedian (0.5,0.7,0.5,0.6) - 12",2089.011197483918
MATRPO,RewardMaxMedian,MATRPO-RewardMaxMedian,"MATRPO-RewardMaxMedian (0.5,0.7,0.5,0.6) - 13",2089.011197483918
MATRPO,RewardMaxMedian,MATRPO-RewardMaxMedian,"MATRPO-RewardMaxMedian (0.5,0.7,0.5,0.6) - 14",2089.011197483918
MATRPO,RewardMaxMedian,MATRPO-RewardMaxMedian,"MATRPO-RewardMaxMedian (0.5,0.7,0.5,0.6) - 15",2089.011197483918
MATRPO,RewardMaxMedian,MATRPO-RewardMaxMedian,"MATRPO-RewardMaxMedian (0.5,0.7,0.5,0.6) - 16",2089.011197483918
MATRPO,RewardMaxMedian,MATRPO-RewardMaxMedian,"MATRPO-RewardMaxMedian (0.5,0.7,0.5,0.6) - 17",2089.011197483918
MATRPO,RewardMaxMedian,MATRPO-RewardMaxMedian,"MATRPO-RewardMaxMedian (0.5,0.7,0.5,0.6) - 18",2089.011197483918
MATRPO,RewardMaxMedian,MATRPO-RewardMaxMedian,"MATRPO-RewardMaxMedian (0.5,0.7,0.5,0.6) - 19",2089.011197483918
MATRPO,RewardMaxMedian,MATRPO-RewardMaxMedian,"MATRPO-RewardMaxMedian (0.5,0.7,0.5,0.6) - 2",2089.011197483918
MATRPO,RewardMaxMedian,MATRPO-RewardMaxMedian,"MATRPO-RewardMaxMedian (0.5,0.7,0.5,0.6) - 20",2089.011197483918
MATRPO,RewardMaxMedian,MATRPO-RewardMaxMedian,"MATRPO-RewardMaxMedian (0.5,0.7,0.5,0.6) - 21",2089.011197483918
MATRPO,RewardMaxMedian,MATRPO-RewardMaxMedian,"MATRPO-RewardMaxMedian (0.5,0.7,0.5,0.6) - 22",2089.011197483918
MATRPO,RewardMaxMedian,MATRPO-RewardMaxMedian,"MATRPO-RewardMaxMedian (0.5,0.7,0.5,0.6) - 23",2089.011197483918
MATRPO,RewardMaxMedian,MATRPO-RewardMaxMedian,"MATRPO-RewardMaxMedian (0.5,0.7,0.5,0.6) - 24",2089.011197483918
MATRPO,RewardMaxMedian,MATRPO-RewardMaxMedian,"MATRPO-RewardMaxMedian (0.5,0.7,0.5,0.6) - 25",2089.011197483918
MATRPO,RewardMaxMedian,MATRPO-RewardMaxMedian,"MATRPO-RewardMaxMedian (0.5,0.7,0.5,0.6) - 3",2089.011197483918
MATRPO,RewardMaxMedian,MATRPO-RewardMaxMedian,"MATRPO-RewardMaxMedian (0.5,0.7,0.5,0.6) - 4",2089.011197483918
MATRPO,RewardMaxMedian,MATRPO-RewardMaxMedian,"MATRPO-RewardMaxMedian (0.5,0.7,0.5,0.6) - 5",2089.011197483918
MATRPO,RewardMaxMedian,MATRPO-RewardMaxMedian,"MATRPO-RewardMaxMedian (0.5,0.7,0.5,0.6) - 6",2089.011197483918
MATRPO,RewardMaxMedian,MATRPO-RewardMaxMedian,"MATRPO-RewardMaxMedian (0.5,0.7,0.5,0.6) - 7",2089.011197483918
MATRPO,RewardMaxMedian,MATRPO-RewardMaxMedian,"MATRPO-RewardMaxMedian (0.5,0.7,0.5,0.6) - 8",2089.011197483918
MATRPO,RewardMaxMedian,MATRPO-RewardMaxMedian,"MATRPO-RewardMaxMedian (0.5,0.7,0.5,0.6) - 9",2089.011197483918
