trip_label,pt_sequence,stop_id,method,n_points,mse,rmse,mae,mape_pct,wape_pct
20001_0310_1,1,44782849,timesfm,329,0.0,0.0,0.0,,
20001_0310_1,2,47567835,timesfm,329,1.7249624023805232,1.3133782404092598,0.990401998817498,59.16301555291024,47.59452668153942
20001_0310_1,3,44783952,timesfm,326,0.14838535736324232,0.385208200020771,0.2118269032471602,69.45561736008999,97.75724493250183
20001_0310_1,4,44784227,timesfm,325,1.5113346588792165,1.2293635177925268,0.7316483803739151,72.61367089329349,75.21942061433329
20001_0310_1,5,44783495,timesfm,325,0.18672482037655702,0.4321166744949297,0.25100536294142983,59.984682360443756,75.34527938805084
20001_0310_1,6,88229436,timesfm,326,0.3975072565796253,0.6304817654616391,0.46350210289373717,46.94992711662482,71.81202398266628
20001_0310_1,7,44783484,timesfm,325,0.11806435587654009,0.3436049415775915,0.22018809370168793,75.44108730264844,108.16353987748838
20001_0310_1,8,69442472,timesfm,326,0.057974908824420524,0.24077979322281287,0.11526054310181953,88.94385727707683,116.85946074223814
20001_0310_1,9,44784228,timesfm,326,0.48808349914506194,0.6986297296458703,0.47224774303215655,54.177021185942834,59.0941941226713
20001_0310_1,10,45833917,timesfm,326,0.30551197089083926,0.5527313731740213,0.34172706143816145,63.08901378210493,85.96470115915704
20001_0310_1,11,44783486,timesfm,326,0.3849215495939522,0.620420461940088,0.42993282596685445,58.12276672727461,80.33589002943111
20001_0310_1,12,44783013,timesfm,326,0.35260382901680704,0.593804537719953,0.4128423341874522,52.616975163590396,86.76258764635838
20001_0310_1,13,45833919,timesfm,326,1.7856100999884388,1.336267226264432,0.9762856771087146,55.919860510988606,46.63749403384899
20001_0310_1,14,44164980,timesfm,327,2.8690587984361526,1.6938296249729938,1.2519417895514908,57.2644677413834,40.17747127225695
20001_0310_1,15,44782829,timesfm,327,3.859948006052975,1.96467503828317,1.3868239720480158,52.450875668844475,40.35645984865336
20001_0310_1,16,44783639,timesfm,327,1.6175548091532734,1.271831281716751,0.9524770446864906,56.2363485218941,43.85742207109596
20001_0310_1,17,43787620,timesfm,327,10.890848904693387,3.300128619416732,1.7559948401210157,48.45984436154946,38.98033259222377
20001_0310_2,1,43787620,timesfm,528,0.0,0.0,0.0,,
20001_0310_2,2,44164986,timesfm,526,0.006719353483416529,0.08197166268544594,0.016027327689404316,99.24648040635431,106.3102293764117
20001_0310_2,3,120548519,timesfm,523,0.049659281703173797,0.22284362612193734,0.050740341506411595,99.57333375813899,101.12348645819382
20001_0310_2,4,44782596,timesfm,521,2.1639296876140395,1.4710301450391965,0.9149968706702416,63.990544574567686,72.728898596488
20001_0310_2,5,45833890,timesfm,521,1.8801380410927184,1.3711812575632436,0.9081979622470076,54.35008799705805,75.13355687057867
20001_0310_2,6,45833892,timesfm,520,0.44777149040726555,0.6691572987028278,0.38325838823856495,74.26994142744256,103.59626192321147
20001_0310_2,7,129107065,timesfm,521,0.30913665841720345,0.5560005921014863,0.2663732053439279,74.72870642341715,92.03722998795914
20001_0310_2,8,45833893,timesfm,520,2.019096671862559,1.420949215089181,0.9486922519920584,57.45787373261967,65.64906250270892
20001_0310_2,9,215205217,timesfm,517,0.20842952955918295,0.4565408301118126,0.20655003589706386,93.146684928622,102.10740861446122
20001_0310_2,10,45833280,timesfm,518,0.38377147536551864,0.619492917930075,0.3247797840256848,76.58062166947094,99.95509254938526
20001_0310_2,11,44783382,timesfm,518,0.11032061775113229,0.33214547678860884,0.08668405480057025,99.68385104232505,101.07107109982387
20001_0310_2,12,44782441,timesfm,517,0.201882229682625,0.4493130642242945,0.22266854814393056,80.11344371116273,101.81571572677701
20001_0310_2,13,69442471,timesfm,515,0.07442050171786682,0.2728012128233062,0.048700306383232826,99.87910510556068,100.71095144284618
20001_0310_2,14,45833896,timesfm,515,0.3128085177523857,0.5592928729676302,0.20705635726581262,89.7656718079771,99.99999974682834
20001_0310_2,15,45833480,timesfm,515,0.02304020545947415,0.15179000447814128,0.035538248757271275,99.68682406556442,102.47590756384186
20001_0310_2,16,88229435,timesfm,516,0.42059955662304443,0.6485364728548768,0.4280652299216007,62.235756934695885,96.58830206819138
20001_0310_2,17,59156287,timesfm,518,0.12465550302148834,0.35306586215816493,0.11143811825775071,97.69242544006903,102.87711126949641
20001_0310_2,18,44784093,timesfm,518,0.18549395344706957,0.43069008979435497,0.11999242800806902,92.4074072768456,101.59159568146639
20001_0310_2,19,45834150,timesfm,516,0.23753674029742738,0.48737741053256395,0.21111323675836266,95.30540204723161,103.74169954400261
20001_0310_2,20,45834147,timesfm,517,0.6222080060210563,0.7888016265329683,0.38922456823355117,74.62243042085163,99.37467814848162
20001_0310_2,21,45834145,timesfm,516,1.0267371514979902,1.013280391351767,0.559909549985201,65.0136616193138,80.41681388613912
20001_0310_2,22,45834142,timesfm,519,5.416516322084291,2.327341041206529,1.4438928356214327,59.622774892479015,63.15818754724203
20001_0310_2,23,44784226,timesfm,517,0.8092307113947997,0.8995725159178662,0.5543259005324856,52.52185015511348,82.04206973407776
20001_0310_2,24,45833472,timesfm,516,0.3461262434432212,0.5883249471535447,0.35866385479965046,66.76472929530509,94.70867323094127
20001_0310_2,25,47565733,timesfm,516,1.2128184006984495,1.1012803460965104,0.695917896065454,51.774541296647655,77.862155646061
20001_0310_2,26,44784088,timesfm,517,0.1850786085350489,0.43020763421288666,0.13127642300987444,99.54066251117214,101.1846316601332
20001_0310_2,27,44784097,timesfm,517,0.477629438591903,0.6911074001860369,0.41386004524343895,76.14006132439745,99.92717364129003
20001_0310_2,28,45833802,timesfm,516,1.470678024742242,1.212715145754452,0.7845976348788792,48.760344351390366,65.84135171349493
20001_0310_2,29,45833324,timesfm,515,0.7572494914981414,0.8702008340022097,0.5543379423133702,61.60545357571827,88.97703689428258
20001_0310_2,30,44784089,timesfm,511,1.9185794127496336,1.3851279409316792,0.9740978687323759,60.31870845584106,61.706983811729884
20001_0310_2,31,45833505,timesfm,510,1.7383612367478651,1.318469277893067,0.8436878589209351,54.24580859511434,67.28177309501287
20001_0310_2,32,44165028,timesfm,514,1.8944804945511733,1.3764012839834077,0.956970538938714,55.92375541889781,63.09091149617873
20001_0310_2,33,44783562,timesfm,515,9.573004938934497,3.0940273009355455,2.0410929600883656,76.00433163930748,60.77374734761107
20001_0310_2,34,44783564,timesfm,515,1.68397071194432,1.2976789710650012,0.9383287729192247,57.921756868361264,61.60775675265756
20001_0310_2,35,48480954,timesfm,514,1.850771046949585,1.360430463842083,0.9485717069008597,51.33596532039578,60.9674728562655
20001_0310_2,36,128264371,timesfm,517,1.6931299094216306,1.3012032544616658,0.8807573368224839,55.7626013428643,68.73555686582071
20001_0310_2,37,44783263,timesfm,520,3.747701954805265,1.9358982294545508,1.3331953222500172,63.410337103810555,60.16559299321644
20001_0310_2,38,44784244,timesfm,520,0.38083790381881827,0.6171206558030757,0.35454005892568047,74.36872809414389,102.39883769479097
20001_0310_2,39,46021755,timesfm,520,0.9491768638504351,0.9742570830383709,0.4528732382338118,67.31169031741453,100.51513292972957
20001_0310_2,40,43768282,timesfm,519,34.303104658456526,5.856885235213042,2.903062681734004,72.74439659672296,73.08296645204241
20001_0310_2,41,43768244,timesfm,522,2.684016132031764,1.638296716724954,1.1161667740008834,57.26526336115736,63.957297609914896
20001_0310_2,42,47567660,timesfm,525,0.43554367825129386,0.6599573306292565,0.31166113966316245,95.9387813800282,101.60718930568476
20001_0310_2,43,45834545,timesfm,524,0.09130941525182712,0.30217447816092463,0.07525318162562414,99.75140537239567,101.52682741819473
20001_0310_2,44,45833010,timesfm,523,0.12558969075681647,0.3543863580286584,0.08009764736487646,99.83626525744307,101.41929373273175
20001_0310_2,45,45833196,timesfm,521,3.3497377348688815,1.830228874995934,1.192268984859947,60.234477338181904,58.98670226436702
20001_0310_2,46,44784021,timesfm,522,0.7419210159484897,0.861348370839865,0.5043090236341385,63.03318542951142,94.37060325878977
20001_0310_2,47,175084352,timesfm,521,0.10766145483554444,0.3281180501519909,0.10755510276238751,99.63504256915833,101.72282484740683
20001_0310_2,48,44782766,timesfm,521,0.46243067947341215,0.6800225580621662,0.26794455177534354,94.04195141208127,104.17062647768887
20001_0310_2,49,45833206,timesfm,520,0.7873180056148179,0.8873094193204634,0.5728076999485994,53.67118080592477,79.44706972737241
20001_0310_2,50,44782771,timesfm,520,1.4187108495458618,1.1910964904430967,0.7377192521672491,57.30139545271484,84.37741701269418
20001_0310_2,51,47567876,timesfm,520,0.454217971878919,0.6739569510576465,0.34948264912996807,85.4062174085733,102.04664570877749
20001_0310_2,52,44782763,timesfm,520,0.9232725634139902,0.9608707318958103,0.5968367569857437,58.97411536384525,95.7346007965633
20001_0310_2,53,45833902,timesfm,520,0.47698551335192435,0.6906413782506261,0.33840653061975073,95.12367236282117,102.62007918927563
20001_0310_2,54,45834138,timesfm,519,4.789250060020181,2.1884355279560284,1.4564195264494622,62.20177401837736,58.622637575158635
20001_0310_2,55,44783733,timesfm,518,2.937398149943386,1.71388393712742,1.1253120758150403,58.9460685026131,62.65697574338874
20001_0310_2,56,45833776,timesfm,516,2.230815081725766,1.4935913369211025,0.992264595636978,57.9940967134267,82.98635006566035
20001_0310_2,57,46021712,timesfm,516,0.1671453134517503,0.4088340903737729,0.13537501491169782,99.12237726074876,101.39180819484027
20001_0310_2,58,44783729,timesfm,512,3.018585360192535,1.7374076551553856,1.201946672348773,63.30793151072518,65.52974463614011
20001_0310_2,59,45833779,timesfm,512,2.854362305880343,1.6894858110917483,1.2072838715058178,57.49521264602136,60.3355425162776
20001_0310_2,60,45833067,timesfm,512,2.4270952329846907,1.5579137437562744,1.124446210414317,61.29770793444129,68.64079922329665
20001_0310_2,61,45833997,timesfm,510,3.563648144917107,1.8877627353343711,1.4313518869168211,64.69117429211914,61.74509338837456
20001_0310_2,62,45833069,timesfm,511,1.9184511655954977,1.3850816458229087,0.8863594377613642,52.650071347954196,68.00714696708957
20001_0310_2,63,45833070,timesfm,511,1.3414961742108489,1.1582297588176746,0.688207685965638,51.01951142669115,84.42466118627837
20001_0310_2,64,44734507,timesfm,511,1.4201300125846665,1.191692079601382,0.6944801071560776,53.985906809186226,87.2910973832624
20001_0310_2,65,44734505,timesfm,510,0.4839967697420249,0.6956987636484809,0.30678807260101787,96.1347215128272,102.53519526787431
20001_0310_2,66,98439035,timesfm,508,0.4427776657639397,0.6654154084208899,0.34971183899909297,86.41031569197257,109.68285720241668
20001_0310_2,67,45833073,timesfm,508,0.3065588946485405,0.5536776089463439,0.21003675552180723,98.1674144879123,102.12405554715282
20001_0310_2,68,44734500,timesfm,506,2.1305159881039843,1.4596287158397454,0.8178423843123157,55.592284513192645,82.39467029138457
20001_0310_2,69,45833075,timesfm,504,0.058169641683295796,0.24118383379342778,0.05071622451509515,99.84185662066596,101.73518763475506
20001_0310_2,70,45833076,timesfm,503,0.5917032998786554,0.76922252949238,0.3630086819514065,79.31804863497423,98.28552101559188
20001_0310_2,71,46021833,timesfm,501,0.5372209470509524,0.7329535776916246,0.36461737572890324,78.99883175936948,98.7045561766584
20001_0310_2,72,45833325,timesfm,497,0.39881788507770005,0.6315202966474633,0.29397563225748097,81.30181341754896,98.68155679139392
20001_0310_2,73,45833102,timesfm,498,0.31116359581696523,0.5578203974550996,0.2255568317202022,95.88000421740976,102.2936819633522
20001_0310_2,74,44733701,timesfm,495,1.544937936757407,1.242955323717392,0.7433509185218207,52.74884878604769,74.42131372801964
20001_0310_2,75,45834425,timesfm,498,0.4990975493597829,0.7064683640190712,0.32710933809816145,82.44028059668065,102.19058645796576
20001_0310_2,76,45834426,timesfm,498,5.553694809035503,2.3566278469532485,1.3293734089523261,57.448689814304856,59.874778622628796
20002_1320_1,1,45833306,timesfm,579,0.0,0.0,0.0,,
20002_1320_1,2,45833307,timesfm,579,0.008104811098360287,0.09002672435649477,0.01293244489545239,99.94657856841988,102.07301867060853
20002_1320_1,3,45833308,timesfm,566,0.2463469049060078,0.4963334614007077,0.30748891958116076,61.229877606854544,87.34013811970517
20002_1320_1,4,46021777,timesfm,567,0.19979206351468679,0.4469810549840863,0.2510483599126758,74.20664199347358,100.16077171399165
20002_1320_1,5,44784235,timesfm,567,0.11291047160258443,0.3360215344328164,0.12923952419091175,98.87715967444295,101.65507137742635
20002_1320_1,6,44784083,timesfm,567,0.3380367792290493,0.5814093043880957,0.3561126094276044,49.38635089759651,83.85023584206115
20002_1320_1,7,48480946,timesfm,566,0.17207972683876324,0.4148249351699621,0.16890676550678768,96.76106936106287,102.19190765697456
20002_1320_1,8,46022221,timesfm,566,0.5571335052617559,0.7464137627762204,0.49309920941120805,56.10596976827027,72.63403485731905
20002_1320_1,9,44164929,timesfm,565,0.35598273694946353,0.5966428889624542,0.3198800108422597,76.3250366068282,94.56624548445224
20002_1320_1,10,45833475,timesfm,567,0.6010424643334726,0.7752692850445403,0.5141745926805564,55.40549612109733,72.38749556328655
20002_1320_1,11,44784316,timesfm,568,0.13073914172977458,0.3615786798606557,0.2174507057991726,75.93319535236013,102.83152832301607
20002_1320_1,12,45834139,timesfm,568,0.1988466742147563,0.44592227373697796,0.1768579049030656,89.11944733548044,100.25175644421563
20002_1320_1,13,45833214,timesfm,568,0.7031883779177979,0.8385632819995148,0.5864649528251975,51.7901900895081,54.81511234551925
20002_1320_1,14,45833208,timesfm,568,0.20777129000182512,0.455819361152886,0.23745102820718314,71.5264452047035,93.39993352152965
20002_1320_1,15,44784469,timesfm,568,0.04208205825607279,0.2051391192729285,0.07045316624401846,81.10947554305146,99.08345275546911
20002_1320_1,16,45834755,timesfm,568,0.035341061529665665,0.18799218475688204,0.06950904843293008,90.07557719265728,101.6390882393488
20002_1320_1,17,192365034,timesfm,568,0.015102528221730489,0.12289234403220767,0.029617981607113625,99.78119366437876,101.77835152376029
20002_1320_1,18,43968713,timesfm,568,0.5472866838964138,0.7397882696396407,0.5294958385693549,46.80790127058512,53.37869825078189
20002_1320_1,19,44782577,timesfm,568,0.6211899082955017,0.7881560177372889,0.5204233556210534,48.17630724872829,51.02838470738072
20002_1320_1,20,44782576,timesfm,569,0.11786044015430208,0.34330808343862523,0.16390608539402055,86.20286684112092,101.02906490429287
20002_1320_1,21,47568009,timesfm,568,0.9284782823438572,0.9635757792430532,0.6408529247592122,51.28076366867089,53.50695840488107
20002_1320_1,22,68455378,timesfm,568,40.164240419906626,6.337526364434836,2.731850240991771,75.0798246984397,82.54522405998154
20002_1320_1,23,43968706,timesfm,568,0.3152848500663695,0.5615023152813972,0.3811169038483718,50.261504221732025,83.18702732793032
20002_1320_1,24,258781031,timesfm,568,4.785324733880312,2.187538510262234,1.382461878898198,40.713981094566094,33.24505852014929
20002_1320_1,25,43968750,timesfm,570,1.0777016901445697,1.0381241207796732,0.49654302265417843,77.62529321082394,93.88756907284323
20002_1320_1,26,43768239,timesfm,569,0.6250369971023386,0.7905928137178699,0.5693273641391257,45.844238139696365,51.9035927347705
20002_1320_1,27,45833179,timesfm,564,0.8272299767630599,0.9095218396295165,0.4913452363785951,55.914688879676014,72.86938718255833
20002_1320_1,28,210060582,timesfm,563,3.0524435352150494,1.7471243616912475,1.0739673478046747,50.78304459977018,52.95836435804501
20002_1320_1,29,236528712,timesfm,563,0.5189947899109736,0.7204129301386626,0.4829647490129555,54.15314285836368,66.7594223196316
20002_1320_1,30,44165280,timesfm,563,0.27113633330757897,0.5207075314488729,0.363955873903989,52.281580613738456,71.83424585824768
20002_1320_1,31,44165281,timesfm,563,0.23570181540416688,0.48549131341782714,0.37195945424092275,47.361245796168845,81.78688231236151
20002_1320_1,32,45833381,timesfm,564,3.2928641165602763,1.8146250622539843,1.2536321630219316,45.96822817763776,38.63322361888016
20002_1320_1,33,45833382,timesfm,564,0.4019800859706354,0.6340189949604312,0.4518378569569516,47.462467529617285,59.58136440061611
20002_1320_1,34,45833383,timesfm,563,0.1874003331090578,0.43289760118191667,0.22508434683184955,79.99126072940551,92.17371797810095
20002_1320_1,35,47566649,timesfm,563,0.24698359765626213,0.4969744436651266,0.3359704693181225,54.66181926277589,83.8375452873002
20002_1320_1,36,45833385,timesfm,563,0.6850980519539456,0.827706501094407,0.5280964013957683,42.98486591999211,47.66412749166906
20002_1320_1,37,47568140,timesfm,562,0.8241043854717829,0.9078019527803313,0.6321588981674633,46.091699326148415,44.18011153493553
20002_1320_1,38,285966536,timesfm,562,0.18093997675687415,0.42537039948364314,0.2679572676570416,58.70185906391846,71.24825776551518
20002_1320_1,39,47568141,timesfm,562,0.8505823456342085,0.9222702129171301,0.6409181421406204,48.5417677198455,48.21589815399055
20002_1320_1,40,47565779,timesfm,562,8.069492796876702,2.8406852688878965,2.013588189960135,31.11785189160298,26.59496863975746
20002_1320_1,41,48843436,timesfm,565,2.7343592604455984,1.6535898102146125,1.1546682271531523,50.70579063729155,39.31380412380804
20002_1320_1,42,44783342,timesfm,564,1.6927800063763405,1.3010687938676957,0.7618072587403099,49.46518340819355,48.121206586482444
20002_1320_1,43,44783343,timesfm,563,1.2073767877946548,1.0988069838668915,0.7958454301861477,49.518619152157214,51.779213279202764
20002_1320_1,44,44783497,timesfm,563,1.1132409923468587,1.055102361075388,0.6977036455585016,51.66898204310474,55.012096010643006
20002_1320_1,45,44783496,timesfm,565,1.2923589282931898,1.1368196551314504,0.7474278347876459,51.148938513351794,48.46126223862221
20002_1320_1,46,44784627,timesfm,568,0.4362149349904633,0.660465695544033,0.3794616704152777,53.239026466234975,64.29525927700202
20002_1320_1,47,47566971,timesfm,569,0.6535672703125484,0.8084350748900918,0.5157771886037548,47.95607258651326,55.548364731548126
20002_1320_1,48,44784515,timesfm,569,0.09470866834340314,0.30774773491189683,0.144859940185003,87.3159147579313,100.0121849553437
20002_1320_1,49,48553964,timesfm,569,0.06307744447277029,0.25115223366072276,0.08206044939136735,98.53282344032401,101.58227995687348
20002_1320_1,50,44784520,timesfm,570,0.29262070035702464,0.5409442673298467,0.3816370183852559,52.79991149154634,72.26832900494456
20002_1320_1,51,44784518,timesfm,573,0.7445230251947235,0.8628574767565751,0.6369769526914574,49.488628073844495,51.88054037238828
20002_1320_1,52,44784505,timesfm,574,0.7401207099465166,0.8603026850745711,0.5747585111457909,51.112779771881456,55.79754061199858
20002_1320_1,53,48843419,timesfm,573,0.02521339606342554,0.1587872666917141,0.05011146294504827,99.72199640799504,101.48131338623881
20002_1320_1,54,44784517,timesfm,574,2.523127807251801,1.5884356478157373,1.1704230887428528,48.38625375340765,42.78432095670393
20002_1320_1,55,45833721,timesfm,574,0.12769333760204402,0.3573420456677943,0.21262146060632806,71.1977083780489,98.6241610294608
20002_1320_1,56,47567963,timesfm,574,1.5163614435253936,1.231406286944075,0.860383941109095,49.626335733499936,45.887906842093344
20002_1320_1,57,50308500,timesfm,574,0.02456545462320802,0.15673370608521967,0.032838849780452026,99.69860004341913,101.0897661645752
20002_1320_1,58,44783366,timesfm,576,3.0252076716076792,1.7393124134575937,1.2788823684039352,50.11714134185542,39.45550644757091
20002_1320_1,59,232142333,timesfm,578,33.9386090118468,5.825685282595241,3.8569534992519565,31.632516100405482,24.227592273669078
20002_1320_10,1,232142333,timesfm,579,0.0,0.0,0.0,,
20002_1320_10,2,56384924,timesfm,579,0.08522348690580382,0.2919306200209286,0.05176610075856004,95.51397420198415,103.12564694099893
20002_1320_10,3,56384168,timesfm,580,0.02314202534350713,0.1521250319425016,0.021905369662249142,99.51044634941871,108.16042994002521
20002_1320_10,4,57477874,timesfm,581,0.011143527181661167,0.10556290627706859,0.01705691117702609,99.518807815483,102.21540732865986
20002_1320_10,5,44783864,timesfm,582,0.00040250150128195734,0.02006244006301221,0.001861462329058495,99.90931223937135,101.41326120471312
20002_1320_10,6,47566170,timesfm,582,0.001133191764517131,0.033662913785308765,0.004762808435321141,99.97420521571266,102.82139001307593
20002_1320_10,7,47566143,timesfm,582,0.421909849517947,0.6495458794557526,0.33644940563821774,66.06690726446894,93.22988774731827
20002_1320_10,8,44783109,timesfm,582,0.05221743092729,0.22851133653998437,0.0820335280300344,93.78869777618569,101.39817242111549
20002_1320_10,9,44783108,timesfm,581,0.18115236927377495,0.4256199822303635,0.24825546118080738,56.0294748826835,85.13307621681659
20002_1320_10,10,44783077,timesfm,581,0.06053840538769054,0.24604553519153835,0.09403846407922226,97.4950606977125,103.22181500595326
20002_1320_10,11,44783078,timesfm,582,0.11427915806640056,0.3380520049732002,0.16953458821679437,67.70806379652359,93.29578557728932
20002_1320_10,12,44784529,timesfm,582,0.1256632562728357,0.35449013564954907,0.1994311594501677,61.33754598543337,86.88393540014506
20002_1320_10,13,44784533,timesfm,582,1.1999533511202944,1.0954238226003188,0.6093290956239343,52.88532527696588,49.47121868464661
20002_1320_10,14,44782593,timesfm,581,0.2481195424683732,0.49811599298594417,0.25667938966710224,65.11738861312709,85.09708619091487
20002_1320_10,15,43768233,timesfm,582,0.0793512986077783,0.28169362542978904,0.13999089894811648,67.52963778861108,90.12939291454141
20002_1320_10,16,45833402,timesfm,583,0.18959311082524066,0.43542291031276786,0.23256212206824936,66.94307594476741,86.99980541657838
20002_1320_10,17,43768235,timesfm,583,0.22725132834283826,0.47670885070747143,0.2851177191212398,57.37079564322484,67.6325159473717
20002_1320_10,18,43768236,timesfm,582,0.08796882626001956,0.29659539150165426,0.13912684422020363,76.81750505314295,94.09575149686043
20002_1320_10,19,45833174,timesfm,578,1.5288730834143085,1.2364760747439913,0.8192140759898473,58.250915664814826,51.04159286693968
20002_1320_10,20,260883656,timesfm,570,0.11964573683327734,0.34589844872921494,0.17813807342085672,89.73701129874372,103.67079787550688
20002_1320_10,21,236338183,timesfm,567,0.7171725613898103,0.8468604143480851,0.574001507441736,59.84052499137592,67.08672434270117
20002_1320_10,22,43768555,timesfm,566,10.01602206594639,3.164809957319142,2.326950099880238,45.54822073375927,35.775026815147456
20002_1320_10,23,43768238,timesfm,565,1.0945449551334858,1.0462050253814907,0.6977418668465465,54.40920403755973,53.51252632929647
20002_1320_10,24,43768307,timesfm,565,0.29356939971305124,0.5418204496999456,0.3277715674052373,58.62771611490808,71.71925978529018
20002_1320_10,25,44783764,timesfm,565,0.21133848364467886,0.45971565520947716,0.2783777110471568,60.90981844510564,79.74227702182102
20002_1320_10,26,43768660,timesfm,564,0.3526098524032782,0.5938096095578769,0.37825780202897746,51.111147852106775,78.79971505052748
20002_1320_10,27,44784353,timesfm,565,0.18625581419519951,0.4315736486339261,0.2256347919154742,80.02925975204485,102.17082973551528
20002_1320_10,28,190561930,timesfm,564,0.05024492232988894,0.22415379169197416,0.0777664075473495,98.75624588784423,102.11839942694694
20002_1320_10,29,43968715,timesfm,563,1.644152981994815,1.2822452893244782,0.796605107961476,55.78566630810895,46.92485269892019
20002_1320_10,30,101269104,timesfm,561,32.649673905141384,5.713989316155692,2.647332632211197,85.11746318919892,78.45689001136257
20002_1320_10,31,44782718,timesfm,561,0.7364795959185714,0.8581838939985831,0.5471456729769769,54.541060512483796,62.95031191743238
20002_1320_10,32,44783707,timesfm,561,0.18690363086365477,0.4323235256884071,0.19563909211620029,85.00993914962756,98.28616474351291
20002_1320_10,33,45833656,timesfm,560,0.062011487150748855,0.24902105764522978,0.07981240109785832,98.93646581241299,101.20457405755725
20002_1320_10,34,45834651,timesfm,559,1.8635167312602225,1.3651068570849032,0.6087980940190685,79.11756508329879,77.08643074441456
20002_1320_10,35,47565871,timesfm,560,2.0446410095395664,1.4299094410274962,1.0090640676379292,55.70797026901565,46.208490501197005
20002_1320_10,36,44784226,timesfm,556,1.261013195879135,1.1229484386556379,0.6759966154097187,62.65372180040145,73.24589736716132
20002_1320_10,37,45833472,timesfm,556,0.41360743482591866,0.6431231879087541,0.43441912958967843,52.08353058540559,74.35336518738606
20002_1320_10,38,45833801,timesfm,555,1.8138378456428672,1.3467879735291919,0.9505467267574532,62.893989647483274,51.27201735893409
20002_1320_10,39,44784088,timesfm,555,0.16341385146638812,0.404244791514236,0.21606274752280344,84.78825700491991,100.6678127700858
20002_1320_10,40,44784097,timesfm,556,0.6949876776605785,0.8336592095458302,0.6038727677930116,52.422475254008894,65.41343907047104
20002_1320_10,41,45833802,timesfm,558,1.7987228933780046,1.341164752511042,0.940332952821203,58.54153817117793,50.073065874756615
20002_1320_10,42,48480947,timesfm,560,1.4147735867678035,1.1894425529498276,0.8285942939353595,70.80393534002363,58.94661529880604
20002_1320_10,43,44784089,timesfm,560,3.580583931611182,1.89224309527375,1.2222051919803294,52.178045944895665,40.178468027481
20002_1320_10,44,45833505,timesfm,558,2.5498198470054407,1.5968155331801606,1.0639156655887376,52.18432693818544,44.80248699443347
20002_1320_10,45,44165028,timesfm,560,1.9179510217693654,1.3849010873594423,0.9780985582892333,54.74910413218231,44.359878150577195
20002_1320_10,46,84185949,timesfm,560,10.436849845935532,3.2306113733990864,2.134729359117495,44.49259977633453,34.23125063689866
20002_1320_10,47,45833327,timesfm,559,0.7758092727683605,0.8808003592008581,0.5909333004713441,56.25995105144016,62.13459205108235
20002_1320_10,48,45833328,timesfm,558,0.05119876404079227,0.22627143885340958,0.08133063532671551,99.15544159517759,101.15031523758921
20002_1320_10,49,45833306,timesfm,558,4.935443549466822,2.2215858186139967,1.4569038702702437,52.55586005907092,36.868989258547316
20002_1367_5,1,45833306,timesfm,547,0.0,0.0,0.0,,
20002_1367_5,2,45833307,timesfm,532,0.04915300772884063,0.22170477606231362,0.030557534124682775,99.94177701162346,101.48605249218745
20002_1367_5,3,45833308,timesfm,528,0.8462087539780698,0.9198960560726792,0.5415401329592721,73.61187298173814,103.54964381971222
20002_1367_5,4,44783564,timesfm,526,0.43842164049456356,0.6621341559643057,0.27781258392913794,96.16573131359888,102.69984391628756
20002_1367_5,5,48480954,timesfm,521,0.49501406428091116,0.7035723589517365,0.3420732001765373,88.66082422686866,101.79327394052129
20002_1367_5,6,128264371,timesfm,522,0.8622340127248886,0.9285655672729248,0.48916086517907753,83.01564287195906,102.67661011236235
20002_1367_5,7,44783263,timesfm,522,2.0146935032104665,1.4193989936626228,0.792282359982635,56.628024760939155,88.70974323896729
20002_1367_5,8,44784244,timesfm,523,0.2451053173119201,0.4950811219506558,0.19130676531160476,96.27652809559544,102.70686347222274
20002_1367_5,9,46021755,timesfm,522,0.8096587924783808,0.8998104202988432,0.38220957149442236,73.68524553412303,95.44377779762412
20002_1367_5,10,43768282,timesfm,524,1.6792228169684185,1.2958483001371799,0.8302594857538028,56.98978520215343,78.93160693012732
20002_1367_5,11,43768244,timesfm,526,1.8185059512046715,1.3485199113119062,0.8273872715611063,52.022938905497085,80.49986506916125
20002_1367_5,12,47567660,timesfm,530,0.35753095446535527,0.5979389220190933,0.24361347234178238,97.86877517233596,102.09615431199452
20002_1367_5,13,45834545,timesfm,529,0.04476307433552472,0.2115728582203415,0.055642643719822804,99.86575092352732,102.07107271778455
20002_1367_5,14,45833010,timesfm,528,3.56570569925058,1.8883076283409386,1.2718041411535157,51.39340110862815,55.694675239574956
20002_1367_5,15,43768719,timesfm,530,0.29639083689345835,0.5444178881093625,0.2045777499646464,99.11982933679364,101.44617393680346
20002_1367_5,16,49417952,timesfm,531,0.4492208169901392,0.6702393729035465,0.34671108998935285,78.94799562780123,96.84435610023226
20002_1367_5,17,44165200,timesfm,531,0.058664257217138846,0.2422070544330591,0.06131565249110651,99.79950942875438,101.69627401908524
20002_1367_5,18,43968736,timesfm,533,1.2987569169981457,1.139630166763826,0.6749845082679993,65.65492499249376,91.32081865288144
20002_1367_5,19,45833011,timesfm,534,0.3027294857339754,0.5502085838425055,0.22407656764543585,98.13262601919782,101.60272270859221
20002_1367_5,20,43768239,timesfm,533,1.8973533057628653,1.3774444837316913,0.9369936455757573,47.53622867373203,61.72012505830203
20002_1367_5,21,43768294,timesfm,532,1.4550449856380614,1.2062524551842626,0.8479905610035797,51.123286034308,69.56000048726662
20002_1367_5,22,45833763,timesfm,530,0.3620686010367166,0.6017213649495227,0.2975430350569106,88.2277704558748,102.52784107320643
20002_1367_5,23,43768316,timesfm,531,0.46864159800093613,0.6845740266771273,0.3984404585621807,77.80046603045948,100.18600981585111
20002_1367_5,24,44783008,timesfm,532,2.2289461701009494,1.4929655622622209,0.9854268542815346,54.89706922385,78.41625723040526
20002_1367_5,25,43768558,timesfm,533,0.17169139492070956,0.414356603568363,0.1461121554073212,99.36883343573875,102.15863957706846
20002_1367_5,26,43768268,timesfm,534,18.4650519922346,4.297098089668724,1.8544539344248785,70.25009691895899,86.47441158113321
20002_1367_5,27,43768293,timesfm,535,0.8750111211315705,0.935420291169467,0.5822816143946786,63.663120082245264,91.49654566979976
20002_1367_5,28,44782751,timesfm,536,0.8702152663943047,0.93285329307148,0.5512207593182126,58.63631820905999,81.14535345708698
20002_1367_5,29,45833164,timesfm,536,0.16886516717302016,0.4109320712392988,0.1491440554541554,98.23687838847658,102.11911227361956
20002_1367_5,30,43768311,timesfm,537,1.0667283872679285,1.0328254389140155,0.6051714295304013,51.57676571296883,60.21535892868414
20002_1367_5,31,45834489,timesfm,539,0.4136682479346506,0.6431704656890354,0.3011817791641459,81.15099006810033,99.48544081502264
20002_1367_5,32,44783769,timesfm,540,0.43322812645595515,0.6582006733937266,0.38479792427035897,67.88008432504904,88.02707307077964
20002_1367_5,33,47568122,timesfm,542,26.075836382186207,5.106450468004777,2.986229468512762,60.22202056033783,31.246969067608532
20056_1346_1,1,44042532,timesfm,640,0.0,0.0,0.0,,
20056_1346_1,2,44782893,timesfm,639,0.08173525550605577,0.28589378360862583,0.07450291547971111,99.63188691684695,101.9864198607652
20056_1346_1,3,45834753,timesfm,637,0.3385446434274084,0.5818458931945885,0.34431842954615643,59.73999990759518,92.36200995451847
20056_1346_1,4,44783344,timesfm,636,0.8801147147909716,0.9381442931612235,0.6082010780029338,59.83120763467128,77.39015234711417
20056_1346_1,5,45833160,timesfm,635,0.651216340511574,0.8069797646233603,0.5086040583715413,49.28451030853063,72.49660602678664
20056_1346_1,6,46021842,timesfm,634,2.0515000247488944,1.432305841902802,0.9514729310677875,55.278614422121045,49.65506593651906
20056_1346_1,7,45833450,timesfm,632,1.3976139690654545,1.1822072445495564,0.7628798563614414,58.082171169909834,55.60247295614178
20056_1346_1,8,44782998,timesfm,629,0.628517223855324,0.7927907818935107,0.5495971698990862,55.39698564910266,60.565401938742184
20056_1346_1,9,45833230,timesfm,630,2.349259340594471,1.5327293761765222,1.0212091055910297,63.212388911766006,47.737678115688574
20056_1346_1,10,46022152,timesfm,630,1.0727925276387449,1.0357569829060989,0.7179392151269122,54.26700171510315,53.61313443594757
20056_1346_1,11,47566107,timesfm,630,0.39259050658052497,0.6265704322584373,0.42942376434333246,48.987486041408715,75.0233036140815
20056_1346_1,12,45833942,timesfm,630,0.35764813426325776,0.598036900419412,0.40195390528435637,52.160017543706104,77.39950702846606
20056_1346_1,13,45833647,timesfm,630,0.608914234721801,0.7803295680171302,0.5413635199502511,51.73136597301594,60.32316348156898
20056_1346_1,14,47566106,timesfm,629,0.279593181417586,0.5287657150549627,0.3436950951720807,57.63403074099048,87.90032168604498
20056_1346_1,15,45833923,timesfm,629,4.07322454600226,2.018223116011275,1.3793756734164186,53.70139502130877,37.83691856347813
20056_1346_1,16,44782337,timesfm,630,4.20368142624029,2.0502881324926725,1.4432325068563523,54.96254062028741,37.1276521848791
20056_1346_1,17,44784470,timesfm,630,1.6875601621614729,1.299061261897018,0.9195703450277257,60.45670531114372,50.97025890017808
20056_1346_1,18,200498925,timesfm,630,0.09717246667948048,0.31172498565158435,0.17021031450670462,87.80384001858181,103.0633712788094
20056_1346_1,19,44784471,timesfm,630,0.5845506996377287,0.7645591537858458,0.5276997622226958,54.07465269949328,61.050377085314466
20056_1346_1,20,44784483,timesfm,630,0.20686220890939205,0.45482107351066314,0.3251436052255557,49.12623497323692,82.22437458742073
20056_1346_1,21,46022126,timesfm,630,0.20677453576301918,0.4547246812776047,0.29441574349071625,56.96253873254863,85.2620640225771
20056_1346_1,22,44783450,timesfm,630,0.26411670503459117,0.5139228590309942,0.28245260930133004,63.21269006086925,79.13436985010188
20056_1346_1,23,46021858,timesfm,629,0.10500098501713741,0.32403855483126914,0.12095045216637103,89.1966984765101,102.17071719467417
20056_1346_1,24,46021859,timesfm,629,0.05639926648342657,0.23748529740475846,0.09402164345409937,93.3955771397892,103.30962526709398
20056_1346_1,25,44784482,timesfm,627,0.13897478249702758,0.37279321680662,0.21583550079461006,64.1337831066643,85.65517967563027
20056_1346_1,26,45833658,timesfm,626,0.06770896501816485,0.26020946373674586,0.10935298046447751,83.39809212076045,100.87132246077198
20056_1346_1,27,45834651,timesfm,624,0.7833915321024534,0.8850940809328991,0.4049896838540101,78.78213021218566,89.10686168737229
20056_1346_1,28,47565871,timesfm,623,24.925887443425193,4.992583243514844,2.7200281520791245,68.71562429713593,57.980291464033904
20056_1346_1,29,45833309,timesfm,621,1.182023977590183,1.0872092611775266,0.5460752236939148,60.40064858329324,75.9492497526842
20056_1346_1,30,45833640,timesfm,622,0.2610149621188953,0.5108962341991721,0.2784751542165006,69.76689831701378,82.5593119822792
20056_1346_1,31,45833636,timesfm,623,0.07292725219142326,0.27005046230551666,0.07381923911779079,99.08529146752187,102.71775296017141
20056_1346_1,32,44165070,timesfm,625,0.13375813970791983,0.3657295991684565,0.17884340817486363,71.35949824768602,86.50926742881391
20056_1346_1,33,46021703,timesfm,626,0.7946488986433339,0.8914308153992287,0.40602205210648545,61.15232918350707,57.6165351582983
20056_1346_1,34,49419949,timesfm,626,0.10387160054719792,0.3222911735483892,0.13608870696469785,77.06738821053469,93.02221615473465
20056_1346_1,35,45834027,timesfm,626,0.2663247305065843,0.5160665950307036,0.25410606187290646,69.71156157201713,76.05442186507757
20056_1346_1,36,45833313,timesfm,626,2.200138716038925,1.483286457849233,0.8269905957388484,49.876991434014215,42.52672528648452
20056_1346_1,37,48937185,timesfm,631,1.1529878730750605,1.0737727287815892,0.6841493734379896,55.297013756327495,48.32892696405823
20056_1346_1,38,44165074,timesfm,631,0.011622670801414272,0.10780849132333813,0.028084090062149392,98.82167512471823,102.96476250326474
20056_1346_1,39,47568297,timesfm,631,1.164194608148883,1.0789785021717917,0.5069729883330111,61.89168165637997,55.94514194840969
20056_1346_1,40,44783345,timesfm,631,0.3815055605689286,0.617661363992381,0.31949562462281206,58.382214252264376,63.77310420852288
20056_1346_1,41,44783341,timesfm,633,0.2174059297418005,0.46626808784410767,0.23327706781175422,69.50601369294876,86.26498350766853
20056_1346_1,42,45833704,timesfm,633,0.1866271513365185,0.43200364736483243,0.2561634382159249,64.87140513537535,85.174570479342
20056_1346_1,43,45832857,timesfm,633,0.00819598301509122,0.09053166857564937,0.019868514655512134,99.89016368457462,101.11517912291328
20056_1346_1,44,47567953,timesfm,634,0.8263193025390644,0.9090210682591819,0.6175629795651735,55.249329819217905,56.599884776998756
20056_1346_1,45,47568298,timesfm,634,0.21165926662986104,0.4600644157396451,0.3054306228881579,58.29716315040178,85.32676276135967
20056_1346_1,46,44783678,timesfm,636,0.48454428690565754,0.6960921540325372,0.4803444799044666,50.64829372704076,68.20064948671893
20056_1346_1,47,44783685,timesfm,636,1.1937382572303166,1.0925832953282402,0.7359317545165791,61.265844836530434,50.68449943048818
20056_1346_1,48,45832936,timesfm,637,0.7581762976145073,0.8707331954246992,0.5448997255663133,51.99162204551734,59.52025347174742
20056_1346_1,49,46021748,timesfm,640,0.02608007575009651,0.1614932684358593,0.04237864554081387,99.74308095904973,101.97180968563977
20056_1346_1,50,45833811,timesfm,640,5.773101348469966,2.4027278973013084,1.2690369849104577,67.76595878473003,68.24212799074056
20056_1346_1,51,45832937,timesfm,639,0.23424408479879014,0.4839876907513146,0.3102307831861612,57.646273122563144,86.46506852196208
20056_1346_1,52,45832938,timesfm,639,0.10479665182785912,0.32372310981432745,0.15083687312049765,90.33171507783386,102.45420407692538
20056_1346_1,53,45832939,timesfm,639,2.170332111082949,1.473204707799615,1.0240781639048075,64.28621558362698,48.667972868112514
20056_1346_2,1,45832939,timesfm,638,0.0,0.0,0.0,,
20056_1346_2,2,45833810,timesfm,638,0.013792869402080186,0.11744304748294036,0.022542455839971463,96.62995850743798,116.28769315798945
20056_1346_2,3,46021749,timesfm,641,0.009205784290336286,0.0959467784260435,0.01757300081562369,99.82195674332783,101.52206475704479
20056_1346_2,4,45833812,timesfm,642,0.009893274378973516,0.09946494045126411,0.022503466306715247,99.78775228832265,101.50624951915805
20056_1346_2,5,45833813,timesfm,642,0.023286339945430473,0.15259862366820506,0.044228604272629014,99.7882093781362,101.03517254194105
20056_1346_2,6,46021751,timesfm,643,0.023963699087710493,0.15480212882163635,0.04306237520022718,99.62608948159468,101.76802395457831
20056_1346_2,7,44784150,timesfm,644,0.06155910764511557,0.24811107924700898,0.07711654258910156,91.92467653507279,104.6186492419199
20056_1346_2,8,44784142,timesfm,644,0.007958046007372255,0.0892078808591049,0.018878737522654964,99.80972557492589,101.79560752254793
20056_1346_2,9,45833049,timesfm,644,0.07753645847944425,0.2784536918043003,0.13369098562902654,90.8625307311412,101.1413144824196
20056_1346_2,10,45833050,timesfm,644,0.03348265556189664,0.18298266464858534,0.04276674575679332,99.60210094123208,101.28798608655939
20056_1346_2,11,45833051,timesfm,644,0.026219692708229107,0.16192496011495297,0.03368169613139909,99.65362400487042,101.66688133815191
20056_1346_2,12,45833052,timesfm,644,0.05413658841626601,0.23267270664232625,0.08956685708396164,94.43199110784603,103.52311590792836
20056_1346_2,13,45833053,timesfm,644,0.026355856383425556,0.16234486866983372,0.05448547173462056,97.81795059189268,101.89235126872858
20056_1346_2,14,45834032,timesfm,644,0.09388509208154583,0.30640674287871966,0.1579328326072552,76.44685046917418,100.14833764626867
20056_1346_2,15,49337800,timesfm,644,0.05384149126209248,0.23203769362345522,0.07536413536127558,96.19548686919698,101.7685413624591
20056_1346_2,16,49337801,timesfm,643,0.00705019321506137,0.08396542868979691,0.01922378000082595,99.92468943833478,101.30345687950822
20056_1346_2,17,45834033,timesfm,643,0.06188868918782805,0.2487743740577555,0.09185562634180812,83.31576082745474,87.4029318843813
20056_1346_2,18,44782463,timesfm,643,0.06043804020852304,0.24584149407397246,0.08954387904146682,93.7141454724211,103.06475333351082
20056_1346_2,19,44782473,timesfm,643,0.014964654392661595,0.12233010419623452,0.027673514587997213,99.77427994955154,101.82563193493151
20056_1346_2,20,45833816,timesfm,644,0.4841328011299798,0.6957965227923892,0.4171694158759861,57.59027055625439,71.46046677343685
20056_1346_2,21,44783452,timesfm,641,15.407593358901476,3.9252507383479944,1.9096155521957532,94.89074264876342,74.00695862523263
20056_1346_2,22,45833287,timesfm,641,0.14167754838752583,0.376400781597921,0.1960146493181973,79.4124576067483,99.47165528313957
20056_1346_2,23,44783446,timesfm,641,0.2127032235430863,0.4611975970699395,0.25631382617664583,61.68052659277669,91.78356472953725
20056_1346_2,24,44782336,timesfm,641,0.18030526469676872,0.42462367420666586,0.230699692615211,65.02097569131587,98.18446826575713
20056_1346_2,25,44784472,timesfm,641,0.32691444770002337,0.5717643288104142,0.3754884021590125,56.46337739877233,76.99065432188394
20056_1346_2,26,44784473,timesfm,641,0.42975896872102815,0.6555600420411758,0.4516604174270001,59.939118470285194,72.21282930096375
20056_1346_2,27,200498924,timesfm,642,0.13345076929496708,0.36530914209059573,0.21776385684876728,67.25590909691147,90.2075687608876
20056_1346_2,28,200498926,timesfm,642,1.0819338833483414,1.0401605084545085,0.6940231657891739,64.39833922426716,58.87118552600025
20056_1346_2,29,44784484,timesfm,641,0.19353310263694903,0.43992397370108055,0.2415988761935315,65.71558672779678,95.46951286934993
20056_1346_2,30,44784622,timesfm,641,1.6874210705029111,1.2990077253438146,0.8577056054806474,54.96433352756057,48.546308733913065
20056_1346_2,31,45834604,timesfm,640,1.931639594680081,1.3898343767082757,0.9132751008032581,65.86509467772717,49.13889806823374
20056_1346_2,32,45833925,timesfm,639,0.3894088240800972,0.6240263007919595,0.4119469782901644,55.223715972325806,71.68530740520734
20056_1346_2,33,44783287,timesfm,639,0.03148449185271679,0.17743869885883629,0.06493189785265104,98.2970499321885,102.33903009681879
20056_1346_2,34,45833927,timesfm,639,3.19430891205942,1.7872629666782165,0.8962019282842463,74.34112423303941,65.16514549732456
20056_1346_2,35,45833928,timesfm,637,0.00713090748612191,0.08444470075808137,0.020912158230837193,99.64595549395145,103.06566891739845
20056_1346_2,36,45833929,timesfm,636,0.16440582920609964,0.40546988692885644,0.24773066396584967,59.438608773460274,84.98152202001977
20056_1346_2,37,46022152,timesfm,636,0.5678569615562753,0.7535628451272497,0.47769387666147034,53.78529778653599,63.01210754509473
20056_1346_2,38,46022172,timesfm,634,0.47977496734267644,0.6926579006570822,0.43327562676365516,54.85181794975359,71.01047352158115
20056_1346_2,39,44782659,timesfm,633,0.1429350012358181,0.3780674559332211,0.21057663702581061,70.79398165040594,97.84118666966506
20056_1346_2,40,44782658,timesfm,633,0.45182546416414077,0.6721796368264519,0.41934573310891055,57.027072099384355,66.00187855354285
20056_1346_2,41,46906977,timesfm,630,0.2466531982396402,0.49664192154875547,0.3135501643516847,53.94415462749005,77.24360884012111
20056_1346_2,42,45833161,timesfm,628,0.27474234545018195,0.5241587025416844,0.336902620234416,53.98900965101531,77.27856027567155
20056_1346_2,43,45833285,timesfm,626,0.7377130228820344,0.8589022196280752,0.5460189571646688,66.63605872875748,75.60328569059642
20056_1346_2,44,46907107,timesfm,624,0.22068245645570997,0.46976851369127537,0.2675767904354277,65.56767145548915,98.17419006045043
20056_1346_2,45,45833817,timesfm,624,0.10090512224910975,0.3176556661687459,0.15079105937733334,95.29984657584461,101.47922940080716
20056_1346_2,46,46022142,timesfm,624,0.2137319869186087,0.4623115690944892,0.2632810241929256,57.806619491636035,84.37625992900045
20056_1346_2,47,44042532,timesfm,623,43.64132546900391,6.606158147441212,4.330749502252076,37.77024096989074,30.404033978388455
